hire_id,provider_id,label,judged,bm25_score,bm25_rank,dense_cosine,dense_rank,rrf_score,rrf_rank,budget_fit,seniority_fit,avail_immediacy
1,4,3,1,103.312575,1,0.78418,1,0.03278689,1,1.0,1.0,0.2
1,1,2,1,74.819967,2,0.657715,3,0.03200205,2,0.0,0.0,0.5
1,11,1,1,47.26981,5,0.679688,2,0.03151365,3,0.6429,0.5,1.0
1,2,2,1,73.810525,3,0.61084,5,0.03125763,4,0.6429,0.5,0.6
1,88,0,1,44.352839,6,0.620117,4,0.03077652,5,0.8571,1.0,0.2
1,12,0,1,40.337444,7,0.592773,10,0.02921109,6,1.0,1.0,0.5
1,82,0,1,25.796976,12,0.600098,8,0.02859477,7,0.9286,0.5,0.2
1,3,2,1,72.693918,4,0.580078,22,0.02782012,8,0.2857,0.5,0.5
1,22,0,1,28.160294,11,0.584473,16,0.0272424,9,0.7857,0.5,0.2
1,18,0,1,30.291268,9,0.58252,20,0.02699275,10,0.5714,0.5,0.5
1,34,0,1,38.102906,8,0.57666,24,0.02661064,11,0.0,0.5,0.2
1,17,,0,16.039951,24,0.586914,11,0.02598927,12,0.2857,0.0,1.0
1,35,0,1,13.370919,35,0.594727,9,0.02501907,13,0.2143,0.5,1.0
1,6,,0,14.400255,30,0.585938,14,0.02462462,14,0.8571,0.5,0.5
1,50,,0,15.992951,25,0.583008,18,0.02458522,15,1.0,0.5,0.6
1,5,0,1,15.664349,27,0.58252,19,0.02415248,16,0.1429,0.0,1.0
1,20,,0,16.887277,21,0.572754,25,0.02411038,17,1.0,1.0,0.6
1,90,,0,12.329336,38,0.586914,12,0.02409297,18,0.7857,0.5,0.5
1,87,0,1,16.520855,23,0.570801,29,0.02328415,19,1.0,0.5,0.5
1,97,,0,19.651857,17,0.551758,38,0.02319109,20,0.0,0.0,0.5
1,7,,0,9.433063,46,0.586426,13,0.02313259,21,0.5,0.5,0.5
1,19,0,1,6.764037,62,0.600098,7,0.02312209,22,0.8571,0.5,0.5
1,25,,0,20.462696,15,0.541504,43,0.02304207,23,0.1429,0.0,0.5
1,10,0,1,5.90831,74,0.602539,6,0.0226142,24,0.2143,0.5,0.2
1,27,0,1,19.514096,18,0.539551,44,0.0224359,25,0.9286,0.5,0.5
1,45,,0,12.678596,37,0.57959,23,0.02235747,26,0.0,0.0,0.5
1,63,0,1,29.565081,10,0.515137,65,0.02228571,27,0.7857,0.5,0.5
1,39,0,1,13.44838,34,0.572754,26,0.0222662,28,0.5,0.5,0.5
1,81,,0,10.06769,44,0.58252,21,0.02196106,29,0.5,0.0,0.5
1,67,,0,17.577226,20,0.537598,47,0.02184579,30,1.0,0.5,0.5
1,31,0,1,14.292916,31,0.557617,33,0.0217417,31,1.0,0.5,0.5
1,15,,0,7.361149,58,0.583984,17,0.02146159,32,0.7857,0.5,0.5
1,26,,0,16.784984,22,0.536621,48,0.02145438,33,0.6429,0.5,0.6
1,100,,0,20.29236,16,0.521973,61,0.02142236,34,1.0,1.0,0.2
1,8,,0,22.810469,13,0.505859,70,0.02139094,35,1.0,1.0,0.6
1,96,,0,22.411907,14,0.508301,69,0.02126545,36,1.0,1.0,0.5
1,49,,0,8.339047,49,0.55957,31,0.02016332,37,0.5714,0.0,0.5
1,30,,0,13.671573,32,0.536621,49,0.02004388,38,1.0,0.5,0.5
1,38,,0,15.222293,29,0.532227,55,0.01993161,39,0.2143,0.5,0.6
1,92,,0,8.115746,51,0.558594,32,0.01987857,40,1.0,1.0,0.6
1,33,,0,2.158382,95,0.585938,15,0.01978495,41,0.0,0.0,0.5
1,98,0,1,18.863894,19,0.480713,87,0.01946095,42,0.3571,0.5,0.6
1,29,,0,8.353847,48,0.549805,39,0.01936027,43,0.5,0.0,1.0
1,47,,0,6.395698,67,0.5625,30,0.01898513,44,0.7857,0.5,1.0
1,14,,0,7.922064,52,0.54834,40,0.01892857,45,1.0,0.5,0.6
1,40,0,1,6.871979,60,0.554199,36,0.01875,46,1.0,1.0,0.2
1,52,,0,5.220896,77,0.571289,28,0.01866291,47,1.0,1.0,0.2
1,51,,0,10.226245,43,0.532715,53,0.0185583,48,1.0,0.5,0.5
1,46,,0,4.318332,83,0.571777,27,0.01848726,49,0.5,0.5,0.2
1,9,,0,6.625903,63,0.553711,37,0.01843936,50,0.0,0.0,0.5
2,2,3,1,157.099169,1,0.742188,1,0.03278689,1,1.0,1.0,0.6
2,6,0,1,65.008795,2,0.643066,4,0.03175403,2,1.0,1.0,0.5
2,3,2,1,63.368918,3,0.645508,3,0.03174603,3,1.0,1.0,0.5
2,31,0,1,39.95353,7,0.641113,5,0.03030999,4,0.875,1.0,0.5
2,10,0,1,41.30196,6,0.633789,6,0.03030303,5,1.0,1.0,0.2
2,4,2,1,44.406439,5,0.59668,12,0.0292735,6,0.875,0.5,0.2
2,22,0,1,33.090024,15,0.605469,9,0.02782609,7,1.0,1.0,0.2
2,7,0,1,26.643029,26,0.650879,2,0.02775694,8,1.0,1.0,0.5
2,19,0,1,32.786084,16,0.601562,10,0.02744361,9,1.0,1.0,0.5
2,12,0,1,39.578607,8,0.588379,21,0.02705156,10,0.9375,0.5,0.5
2,18,0,1,29.481377,23,0.598633,11,0.0261327,11,1.0,1.0,0.5
2,11,0,1,45.095271,4,0.563477,40,0.025625,12,1.0,1.0,1.0
2,34,,0,30.214442,22,0.59375,15,0.02552846,13,1.0,1.0,0.2
2,25,0,1,36.513757,11,0.578125,29,0.02532046,14,1.0,0.5,0.5
2,1,3,1,36.855487,10,0.576172,32,0.02515528,15,1.0,0.5,0.5
2,32,0,1,20.041956,37,0.614746,8,0.02501516,16,0.375,0.5,0.6
2,24,0,1,38.724105,9,0.566895,38,0.02469684,17,0.5,0.5,0.5
2,28,,0,34.185987,14,0.571289,34,0.02415181,18,0.5,0.5,0.2
2,85,,0,30.986746,19,0.574707,33,0.02341092,19,0.8125,0.5,0.5
2,9,,0,27.06284,25,0.577637,30,0.02287582,20,1.0,0.5,0.5
2,82,,0,18.581552,43,0.59082,17,0.02269575,21,1.0,1.0,0.2
2,49,,0,21.112103,33,0.584961,26,0.0223806,22,1.0,0.5,0.5
2,30,,0,16.268657,49,0.592285,16,0.02233221,23,1.0,1.0,0.5
2,97,,0,27.370702,24,0.566895,39,0.02200577,24,0.875,0.5,0.5
2,5,,0,20.48974,36,0.583008,27,0.02191092,25,1.0,0.5,1.0
2,29,0,1,8.662245,86,0.625,7,0.02177469,26,1.0,0.5,1.0
2,78,,0,30.960874,20,0.544922,49,0.02167431,27,0.75,1.0,0.5
2,33,,0,12.132579,66,0.59668,13,0.02163514,28,0.5,0.5,0.5
2,58,0,1,31.488244,17,0.536133,57,0.02153402,29,1.0,1.0,0.2
2,27,,0,36.062639,12,0.512207,74,0.02135158,30,1.0,1.0,0.5
2,50,0,1,13.81353,57,0.590332,19,0.02120524,31,1.0,1.0,0.6
2,86,,0,30.393596,21,0.538574,53,0.02119524,32,0.4375,1.0,0.6
2,88,0,1,31.076384,18,0.527832,62,0.02101723,33,0.0,0.5,0.2
2,66,,0,15.381977,50,0.585449,25,0.02085561,34,1.0,1.0,0.5
2,81,0,1,12.813096,62,0.590332,20,0.02069672,35,1.0,0.5,0.5
2,64,,0,9.135588,84,0.595703,14,0.02045796,36,0.5625,0.5,0.2
2,8,,0,20.668097,35,0.552246,43,0.02023505,37,0.5625,0.5,0.6
2,20,,0,19.319864,41,0.568359,37,0.02021027,38,0.625,0.5,0.6
2,37,,0,12.072651,68,0.585938,22,0.02000762,39,0.75,0.5,0.5
2,16,,0,35.994195,13,0.47998,99,0.01998794,40,0.4375,0.5,0.2
2,47,,0,17.806386,48,0.570312,35,0.01978558,41,1.0,1.0,1.0
2,48,0,1,17.897505,47,0.569336,36,0.01976246,42,0.6875,0.5,0.5
2,46,,0,13.239087,60,0.577148,31,0.01932234,43,1.0,1.0,0.2
2,84,,0,21.346694,31,0.529785,60,0.01932234,44,0.375,0.5,0.5
2,17,0,1,10.247998,80,0.585449,23,0.01919105,45,1.0,0.5,1.0
2,36,,0,4.435588,98,0.590332,18,0.01914963,46,1.0,0.5,0.5
2,94,,0,21.33949,32,0.529785,61,0.01913403,47,0.875,1.0,0.2
2,26,,0,18.953371,42,0.540527,52,0.01873249,48,1.0,1.0,0.6
2,92,,0,18.220372,44,0.544434,50,0.01870629,49,0.5,0.5,0.6
2,57,,0,23.885899,28,0.509766,77,0.01866291,50,1.0,0.5,0.5
3,1,3,1,62.444385,3,0.697754,1,0.03226646,1,1.0,1.0,0.5
3,4,1,1,81.414936,1,0.644043,3,0.03226646,2,0.375,0.0,0.2
3,3,3,1,73.132351,2,0.684082,2,0.03225806,3,1.0,0.5,0.5
3,50,0,1,34.317176,5,0.601074,11,0.02946912,4,0.5,0.5,0.6
3,6,0,1,31.296165,9,0.616211,7,0.02941813,5,0.625,0.5,0.5
3,2,2,1,30.476149,11,0.621094,6,0.02923602,6,0.8125,0.5,0.6
3,92,0,1,32.738934,6,0.588867,17,0.02813853,7,0.0,0.0,0.6
3,70,0,1,28.925812,14,0.606934,9,0.02800627,8,0.625,0.5,0.2
3,12,0,1,22.059175,23,0.623535,5,0.02743281,9,0.4375,0.0,0.5
3,18,0,1,24.3019,19,0.606934,8,0.02736411,10,0.875,0.5,0.5
3,19,,0,26.365146,15,0.597168,13,0.02703196,11,0.625,0.5,0.5
3,24,0,1,36.522881,4,0.557617,35,0.02615132,12,0.0,0.0,0.5
3,58,0,1,21.43891,25,0.605469,10,0.02605042,13,1.0,0.5,0.2
3,57,0,1,31.918368,8,0.570312,30,0.02581699,14,1.0,1.0,0.5
3,69,0,1,32.575723,7,0.558105,34,0.02556367,15,1.0,1.0,0.5
3,60,0,1,30.417733,12,0.572754,26,0.0255168,16,0.1875,0.0,0.5
3,22,0,1,19.586494,27,0.59375,14,0.02500777,17,0.6875,0.5,0.2
3,9,,0,17.859608,29,0.59082,15,0.02456929,18,1.0,1.0,0.5
3,40,,0,24.180125,20,0.560059,31,0.02348901,19,0.3125,0.0,0.2
3,90,,0,19.461132,28,0.574219,24,0.0232684,20,0.6875,0.5,0.5
3,71,,0,26.096004,16,0.551758,41,0.02305888,21,0.75,0.5,1.0
3,11,0,1,11.104875,54,0.597656,12,0.02266082,22,0.8125,0.5,1.0
3,10,0,1,4.188537,91,0.638184,4,0.02224752,23,1.0,0.5,0.2
3,91,0,1,25.911851,17,0.536621,50,0.02207792,24,0.5625,0.5,0.5
3,59,,0,20.570405,26,0.557617,36,0.02204457,25,0.75,0.5,1.0
3,5,,0,24.79378,18,0.541504,49,0.02199482,26,1.0,1.0,1.0
3,31,,0,13.688262,40,0.573242,25,0.02176471,27,0.375,0.5,0.5
3,29,,0,11.180275,52,0.575195,21,0.02127425,28,0.9375,1.0,1.0
3,42,0,1,30.787746,10,0.496338,84,0.02123016,29,1.0,0.5,0.5
3,15,,0,14.721901,36,0.558594,33,0.02116935,30,0.6875,0.5,0.5
3,38,,0,29.350621,13,0.494385,86,0.02054795,31,1.0,0.5,0.6
3,20,,0,7.649085,67,0.581055,19,0.02053224,32,0.125,0.0,0.6
3,17,,0,6.357899,76,0.59082,16,0.02051084,33,1.0,1.0,1.0
3,63,0,1,21.675677,24,0.52002,58,0.02037934,34,0.6875,0.5,0.5
3,49,,0,16.886655,30,0.543457,48,0.02037037,35,0.875,1.0,0.5
3,64,,0,10.2184,55,0.572266,27,0.02018991,36,0.0625,0.0,0.2
3,32,,0,12.682348,45,0.555176,38,0.01972789,37,0.0,0.0,0.6
3,87,,0,23.993674,21,0.505371,78,0.01959206,38,0.0,0.5,0.5
3,30,0,1,6.003432,77,0.575195,22,0.01949439,39,0.5,0.5,0.5
3,61,,0,15.298745,34,0.528809,54,0.01941023,40,1.0,1.0,0.5
3,33,,0,4.890603,85,0.575684,20,0.01939655,41,1.0,1.0,0.5
3,67,,0,22.69212,22,0.502441,80,0.01933798,42,0.5,0.5,0.5
3,96,,0,3.119132,95,0.582031,18,0.01927213,43,0.0,0.0,0.5
3,44,0,1,7.104654,70,0.570801,29,0.01892826,44,0.5625,0.0,0.6
3,102,0,1,15.707505,33,0.516113,66,0.0186892,45,1.0,0.5,0.5
3,93,,0,13.54139,41,0.523926,55,0.01859664,46,0.875,1.0,0.5
3,51,,0,9.511788,58,0.552734,39,0.01857559,47,0.3125,0.5,0.5
3,55,,0,16.542535,31,0.512207,73,0.01850781,48,0.4375,0.5,0.5
3,47,0,1,11.145655,53,0.546875,44,0.01846494,49,0.6875,0.5,1.0
3,34,,0,11.455815,51,0.544434,46,0.01844297,50,1.0,0.5,0.2
4,4,2,1,83.208479,1,0.699219,1,0.03278689,1,0.4,1.0,0.2
4,1,1,1,70.142582,3,0.67041,2,0.03200205,2,0.0,0.0,0.5
4,3,1,1,75.369435,2,0.669922,3,0.03200205,3,0.0,0.5,0.5
4,2,1,1,42.600382,5,0.64209,4,0.03100962,4,0.0,0.5,0.6
4,18,0,1,42.138774,6,0.628906,5,0.03053613,5,0.0,0.5,0.5
4,47,0,1,38.118508,7,0.586914,17,0.02791239,6,0.0,0.5,1.0
4,31,0,1,23.249507,15,0.600098,10,0.02761905,7,0.4,0.5,0.5
4,82,0,1,18.95135,21,0.616699,7,0.02727105,8,0.1,0.5,0.2
4,22,0,1,34.700806,8,0.576172,20,0.02720588,9,0.0,0.5,0.2
4,12,0,1,20.030757,19,0.591797,13,0.02635686,10,0.3,1.0,0.5
4,11,0,1,53.980736,4,0.551758,43,0.02533374,11,0.0,0.5,1.0
4,6,0,1,12.40081,40,0.625977,6,0.02515152,12,0.0,0.5,0.5
4,19,0,1,13.829435,36,0.61084,8,0.02512255,13,0.0,0.5,0.5
4,92,0,1,23.580168,12,0.563965,31,0.0248779,14,1.0,1.0,0.6
4,23,,0,23.306737,14,0.564941,29,0.02474947,15,0.2,0.5,1.0
4,17,0,1,15.069218,30,0.587891,15,0.02444444,16,0.0,0.0,1.0
4,72,0,1,34.391609,9,0.552246,42,0.02429668,17,1.0,1.0,0.5
4,90,,0,16.672365,27,0.571777,22,0.02368937,18,0.0,0.5,0.5
4,45,,0,15.371824,29,0.571289,23,0.02328415,19,0.0,0.0,0.5
4,50,,0,17.439272,25,0.564941,30,0.02287582,20,0.2,0.5,0.6
4,37,,0,23.316119,13,0.541992,49,0.02287294,21,0.0,0.0,0.5
4,30,,0,21.784953,16,0.549805,44,0.02277328,22,0.2,0.5,0.5
4,39,0,1,26.238648,10,0.519043,62,0.02248244,23,0.0,0.5,0.5
4,10,0,1,8.018396,66,0.604492,9,0.02242926,24,0.0,0.5,0.2
4,29,,0,18.332515,22,0.552734,39,0.02229613,25,0.0,0.0,1.0
4,86,,0,21.464582,17,0.543457,48,0.02224627,26,1.0,0.5,0.6
4,46,,0,10.6208,50,0.584473,18,0.02191142,27,0.0,0.5,0.2
4,36,0,1,10.553131,52,0.583984,19,0.0215868,28,0.2,1.0,0.5
4,60,0,1,11.575843,43,0.569824,25,0.02147344,29,0.7,1.0,0.5
4,44,,0,14.011497,35,0.558105,33,0.021279,30,0.1,1.0,0.6
4,27,0,1,20.24982,18,0.520508,60,0.02115385,31,0.1,0.5,0.5
4,34,,0,11.344118,46,0.569336,26,0.02106187,32,0.0,0.5,0.2
4,8,,0,19.474239,20,0.522461,59,0.02090336,33,0.9,1.0,0.6
4,81,,0,3.921183,89,0.599609,11,0.02079592,34,0.0,0.0,0.5
4,7,,0,6.749822,74,0.587402,16,0.02062058,35,0.0,0.5,0.5
4,95,,0,24.074294,11,0.452393,96,0.02049476,36,0.6,0.5,1.0
4,104,,0,16.55575,28,0.537598,50,0.02045455,37,0.6,1.0,0.6
4,5,,0,16.914791,26,0.526855,55,0.02032356,38,0.0,0.0,1.0
4,33,,0,4.450498,88,0.591797,14,0.02027027,39,0.0,0.0,0.5
4,35,0,1,1.772698,99,0.594238,12,0.0201782,40,0.0,0.5,1.0
4,71,0,1,8.728537,62,0.571289,24,0.02010148,41,0.0,0.5,1.0
4,96,,0,9.321569,59,0.565918,28,0.019767,42,1.0,1.0,0.5
4,20,,0,6.673907,75,0.571777,21,0.01975309,43,0.8,1.0,0.6
4,68,,0,14.228255,34,0.534668,53,0.01948786,44,1.0,1.0,0.6
4,32,0,1,11.575249,44,0.549316,45,0.01913919,45,1.0,1.0,0.6
4,67,,0,18.165243,24,0.48877,80,0.01904762,46,0.2,0.5,0.5
4,91,,0,14.349324,32,0.51416,64,0.01893408,47,0.1,0.5,0.5
4,85,0,1,14.911571,31,0.508301,67,0.01886303,48,0.5,0.0,0.5
4,24,,0,6.476379,77,0.567383,27,0.01879352,49,1.0,1.0,0.5
4,83,,0,11.277549,47,0.549316,46,0.01877976,50,0.4,0.5,1.0
5,3,3,1,77.547694,1,0.67334,1,0.03278689,1,1.0,1.0,0.5
5,2,3,1,58.716398,3,0.650879,2,0.03200205,2,1.0,1.0,0.6
5,18,0,1,50.727832,4,0.644531,4,0.03125,3,1.0,1.0,0.5
5,4,2,1,48.41718,5,0.618652,6,0.03053613,4,1.0,0.5,0.2
5,1,3,1,60.292426,2,0.606445,10,0.03041475,5,0.875,0.5,0.5
5,10,0,1,25.006068,19,0.650391,3,0.02853124,6,1.0,1.0,0.2
5,12,0,1,42.85652,6,0.580078,22,0.02734664,7,1.0,0.5,0.5
5,24,0,1,34.073264,9,0.59082,18,0.02731327,8,0.75,0.5,0.5
5,6,0,1,28.5676,15,0.600098,14,0.02684685,9,1.0,1.0,0.5
5,50,0,1,38.900005,8,0.563477,29,0.02594184,10,1.0,1.0,0.6
5,31,,0,22.213319,22,0.603516,13,0.02589375,11,1.0,1.0,0.5
5,82,0,1,17.430084,36,0.64209,5,0.02580128,12,1.0,1.0,0.2
5,45,,0,20.582307,26,0.604492,12,0.0255168,13,0.875,0.5,0.5
5,34,0,1,22.257524,21,0.59668,16,0.02550357,14,0.875,1.0,0.2
5,49,0,1,41.510168,7,0.55127,36,0.02534204,15,1.0,0.5,0.5
5,19,,0,22.14104,23,0.583008,20,0.02454819,16,1.0,1.0,0.5
5,17,0,1,20.423793,27,0.586426,19,0.02415248,17,1.0,0.5,1.0
5,33,0,1,15.988174,50,0.616699,7,0.02401628,18,0.25,0.5,0.5
5,60,,0,29.687333,11,0.546387,41,0.0239855,19,0.9375,0.5,0.5
5,36,0,1,16.891793,42,0.605957,11,0.02388843,20,1.0,0.5,0.5
5,40,,0,28.909538,13,0.538086,44,0.02331401,21,1.0,0.5,0.2
5,5,0,1,32.743049,10,0.524902,54,0.02305764,22,1.0,0.5,1.0
5,58,0,1,28.808975,14,0.535645,45,0.02303732,23,1.0,1.0,0.2
5,92,,0,25.939099,17,0.547363,40,0.02298701,24,0.75,0.5,0.6
5,7,,0,15.457403,51,0.600098,15,0.02234234,25,1.0,1.0,0.5
5,20,,0,21.22523,25,0.550781,38,0.02196879,26,0.875,0.5,0.6
5,35,,0,17.192183,38,0.571777,25,0.02196879,27,1.0,1.0,1.0
5,81,0,1,9.099039,81,0.616211,8,0.02179808,28,1.0,0.5,0.5
5,70,,0,25.521955,18,0.526855,52,0.02174908,29,1.0,1.0,0.2
5,91,,0,29.246942,12,0.505371,70,0.0215812,30,1.0,1.0,0.5
5,47,,0,13.745602,57,0.593262,17,0.02153402,31,1.0,1.0,1.0
5,21,,0,17.320897,37,0.560547,30,0.02142039,32,1.0,0.5,0.5
5,22,,0,16.167971,47,0.578613,24,0.02125056,33,1.0,1.0,0.2
5,48,0,1,4.58884,98,0.60791,9,0.02082187,34,0.9375,0.5,0.5
5,69,,0,23.094069,20,0.512695,66,0.02043651,35,1.0,0.5,0.5
5,71,,0,16.920652,40,0.55127,37,0.02030928,36,1.0,1.0,1.0
5,86,0,1,19.979854,29,0.527832,51,0.02024496,37,0.6875,1.0,0.6
5,46,,0,11.559075,63,0.57959,23,0.02017827,38,1.0,1.0,0.2
5,42,,0,19.631951,31,0.523438,55,0.01968466,39,0.75,1.0,0.5
5,53,,0,28.409168,16,0.450928,96,0.01956815,40,1.0,0.5,1.0
5,9,,0,16.445455,46,0.547363,39,0.01953497,41,0.75,0.5,0.5
5,96,,0,10.99028,67,0.566406,28,0.01923765,42,0.5625,0.5,0.5
5,98,,0,16.121575,49,0.541504,42,0.01897823,43,1.0,1.0,0.6
5,97,,0,12.745321,60,0.554199,34,0.01897163,44,0.625,0.5,0.5
5,23,0,1,9.567512,78,0.567871,26,0.01887428,45,1.0,1.0,1.0
5,38,,0,20.362611,28,0.493408,78,0.01861001,46,1.0,1.0,0.6
5,37,0,1,0.0,103,0.581543,21,0.01848065,47,0.5,0.5,0.5
5,94,,0,16.904026,41,0.520508,57,0.018448,48,1.0,1.0,0.2
5,57,,0,19.808019,30,0.494629,77,0.01841038,49,0.75,0.5,0.5
5,64,0,1,6.762406,85,0.567383,27,0.0183908,50,0.8125,0.5,0.2
6,6,2,1,111.711139,1,0.700195,2,0.03252247,1,0.5,0.5,0.5
6,7,2,1,59.387849,3,0.727539,1,0.03226646,2,0.0833,0.5,0.5
6,5,1,1,90.628301,2,0.688965,3,0.03200205,3,0.0,0.0,1.0
6,8,3,1,52.190448,4,0.666992,6,0.03077652,4,1.0,1.0,0.6
6,32,1,1,39.085172,7,0.670898,4,0.03055037,5,1.0,1.0,0.6
6,30,1,1,39.884205,6,0.651855,8,0.0298574,6,0.6667,0.5,0.5
6,19,0,1,31.40114,10,0.669922,5,0.02967033,7,0.5,0.5,0.5
6,28,0,1,45.36329,5,0.619141,10,0.02967033,8,1.0,1.0,0.2
6,29,1,1,32.77559,9,0.663574,7,0.02941813,9,0.0833,0.0,1.0
6,31,1,1,36.263124,8,0.64502,9,0.02919864,10,0.8333,0.5,0.5
6,2,,0,29.19243,15,0.606934,14,0.02684685,11,0.25,0.5,0.6
6,3,,0,24.539585,20,0.614746,12,0.02638889,12,0.0,0.5,0.5
6,35,,0,23.194574,23,0.59082,18,0.02486871,13,0.0,0.5,1.0
6,20,,0,27.129031,17,0.580566,26,0.02461492,14,1.0,1.0,0.6
6,96,,0,16.225267,34,0.611328,13,0.02433693,15,1.0,1.0,0.5
6,22,,0,31.048285,11,0.5625,41,0.0239855,16,0.4167,0.5,0.2
6,17,,0,18.456903,29,0.587891,20,0.02373596,17,0.0,0.0,1.0
6,85,0,1,30.355302,14,0.556641,44,0.0231289,18,0.9167,0.0,0.5
6,12,0,1,21.491188,25,0.575684,29,0.02300066,19,0.75,1.0,0.5
6,65,0,1,30.379257,13,0.541016,52,0.0226272,20,0.0,0.0,1.0
6,1,,0,11.860345,48,0.603027,15,0.02259259,21,0.0,0.0,0.5
6,86,,0,29.159188,16,0.555176,46,0.02259186,22,1.0,0.5,0.6
6,4,,0,12.500307,45,0.595703,17,0.02251082,23,0.8333,1.0,0.2
6,25,0,1,11.230973,50,0.597168,16,0.0222488,24,0.0,0.0,0.5
6,24,,0,30.665213,12,0.531738,62,0.02208561,25,1.0,1.0,0.5
6,18,,0,15.887716,35,0.57666,28,0.02188995,26,0.1667,0.5,0.5
6,76,0,1,17.88122,31,0.572754,33,0.0217417,27,1.0,1.0,0.2
6,15,,0,15.105999,37,0.575684,30,0.02142039,28,0.4167,0.5,0.5
6,48,,0,9.949003,55,0.587402,21,0.02104133,29,1.0,1.0,0.5
6,64,,0,2.951135,86,0.615234,11,0.02093382,30,1.0,1.0,0.2
6,47,,0,15.735211,36,0.566406,37,0.02072595,31,0.4167,0.5,1.0
6,33,,0,13.71374,40,0.568848,34,0.0206383,32,0.0,0.0,0.5
6,9,,0,12.834376,43,0.573242,32,0.0205783,33,0.0,0.0,0.5
6,34,,0,8.008739,61,0.584961,23,0.02031266,34,0.0,0.5,0.2
6,27,,0,21.705814,24,0.533691,60,0.0202381,35,0.5833,0.5,0.5
6,52,,0,11.325942,49,0.574219,31,0.02016332,36,1.0,1.0,0.2
6,69,,0,16.455483,33,0.549316,47,0.02009848,37,0.0,0.0,0.5
6,11,,0,13.171433,42,0.56543,38,0.020008,38,0.25,0.5,1.0
6,78,,0,18.385883,30,0.541016,53,0.01996067,39,1.0,0.5,0.5
6,40,,0,3.37772,80,0.59082,19,0.01980108,40,0.9167,1.0,0.2
6,10,,0,5.675225,72,0.585938,22,0.01977088,41,0.0,0.5,0.2
6,97,,0,21.083016,26,0.530762,64,0.01969242,42,0.0,0.0,0.5
6,93,0,1,25.046506,19,0.495361,83,0.01965123,43,0.1667,0.0,0.5
6,71,,0,19.365348,28,0.533691,61,0.0196281,44,0.3333,0.5,1.0
6,72,,0,23.787996,22,0.513184,77,0.01949439,45,1.0,1.0,0.5
6,16,,0,24.351647,21,0.498535,82,0.01938793,46,1.0,1.0,0.2
6,68,,0,26.794456,18,0.472168,99,0.01910982,47,1.0,1.0,0.6
6,23,,0,3.172125,82,0.57959,27,0.01853651,48,0.6667,0.5,1.0
6,94,,0,13.334922,41,0.539062,56,0.01852168,49,0.8333,0.5,0.2
6,36,,0,1.879823,95,0.583984,25,0.01821632,50,0.6667,1.0,0.5
7,7,3,1,69.027954,1,0.766113,1,0.03278689,1,0.9375,0.5,0.5
7,6,2,1,59.164891,2,0.71875,2,0.03225806,2,0.625,0.5,0.5
7,5,3,1,58.352218,3,0.679688,4,0.03149802,3,1.0,1.0,1.0
7,8,1,1,50.435472,4,0.669434,5,0.03100962,4,0.0625,0.0,0.6
7,19,0,1,40.390661,7,0.694824,3,0.03079839,5,0.625,0.5,0.5
7,31,1,1,28.534239,11,0.646484,7,0.02900988,6,0.375,0.5,0.5
7,22,0,1,41.183994,6,0.603027,14,0.02866503,7,0.6875,0.5,0.2
7,3,0,1,22.667658,16,0.668945,6,0.02830941,8,1.0,0.5,0.5
7,96,0,1,25.485868,14,0.641602,8,0.0282194,9,0.0,0.0,0.5
7,59,0,1,20.031864,19,0.61377,11,0.02674273,10,0.75,0.5,1.0
7,17,,0,20.073855,18,0.611328,12,0.0267094,11,1.0,1.0,1.0
7,18,0,1,18.266389,24,0.632812,9,0.02639752,12,0.875,0.5,0.5
7,46,0,1,29.490296,8,0.579102,26,0.02633379,13,0.9375,0.5,0.2
7,86,0,1,42.852298,5,0.553223,41,0.02528561,14,0.0,0.5,0.6
7,10,0,1,16.182292,27,0.60791,13,0.02519288,15,1.0,0.5,0.2
7,12,0,1,19.471648,21,0.589355,18,0.02516619,16,0.4375,0.0,0.5
7,1,0,1,13.648494,38,0.628906,10,0.0244898,17,1.0,1.0,0.5
7,2,0,1,14.518247,35,0.599609,15,0.02385965,18,0.8125,0.5,0.6
7,81,0,1,15.337907,30,0.587891,19,0.02376934,19,0.9375,1.0,0.5
7,21,0,1,28.66677,10,0.544434,46,0.02371968,20,1.0,1.0,0.5
7,4,,0,14.055644,37,0.599609,16,0.02346717,21,0.375,0.0,0.2
7,93,0,1,29.153969,9,0.53418,57,0.02303976,22,0.875,1.0,0.5
7,57,,0,20.286312,17,0.551758,43,0.02269575,23,1.0,1.0,0.5
7,94,,0,28.366123,12,0.533691,58,0.02236347,24,0.375,0.5,0.2
7,29,,0,14.318129,36,0.582031,24,0.02232143,25,0.9375,1.0,1.0
7,26,,0,19.473974,20,0.547852,44,0.02211538,26,0.8125,0.5,0.6
7,71,,0,23.534146,15,0.536133,55,0.02202899,27,0.75,0.5,1.0
7,89,,0,25.594526,13,0.525391,62,0.02189535,28,1.0,1.0,1.0
7,97,,0,14.978834,31,0.558594,36,0.02140568,29,1.0,1.0,0.5
7,63,,0,19.335814,22,0.54248,49,0.02136943,30,0.6875,0.5,0.5
7,33,,0,8.281859,57,0.586914,20,0.02104701,31,1.0,1.0,0.5
7,28,,0,9.942532,48,0.572754,27,0.02075351,32,0.0,0.0,0.2
7,36,,0,11.151297,43,0.560547,34,0.02034704,33,0.5,0.0,0.5
7,64,,0,7.420578,61,0.583496,23,0.02031266,34,0.0625,0.0,0.2
7,69,,0,14.716321,33,0.547363,45,0.0202765,35,1.0,1.0,0.5
7,34,,0,8.880605,52,0.570312,30,0.02003968,36,1.0,0.5,0.2
7,60,,0,6.4444,70,0.585449,21,0.02003799,37,0.1875,0.0,0.5
7,47,,0,8.929137,51,0.561035,32,0.01987857,38,0.6875,0.5,1.0
7,42,0,1,18.418102,23,0.507324,74,0.01951088,39,1.0,0.5,0.5
7,44,,0,14.697277,34,0.537109,53,0.01948786,40,0.5625,0.0,0.6
7,20,,0,8.564616,55,0.560547,33,0.01944834,41,0.125,0.0,0.6
7,90,,0,10.396118,46,0.552246,42,0.01923788,42,0.6875,0.5,0.5
7,70,,0,7.05131,65,0.571777,29,0.01923596,43,0.625,0.5,0.2
7,30,0,1,1.486064,101,0.590332,17,0.01919819,44,0.5,0.5,0.5
7,45,,0,4.414475,85,0.583984,22,0.01909167,45,1.0,1.0,0.5
7,82,,0,7.807787,58,0.560547,35,0.01900089,46,0.5625,0.5,0.2
7,48,,0,4.661304,81,0.57959,25,0.0188569,47,0.1875,0.0,0.5
7,50,,0,7.757107,59,0.558105,37,0.01871264,48,0.5,0.5,0.6
7,95,0,1,16.820384,26,0.496826,82,0.01867016,49,0.25,0.5,1.0
7,85,,0,11.132353,44,0.541016,51,0.01862439,50,0.3125,1.0,0.5
8,8,3,1,110.798733,1,0.758789,1,0.03278689,1,0.9,1.0,0.6
8,5,1,1,92.395317,2,0.67627,2,0.03225806,2,0.0,0.0,1.0
8,7,1,1,54.346179,4,0.62793,3,0.03149802,3,0.0,0.5,0.5
8,6,1,1,45.005637,5,0.619629,4,0.03100962,4,0.0,0.5,0.5
8,17,0,1,28.129586,9,0.589844,7,0.02941813,5,0.0,0.0,1.0
8,58,0,1,39.08301,7,0.569824,9,0.02941813,6,0.0,0.5,0.2
8,37,0,1,38.311,8,0.566406,11,0.02879039,7,0.0,0.0,0.5
8,18,0,1,24.450862,12,0.580566,8,0.02859477,8,0.0,0.5,0.5
8,23,0,1,26.444543,11,0.566895,10,0.02837022,9,0.2,0.5,1.0
8,73,0,1,20.703432,16,0.561523,12,0.02704678,10,0.2,0.0,0.5
8,26,,0,22.769331,13,0.545898,17,0.02668564,11,0.0,0.5,0.6
8,29,2,1,14.129169,27,0.591797,6,0.02664577,12,0.0,0.0,1.0
8,30,2,1,12.394615,35,0.600586,5,0.02591093,13,0.2,0.5,0.5
8,89,0,1,43.023903,6,0.526367,34,0.02578981,14,0.0,0.0,1.0
8,66,0,1,54.483108,3,0.522461,42,0.02567694,15,0.0,0.5,0.5
8,9,0,1,27.546427,10,0.529297,31,0.02527473,16,0.0,0.0,0.5
8,36,,0,14.630262,24,0.538086,24,0.02380952,17,0.2,1.0,0.5
8,25,,0,17.861109,18,0.528809,32,0.02369008,18,0.0,0.0,0.5
8,12,,0,12.337829,36,0.541504,18,0.02323718,19,0.3,1.0,0.5
8,33,,0,11.115344,41,0.548828,15,0.02323432,20,0.0,0.0,0.5
8,53,,0,21.528774,14,0.519043,46,0.02294748,21,0.0,0.0,1.0
8,52,,0,9.551322,50,0.554688,14,0.02260442,22,1.0,1.0,0.2
8,92,,0,12.631381,32,0.536133,26,0.02249747,23,1.0,1.0,0.6
8,69,,0,18.68223,17,0.516113,48,0.02224627,24,0.0,0.0,0.5
8,21,,0,12.566074,33,0.532715,29,0.02198864,25,0.0,0.0,0.5
8,3,,0,10.651926,42,0.538086,23,0.02185211,26,0.0,0.5,0.5
8,10,,0,13.442141,29,0.525879,35,0.02176227,27,0.0,0.5,0.2
8,14,,0,15.166658,21,0.512695,50,0.02143659,28,0.2,0.5,0.6
8,75,,0,16.157056,20,0.501953,55,0.02119565,29,0.9,0.5,0.5
8,31,,0,11.501419,40,0.530273,30,0.02111111,30,0.4,0.5,0.5
8,44,,0,13.126782,30,0.522949,40,0.02111111,31,0.1,1.0,0.6
8,22,,0,12.413293,34,0.524902,37,0.02094758,32,0.0,0.5,0.2
8,47,,0,14.864352,23,0.501953,54,0.02082012,33,0.0,0.5,1.0
8,42,0,1,8.913099,56,0.538574,22,0.02081581,34,0.0,0.5,0.5
8,82,,0,7.881532,60,0.539062,21,0.02067901,35,0.1,0.5,0.2
8,2,0,1,3.914922,84,0.556641,13,0.02064307,36,0.0,0.5,0.6
8,49,,0,14.393414,25,0.499756,56,0.0203854,37,0.0,0.0,0.5
8,54,,0,8.477625,57,0.535156,27,0.02004126,38,0.1,0.5,0.5
8,95,,0,20.945245,15,0.449951,92,0.01991228,39,0.6,0.5,1.0
8,4,,0,2.820137,91,0.547363,16,0.01978041,40,0.4,1.0,0.2
8,86,,0,10.049277,47,0.525391,36,0.01976246,41,1.0,0.5,0.6
8,50,,0,3.639732,86,0.539551,20,0.01934932,42,0.2,0.5,0.6
8,32,,0,11.792303,38,0.511719,51,0.01921309,43,1.0,1.0,0.6
8,101,,0,17.166004,19,0.44458,93,0.01919418,44,0.0,0.0,1.0
8,35,,0,1.938908,94,0.541504,19,0.01915173,45,0.0,0.5,1.0
8,78,,0,14.175206,26,0.475098,76,0.01898085,46,0.6,0.5,0.5
8,74,,0,5.867055,78,0.535156,28,0.01861001,47,0.7,0.5,0.6
8,68,,0,14.964024,22,0.424316,97,0.01856455,48,1.0,1.0,0.6
8,81,,0,9.168244,53,0.520508,44,0.01846494,49,0.0,0.0,0.5
8,28,,0,12.125842,37,0.490479,66,0.01824579,50,1.0,1.0,0.2
9,6,3,1,101.826397,1,0.744629,1,0.03278689,1,1.0,1.0,0.5
9,25,2,1,45.122687,3,0.624512,5,0.03125763,2,0.75,0.5,0.5
9,29,0,1,35.20965,7,0.632812,2,0.03105441,3,1.0,0.5,1.0
9,28,3,1,54.985613,2,0.618164,8,0.03083491,4,1.0,0.5,0.2
9,26,2,1,34.410428,9,0.632324,3,0.03036577,5,1.0,1.0,0.6
9,31,0,1,33.113194,11,0.630859,4,0.02970951,6,1.0,1.0,0.5
9,86,0,1,34.542227,8,0.616699,9,0.02919864,7,0.9375,1.0,0.6
9,46,0,1,33.773984,10,0.616211,10,0.02857143,8,1.0,1.0,0.2
9,5,2,1,24.413468,17,0.618652,7,0.02791239,9,0.75,0.5,1.0
9,30,0,1,17.571422,26,0.623535,6,0.02677942,10,1.0,1.0,0.5
9,42,0,1,39.513092,5,0.568848,32,0.02625418,11,0.5,1.0,0.5
9,27,,0,33.056917,12,0.583496,26,0.0255168,12,1.0,1.0,0.5
9,17,,0,18.470932,22,0.595215,17,0.02518213,13,0.875,0.5,1.0
9,2,0,1,21.199514,20,0.593262,19,0.02515823,14,1.0,1.0,0.6
9,63,0,1,39.411877,6,0.560547,43,0.02486025,15,1.0,1.0,0.5
9,72,,0,19.598656,21,0.584961,25,0.02411038,16,1.0,0.5,0.5
9,19,,0,10.656478,35,0.609863,14,0.02403983,17,1.0,1.0,0.5
9,82,,0,18.22664,24,0.585938,23,0.02395295,18,1.0,1.0,0.2
9,8,,0,17.745415,25,0.583008,27,0.02325896,19,1.0,0.5,0.6
9,96,,0,7.637076,50,0.61377,12,0.0229798,20,0.8125,0.5,0.5
9,7,,0,8.799373,43,0.595703,16,0.02286663,21,1.0,1.0,0.5
9,16,0,1,44.947539,4,0.521484,79,0.02281924,22,0.9375,0.5,0.2
9,88,0,1,28.038448,15,0.557129,49,0.02250765,23,0.5,0.5,0.2
9,3,0,1,6.845778,60,0.615723,11,0.02241784,24,0.875,1.0,0.5
9,9,,0,26.593484,16,0.554199,51,0.0221669,25,0.5,0.5,0.5
9,4,0,1,7.011752,59,0.61084,13,0.02210199,26,1.0,0.5,0.2
9,95,,0,23.377312,18,0.557129,50,0.02191142,27,1.0,1.0,1.0
9,51,,0,12.208907,30,0.568359,33,0.0218638,28,1.0,1.0,0.5
9,91,0,1,14.919968,27,0.567383,37,0.02180353,29,1.0,1.0,0.5
9,69,,0,8.354076,46,0.591309,21,0.02177964,30,0.875,0.5,0.5
9,58,0,1,7.396708,53,0.592285,20,0.02134956,31,1.0,1.0,0.2
9,22,,0,23.321558,19,0.550293,56,0.02127892,32,1.0,1.0,0.2
9,74,,0,11.187814,34,0.567871,36,0.02105496,33,1.0,1.0,0.6
9,94,,0,11.947919,31,0.5625,42,0.02079293,34,1.0,1.0,0.2
9,53,,0,28.516404,14,0.520508,82,0.02055577,35,1.0,0.5,1.0
9,14,,0,8.631974,45,0.577637,31,0.02051282,36,1.0,1.0,0.6
9,1,0,1,3.673951,80,0.601074,15,0.02047619,37,0.625,0.5,0.5
9,85,,0,5.467666,68,0.586426,22,0.02000762,38,1.0,0.5,0.5
9,13,,0,32.858376,13,0.480225,99,0.01998794,39,1.0,0.5,0.5
9,54,,0,9.579377,36,0.560059,45,0.01994048,40,1.0,1.0,0.5
9,33,0,1,1.027826,96,0.595215,18,0.01923077,41,0.0,0.5,0.5
9,92,,0,14.83362,28,0.529297,70,0.01905594,42,1.0,0.5,0.6
9,21,0,1,7.446058,52,0.56543,39,0.01902958,43,1.0,0.5,0.5
9,23,,0,3.104484,84,0.584961,24,0.01884921,44,1.0,1.0,1.0
9,48,0,1,11.621747,32,0.529297,67,0.01874358,45,1.0,0.5,0.5
9,10,,0,5.002139,73,0.580078,30,0.01862991,46,0.8125,1.0,0.2
9,34,,0,6.51077,61,0.565918,38,0.01846854,47,0.625,1.0,0.2
9,41,,0,18.36044,23,0.484619,98,0.01837731,48,0.0,0.5,1.0
9,37,,0,9.417926,38,0.532227,66,0.01814059,49,0.25,0.5,0.5
9,52,,0,2.576875,87,0.580566,29,0.01803868,50,0.875,0.5,0.2
10,6,2,1,144.673045,1,0.663086,1,0.03278689,1,1.0,1.0,0.5
10,5,3,1,116.683557,2,0.638672,3,0.03200205,2,1.0,0.5,1.0
10,18,0,1,113.548036,3,0.64209,2,0.03200205,3,1.0,1.0,0.5
10,7,3,1,42.400345,5,0.595703,6,0.03053613,4,1.0,1.0,0.5
10,8,2,1,44.111905,4,0.57373,11,0.02970951,5,0.6875,0.5,0.6
10,22,0,1,19.15791,10,0.55957,15,0.02761905,6,1.0,1.0,0.2
10,1,0,1,16.54364,13,0.573242,12,0.02758752,7,1.0,0.5,0.5
10,31,1,1,11.028083,28,0.603516,4,0.02698864,8,1.0,1.0,0.5
10,30,1,1,12.76841,21,0.572754,14,0.02585919,9,1.0,1.0,0.5
10,2,0,1,9.460375,33,0.578613,9,0.02524544,10,1.0,1.0,0.6
10,36,,0,18.598033,11,0.521973,31,0.02507352,11,1.0,0.5,0.5
10,4,0,1,7.922112,39,0.591797,7,0.02502638,12,1.0,0.5,0.2
10,20,0,1,15.407994,14,0.526855,27,0.02500777,13,0.75,0.5,0.6
10,3,0,1,6.911642,44,0.601562,5,0.025,14,1.0,1.0,0.5
10,17,0,1,10.807946,29,0.573242,13,0.02493459,15,1.0,0.5,1.0
10,89,0,1,30.042401,7,0.503418,40,0.02492537,16,1.0,0.5,1.0
10,46,0,1,30.300615,6,0.495605,43,0.02486025,17,1.0,1.0,0.2
10,12,0,1,12.854864,20,0.528809,25,0.02426471,18,1.0,0.5,0.5
10,59,0,1,24.872248,8,0.489014,50,0.02379679,19,1.0,1.0,1.0
10,29,1,1,6.384229,51,0.586914,8,0.02371489,20,1.0,0.5,1.0
10,44,,0,13.040776,18,0.512207,34,0.02345881,21,1.0,0.5,0.6
10,32,1,1,10.468167,30,0.535645,21,0.02345679,22,0.5,0.5,0.6
10,42,,0,12.893829,19,0.507324,37,0.02296751,23,0.875,1.0,0.5
10,27,,0,13.486449,16,0.489746,47,0.02250369,24,1.0,1.0,0.5
10,33,,0,6.750366,47,0.555664,16,0.02250369,25,0.375,0.5,0.5
10,58,0,1,13.331508,17,0.489258,48,0.02224627,26,1.0,1.0,0.2
10,21,,0,16.900976,12,0.466797,64,0.02195341,27,1.0,0.5,0.5
10,92,,0,11.422756,26,0.498291,42,0.02143183,28,0.625,0.5,0.6
10,81,,0,6.844791,46,0.527344,26,0.02106187,29,1.0,0.5,0.5
10,68,0,1,23.879628,9,0.421387,96,0.02090301,30,0.625,0.5,0.6
10,48,0,1,0.849955,100,0.576172,10,0.02053571,31,0.8125,0.5,0.5
10,19,0,1,3.861363,76,0.554688,17,0.02033995,32,1.0,1.0,0.5
10,50,,0,7.040644,41,0.508301,36,0.02031766,33,1.0,1.0,0.6
10,26,,0,4.000736,75,0.549805,18,0.02022792,34,1.0,1.0,0.6
10,49,,0,12.313276,24,0.469238,62,0.02010148,35,1.0,0.5,0.5
10,9,,0,9.985211,32,0.489014,49,0.02004388,36,0.875,0.5,0.5
10,53,0,1,15.125994,15,0.421875,94,0.01982684,37,1.0,0.5,1.0
10,64,,0,4.267092,69,0.534668,23,0.01980013,38,0.6875,0.5,0.2
10,90,,0,6.924018,43,0.498535,41,0.01960973,39,1.0,1.0,0.5
10,88,,0,8.356776,37,0.487305,52,0.01923785,40,0.125,0.5,0.2
10,75,,0,9.356672,34,0.481445,58,0.01911287,41,0.6875,1.0,0.5
10,96,,0,1.057749,97,0.545898,19,0.01902765,42,0.4375,0.5,0.5
10,43,,0,11.21816,27,0.455322,74,0.01895694,43,1.0,1.0,0.5
10,28,0,1,1.074067,95,0.536133,20,0.01895161,44,0.625,0.5,0.2
10,86,,0,5.976698,53,0.503418,39,0.01895057,45,0.5625,1.0,0.6
10,25,,0,2.687277,82,0.533203,24,0.01894702,46,1.0,0.5,0.5
10,77,,0,12.394943,23,0.441406,85,0.01894474,47,1.0,0.5,1.0
10,63,,0,12.150785,25,0.445801,80,0.01890756,48,1.0,1.0,0.5
10,57,,0,12.607027,22,0.428955,91,0.01881764,49,0.875,0.5,0.5
10,37,,0,6.396209,50,0.490479,46,0.01852487,50,0.625,0.5,0.5
11,10,2,1,173.659961,1,0.745605,2,0.03252247,1,0.3571,0.5,0.2
11,12,2,1,103.577042,2,0.668945,4,0.03175403,2,1.0,1.0,0.5
11,9,2,1,100.023884,3,0.677734,3,0.03174603,3,0.0,0.0,0.5
11,15,0,1,56.102706,4,0.604004,8,0.03033088,4,0.9286,0.5,0.5
11,4,2,1,42.634941,8,0.654785,5,0.0300905,5,1.0,1.0,0.2
11,2,1,1,54.095699,5,0.597168,9,0.02987737,6,0.7857,0.5,0.6
11,11,3,1,34.790366,16,0.755371,1,0.02955134,7,0.7857,0.5,1.0
11,1,1,1,49.650487,7,0.568359,12,0.02881426,8,0.1429,0.0,0.5
11,88,0,1,33.610001,17,0.587402,10,0.02727273,9,0.7143,1.0,0.2
11,49,,0,36.372034,12,0.564941,16,0.02704678,10,0.7143,0.0,0.5
11,50,0,1,28.143998,23,0.615723,7,0.02697357,11,1.0,0.5,0.6
11,34,0,1,37.621828,11,0.557129,23,0.0261327,12,0.1429,0.5,0.2
11,35,,0,35.308635,14,0.545898,28,0.02487715,13,0.3571,0.5,1.0
11,40,,0,29.861912,21,0.561035,20,0.02484568,14,1.0,1.0,0.2
11,29,0,1,23.152789,33,0.568848,11,0.0248372,15,0.6429,0.0,1.0
11,14,,0,25.008115,27,0.563477,17,0.02448127,16,1.0,0.5,0.6
11,3,1,1,50.568353,6,0.513184,53,0.02400107,17,0.4286,0.5,0.5
11,92,,0,21.761816,37,0.566406,14,0.02382279,18,1.0,1.0,0.6
11,52,0,1,14.009808,56,0.62207,6,0.0237722,19,1.0,1.0,0.2
11,38,,0,32.51529,19,0.524902,41,0.02255922,20,0.3571,0.5,0.6
11,58,0,1,39.124776,10,0.493896,65,0.02228571,21,0.5714,0.5,0.2
11,20,0,1,24.093359,29,0.538574,31,0.02222497,22,1.0,1.0,0.6
11,69,0,1,39.437373,9,0.479248,74,0.02195544,23,0.4286,0.0,0.5
11,13,,0,17.561309,46,0.559082,21,0.02177964,24,0.6429,0.0,0.5
11,31,,0,25.28386,26,0.527344,39,0.02172892,25,1.0,0.5,0.5
11,36,,0,11.523233,68,0.568359,13,0.02151113,26,1.0,1.0,0.5
11,70,,0,34.813633,15,0.494385,64,0.02139785,27,1.0,0.5,0.2
11,16,0,1,11.847872,67,0.56543,15,0.02120735,28,1.0,1.0,0.2
11,5,,0,26.097869,24,0.517578,49,0.02107907,29,0.2857,0.0,1.0
11,97,,0,33.596183,18,0.495117,62,0.02101723,30,0.0,0.0,0.5
11,45,,0,21.402736,38,0.532227,35,0.0207304,31,0.1429,0.0,0.5
11,19,,0,21.181273,40,0.532715,34,0.0206383,32,1.0,0.5,0.5
11,22,0,1,11.436437,69,0.562012,18,0.02057245,33,0.9286,0.5,0.2
11,60,,0,25.448367,25,0.507324,56,0.0203854,34,1.0,1.0,0.5
11,39,0,1,24.497586,28,0.516602,51,0.02037265,35,0.6429,0.5,0.5
11,53,,0,32.420228,20,0.484375,71,0.02013359,36,0.6429,0.0,1.0
11,77,,0,35.871696,13,0.435059,100,0.01994863,37,1.0,0.0,1.0
11,51,,0,12.249402,65,0.554688,24,0.01990476,38,1.0,0.5,0.5
11,33,0,1,12.497623,63,0.54834,25,0.01989479,39,0.0,0.0,0.5
11,86,,0,10.541438,71,0.558594,22,0.01982871,40,1.0,0.5,0.6
11,24,,0,21.220876,39,0.521484,43,0.01980975,41,1.0,1.0,0.5
11,6,,0,14.829308,52,0.537598,32,0.01979814,42,1.0,0.5,0.5
11,23,,0,20.930733,41,0.519531,44,0.01951637,43,1.0,0.5,1.0
11,18,,0,20.164069,43,0.521973,42,0.01951266,44,0.7143,0.5,0.5
11,54,,0,23.721157,32,0.499268,60,0.0192029,45,1.0,0.5,0.5
11,30,,0,12.626074,60,0.536621,33,0.01908602,46,1.0,0.5,0.5
11,48,,0,17.877419,44,0.518555,46,0.01904935,47,1.0,1.0,0.5
11,7,,0,14.647161,55,0.53125,37,0.01900493,48,0.6429,0.5,0.5
11,104,,0,23.993646,30,0.489502,68,0.01892361,49,1.0,1.0,0.6
11,17,,0,9.564319,79,0.546875,26,0.01882215,50,0.4286,0.0,1.0
12,10,3,1,125.953062,1,0.741699,2,0.03252247,1,1.0,0.5,0.2
12,9,3,1,101.961718,3,0.745117,1,0.03226646,2,1.0,1.0,0.5
12,12,1,1,114.269653,2,0.713379,3,0.03200205,3,0.4375,0.0,0.5
12,24,0,1,58.290357,4,0.609375,7,0.03055037,4,0.0,0.0,0.5
12,17,0,1,34.790096,11,0.609375,6,0.02923602,5,1.0,1.0,1.0
12,11,2,1,43.615409,5,0.592285,13,0.02908325,6,0.8125,0.5,1.0
12,66,0,1,32.631999,15,0.61377,5,0.02871795,7,0.6875,0.5,0.5
12,2,0,1,30.850735,17,0.669922,4,0.02861201,8,0.8125,0.5,0.6
12,6,0,1,35.037024,10,0.596191,11,0.02837022,9,0.625,0.5,0.5
12,3,0,1,33.070314,13,0.601562,9,0.02819138,10,1.0,0.5,0.5
12,22,0,1,35.193389,9,0.583984,18,0.02731327,11,0.6875,0.5,0.2
12,58,0,1,36.481197,8,0.563477,26,0.02633379,12,1.0,0.5,0.2
12,31,,0,24.385589,27,0.595215,12,0.02538314,13,0.375,0.5,0.5
12,4,,0,26.077414,25,0.578613,21,0.02411038,14,0.375,0.0,0.2
12,43,0,1,34.351872,12,0.537598,42,0.02369281,15,1.0,0.5,0.5
12,1,0,1,13.716414,53,0.60791,8,0.02355544,16,1.0,1.0,0.5
12,40,,0,19.779449,38,0.585938,16,0.02336198,17,0.3125,0.0,0.2
12,33,,0,23.104185,28,0.566406,24,0.0232684,18,1.0,1.0,0.5
12,41,0,1,38.880333,6,0.5,65,0.02315152,19,0.75,1.0,1.0
12,15,,0,21.482591,34,0.580078,20,0.0231383,20,0.6875,0.5,0.5
12,18,,0,26.646047,24,0.552246,34,0.02254306,21,0.875,0.5,0.5
12,29,,0,11.886488,64,0.59668,10,0.02235023,22,0.9375,1.0,1.0
12,13,,0,31.717686,16,0.525879,49,0.02233221,23,0.9375,1.0,0.5
12,69,,0,29.054898,19,0.535645,44,0.02227361,24,1.0,1.0,0.5
12,95,0,1,32.96761,14,0.515625,55,0.02220917,25,0.25,0.5,1.0
12,81,,0,22.068592,33,0.561523,28,0.02211632,26,0.9375,1.0,0.5
12,89,,0,30.614047,18,0.52832,48,0.02207977,27,1.0,1.0,1.0
12,78,0,1,37.583098,7,0.477783,82,0.02196763,28,0.25,0.5,0.5
12,8,,0,28.846239,21,0.529785,46,0.02177964,29,0.0625,0.0,0.6
12,49,,0,14.162111,52,0.583008,19,0.0215868,30,0.875,1.0,0.5
12,20,0,1,18.210113,40,0.562012,27,0.02149425,31,0.125,0.0,0.6
12,92,,0,11.445323,67,0.589355,14,0.02138753,32,0.0,0.0,0.6
12,19,0,1,16.045906,48,0.56543,25,0.02102397,33,0.625,0.5,0.5
12,34,,0,11.262444,68,0.584961,17,0.02079951,34,1.0,0.5,0.2
12,91,,0,23.091219,29,0.529785,47,0.02058175,35,0.5625,0.5,0.5
12,37,,0,14.757496,50,0.558105,30,0.02020202,36,1.0,1.0,0.5
12,7,0,1,6.779949,86,0.588867,15,0.02018265,37,0.9375,0.5,0.5
12,21,,0,15.961141,49,0.556152,32,0.02004388,38,1.0,1.0,0.5
12,5,,0,22.199165,32,0.518555,54,0.0196415,39,1.0,1.0,1.0
12,54,,0,27.066048,23,0.487061,73,0.01956699,40,0.5625,0.5,0.5
12,42,0,1,22.522334,31,0.515137,57,0.01953602,41,1.0,0.5,0.5
12,45,,0,8.73295,78,0.577637,22,0.0194415,42,1.0,1.0,0.5
12,73,,0,25.321543,26,0.494873,68,0.01944041,43,0.5,1.0,0.5
12,86,,0,28.868656,20,0.463623,86,0.01934932,44,0.0,0.5,0.6
12,47,,0,16.066251,47,0.54248,40,0.01934579,45,0.6875,0.5,1.0
12,46,,0,12.470013,61,0.558105,31,0.01925347,46,0.9375,0.5,0.2
12,44,,0,16.690897,45,0.537598,43,0.01923255,47,0.5625,0.0,0.6
12,39,,0,27.345981,22,0.469238,84,0.01913957,48,0.9375,0.5,0.5
12,36,,0,12.985431,57,0.54834,36,0.01896368,49,0.5,0.0,0.5
12,50,,0,10.920499,70,0.55957,29,0.01892826,50,0.5,0.5,0.6
13,11,3,1,164.212721,1,0.774902,1,0.03278689,1,1.0,1.0,1.0
13,10,2,1,71.501891,2,0.693359,2,0.03225806,2,1.0,1.0,0.2
13,4,1,1,60.337154,3,0.657715,3,0.03174603,3,1.0,0.5,0.2
13,12,1,1,43.630293,4,0.615234,6,0.03077652,4,1.0,0.5,0.5
13,50,0,1,23.371167,7,0.624512,5,0.03030999,5,1.0,1.0,0.6
13,2,1,1,20.573229,9,0.633789,4,0.03011775,6,1.0,1.0,0.6
13,22,0,1,34.358172,5,0.605469,9,0.02987737,7,1.0,1.0,0.2
13,9,2,1,29.200744,6,0.605469,8,0.0298574,8,0.875,0.5,0.5
13,36,0,1,12.018154,24,0.61084,7,0.02683014,9,1.0,0.5,0.5
13,82,0,1,16.179302,16,0.577637,15,0.02649123,10,1.0,1.0,0.2
13,3,,0,15.620447,17,0.57373,16,0.02614491,11,1.0,1.0,0.5
13,1,1,1,16.223192,15,0.564941,19,0.02599156,12,1.0,0.5,0.5
13,7,,0,11.114738,29,0.579102,13,0.02493459,13,1.0,1.0,0.5
13,15,0,1,14.363205,20,0.558594,22,0.02469512,14,1.0,1.0,0.5
13,34,0,1,9.154934,39,0.599121,10,0.02438672,15,1.0,1.0,0.2
13,90,0,1,21.51168,8,0.526855,50,0.02379679,16,1.0,1.0,0.5
13,61,,0,17.678419,12,0.537109,43,0.02359763,17,1.0,0.5,0.5
13,31,0,1,16.303415,14,0.540039,41,0.0234145,18,1.0,1.0,0.5
13,14,0,1,18.158703,11,0.520996,54,0.02285644,19,1.0,1.0,0.6
13,19,,0,7.357964,51,0.579102,14,0.02252252,20,1.0,1.0,0.5
13,87,,0,15.266827,18,0.536621,44,0.0224359,21,0.4375,1.0,0.5
13,8,,0,12.550416,23,0.543457,37,0.02235747,22,0.6875,0.5,0.6
13,32,,0,10.185522,31,0.550293,29,0.02222497,23,0.5,0.5,0.6
13,29,0,1,10.265595,30,0.545898,34,0.02174941,24,1.0,0.5,1.0
13,47,,0,11.662551,26,0.541016,40,0.02162791,25,1.0,1.0,1.0
13,92,,0,11.36199,27,0.541992,39,0.02159526,26,0.625,0.5,0.6
13,88,0,1,9.288668,36,0.54834,30,0.02152778,27,0.125,0.5,0.2
13,30,0,1,8.712976,45,0.553711,25,0.02128852,28,1.0,1.0,0.5
13,39,,0,17.20926,13,0.490967,75,0.02110604,29,1.0,1.0,0.5
13,52,,0,5.5874,61,0.571289,18,0.02108498,30,0.5,0.5,0.2
13,23,,0,8.659261,46,0.552246,26,0.02106187,31,1.0,1.0,1.0
13,41,0,1,20.329708,10,0.457764,88,0.02104247,32,0.125,0.5,1.0
13,18,,0,2.768508,86,0.592285,11,0.02093382,33,1.0,1.0,0.5
13,64,,0,9.23381,37,0.545898,35,0.02083559,34,0.6875,0.5,0.2
13,81,0,1,5.548086,62,0.561035,21,0.0205424,35,1.0,0.5,0.5
13,49,,0,6.633536,58,0.555664,23,0.02052277,36,1.0,0.5,0.5
13,37,,0,4.879841,66,0.562988,20,0.02043651,37,0.625,0.5,0.5
13,6,0,1,1.759489,99,0.590332,12,0.0201782,38,1.0,1.0,0.5
13,26,,0,7.883515,49,0.546875,31,0.02016332,39,1.0,1.0,0.6
13,86,,0,6.690024,57,0.550781,28,0.01991064,40,0.5625,1.0,0.6
13,38,,0,14.005729,22,0.493652,73,0.01971392,41,1.0,1.0,0.6
13,33,,0,2.033293,95,0.571289,17,0.01943863,42,0.375,0.5,0.5
13,74,,0,11.727879,25,0.493896,72,0.01934046,43,0.8125,1.0,0.6
13,96,,0,9.780129,32,0.51123,60,0.0192029,44,0.4375,0.5,0.5
13,83,,0,9.455549,35,0.520996,56,0.01914701,45,1.0,1.0,1.0
13,102,,0,14.039771,21,0.453369,93,0.01888163,46,1.0,1.0,0.5
13,103,,0,14.887799,19,0.399414,104,0.01875579,47,1.0,1.0,0.5
13,55,0,1,9.726399,33,0.506348,65,0.01875269,48,1.0,1.0,0.5
13,46,,0,7.135593,52,0.539062,42,0.01873249,49,1.0,1.0,0.2
13,21,0,1,3.439673,79,0.55127,27,0.0186885,50,1.0,0.5,0.5
14,12,3,1,183.546762,1,0.750977,1,0.03278689,1,0.5,1.0,0.5
14,10,1,1,54.253612,2,0.699707,2,0.03225806,2,0.0,0.5,0.2
14,11,1,1,44.851383,5,0.678711,3,0.03125763,3,0.0,0.5,1.0
14,24,0,1,46.506856,4,0.614746,6,0.03077652,4,1.0,1.0,0.5
14,2,0,1,31.208427,9,0.619141,5,0.02987737,5,0.0,0.5,0.6
14,22,0,1,42.52562,6,0.587891,10,0.02943723,6,0.1,0.5,0.2
14,18,0,1,29.89994,10,0.576172,14,0.02779923,7,0.0,0.5,0.5
14,9,1,1,15.039216,27,0.625,4,0.02711925,8,0.0,0.0,0.5
14,3,0,1,17.106001,24,0.602539,8,0.02661064,9,0.0,0.5,0.5
14,15,0,1,22.871008,14,0.569824,18,0.02633403,10,0.1,0.5,0.5
14,70,0,1,31.607111,8,0.553223,28,0.02606952,11,0.2,0.5,0.2
14,44,0,1,21.64535,18,0.57373,16,0.02597841,12,0.3,1.0,0.6
14,31,,0,24.090635,12,0.556641,24,0.02579365,13,0.6,0.5,0.5
14,4,0,1,10.597582,37,0.594238,9,0.02480203,14,0.6,1.0,0.2
14,40,,0,21.165099,19,0.554688,25,0.02442293,15,0.7,1.0,0.2
14,13,0,1,50.394365,3,0.503418,58,0.02434759,16,0.0,0.0,0.5
14,50,0,1,8.514524,49,0.603516,7,0.02409969,17,0.4,0.5,0.6
14,19,,0,20.973493,20,0.553223,27,0.02399425,18,0.2,0.5,0.5
14,49,,0,22.979396,13,0.540039,38,0.02390271,19,0.0,0.0,0.5
14,8,0,1,37.153586,7,0.515137,53,0.02377493,20,1.0,1.0,0.6
14,51,,0,28.643213,11,0.52832,44,0.02369989,21,0.7,0.5,0.5
14,1,,0,15.024034,28,0.561523,23,0.02341183,22,0.0,0.0,0.5
14,20,,0,14.046539,32,0.566406,20,0.02336957,23,1.0,1.0,0.6
14,47,,0,21.653952,17,0.540527,37,0.02329629,24,0.1,0.5,1.0
14,34,,0,8.733601,46,0.574707,15,0.0227673,25,0.0,0.5,0.2
14,29,0,1,14.552218,30,0.552734,29,0.02234707,26,0.0,0.0,1.0
14,36,0,1,4.39707,69,0.585938,12,0.02164083,27,0.4,1.0,0.5
14,32,,0,11.497071,34,0.548828,31,0.02162731,28,1.0,1.0,0.6
14,86,0,1,20.026633,21,0.522461,49,0.02151999,29,1.0,0.5,0.6
14,45,0,1,4.414475,68,0.584473,13,0.02151113,30,0.0,0.0,0.5
14,104,,0,21.74141,16,0.492432,66,0.0210944,31,0.8,1.0,0.6
14,30,,0,14.146464,31,0.538086,39,0.02109002,32,0.4,0.5,0.5
14,61,,0,17.737297,23,0.51709,52,0.02097676,33,0.0,0.0,0.5
14,35,0,1,9.586038,42,0.550293,30,0.02091503,34,0.0,0.5,1.0
14,52,,0,0.835019,92,0.586426,11,0.02066345,35,1.0,1.0,0.2
14,48,,0,3.931271,74,0.570312,17,0.0204497,36,0.9,1.0,0.5
14,43,,0,22.195323,15,0.459229,82,0.02037559,37,0.0,0.5,0.5
14,7,,0,8.69137,47,0.546875,32,0.02021536,38,0.0,0.5,0.5
14,33,,0,4.985743,65,0.563477,22,0.02019512,39,0.0,0.0,0.5
14,82,,0,10.258624,39,0.53418,42,0.01990493,40,0.3,0.5,0.2
14,23,0,1,5.104109,64,0.553711,26,0.01969242,41,0.4,0.5,1.0
14,17,,0,1.582293,84,0.569824,19,0.01960267,42,0.0,0.0,1.0
14,57,,0,16.898617,25,0.490479,68,0.01957721,43,0.0,0.0,0.5
14,68,,0,12.2863,33,0.513672,54,0.01952462,44,1.0,1.0,0.6
14,59,0,1,16.692895,26,0.491211,67,0.01950192,45,0.0,0.5,1.0
14,58,,0,6.252203,58,0.544434,34,0.01911287,46,0.0,0.5,0.2
14,92,,0,0.839939,91,0.564941,21,0.0189682,47,1.0,1.0,0.6
14,39,,0,18.800579,22,0.454346,88,0.01895188,48,0.0,0.5,0.5
14,6,0,1,7.883735,51,0.53418,41,0.01891,49,0.2,0.5,0.5
14,62,,0,14.601344,29,0.484375,72,0.01881171,50,0.0,0.5,0.6
15,10,2,1,134.51869,1,0.741211,1,0.03278689,1,1.0,1.0,0.2
15,12,2,1,96.65053,2,0.695801,2,0.03225806,2,0.8125,0.5,0.5
15,9,2,1,80.193058,3,0.681641,3,0.03174603,3,1.0,0.5,0.5
15,15,0,1,53.07667,4,0.62207,6,0.03077652,4,1.0,1.0,0.5
15,29,0,1,44.512158,5,0.598633,10,0.02967033,5,1.0,0.5,1.0
15,31,0,1,32.137977,8,0.620605,7,0.02963126,6,0.75,1.0,0.5
15,52,1,1,23.698361,19,0.626953,5,0.02804284,7,0.25,0.5,0.2
15,50,1,1,24.088069,18,0.598145,11,0.02690502,8,0.875,1.0,0.6
15,92,0,1,25.402544,15,0.585449,14,0.02684685,9,0.375,0.5,0.6
15,17,0,1,28.88867,12,0.578125,20,0.02638889,10,1.0,0.5,1.0
15,4,,0,22.754645,23,0.594238,12,0.02593708,11,0.75,0.5,0.2
15,1,,0,27.16821,13,0.570312,25,0.02546334,12,1.0,0.5,0.5
15,18,,0,29.416959,11,0.566895,29,0.02532046,13,1.0,1.0,0.5
15,2,0,1,16.310498,48,0.627441,4,0.02488426,14,1.0,1.0,0.6
15,3,,0,20.194759,31,0.586426,13,0.02468764,15,1.0,1.0,0.5
15,11,2,1,16.860772,45,0.617676,8,0.02422969,16,1.0,1.0,1.0
15,14,0,1,20.792187,28,0.581055,18,0.02418415,17,0.875,1.0,0.6
15,58,0,1,35.009278,6,0.536621,52,0.02408009,18,1.0,1.0,0.2
15,35,,0,24.993457,16,0.562988,34,0.02379619,19,1.0,1.0,1.0
15,96,0,1,31.966528,9,0.537598,51,0.02350176,20,0.1875,0.5,0.5
15,45,,0,18.648762,38,0.58252,17,0.02319109,21,1.0,0.5,0.5
15,69,0,1,33.01986,7,0.520508,63,0.02305545,22,1.0,0.5,0.5
15,49,1,1,12.199953,58,0.599121,9,0.02296733,23,1.0,0.5,0.5
15,70,0,1,31.737454,10,0.532715,56,0.0229064,24,1.0,1.0,0.2
15,66,,0,22.619477,24,0.565918,32,0.02277433,25,1.0,1.0,0.5
15,30,0,1,18.937515,35,0.572754,23,0.02257451,26,0.875,1.0,0.5
15,47,0,1,21.832261,27,0.566895,31,0.02248326,27,1.0,1.0,1.0
15,60,0,1,24.35453,17,0.549316,46,0.02242098,28,0.5625,0.5,0.5
15,91,,0,26.055459,14,0.536621,53,0.02236307,29,0.9375,1.0,0.5
15,16,,0,17.992727,40,0.575684,21,0.02234568,30,0.3125,0.5,0.2
15,48,0,1,18.090918,39,0.570312,26,0.02172892,31,0.5625,0.5,0.5
15,13,,0,12.744824,57,0.57959,19,0.02120524,32,1.0,0.5,0.5
15,19,0,1,20.624725,30,0.557617,40,0.02111111,33,1.0,1.0,0.5
15,97,,0,22.371298,25,0.539062,48,0.02102397,34,1.0,0.5,0.5
15,6,,0,9.967382,72,0.583496,15,0.02090909,35,1.0,1.0,0.5
15,44,,0,23.231698,21,0.527832,59,0.02074904,36,0.9375,0.5,0.6
15,86,,0,13.537205,54,0.571289,24,0.02067669,37,0.3125,1.0,0.6
15,36,,0,20.049646,32,0.552246,43,0.0205783,38,0.875,0.5,0.5
15,38,,0,23.579783,20,0.510254,66,0.02043651,39,1.0,1.0,0.6
15,33,,0,11.612847,62,0.574219,22,0.02039184,40,0.625,0.5,0.5
15,40,,0,18.932247,36,0.557617,41,0.02031766,41,0.6875,0.5,0.2
15,57,,0,22.883659,22,0.514648,64,0.02025964,42,1.0,0.5,0.5
15,22,,0,12.995943,56,0.569336,27,0.02011494,43,1.0,1.0,0.2
15,32,,0,19.415632,34,0.538086,50,0.01972921,44,0.25,0.5,0.6
15,37,,0,5.083651,98,0.583496,16,0.01948701,45,0.875,0.5,0.5
15,21,,0,18.852949,37,0.538574,49,0.01948359,46,1.0,0.5,0.5
15,39,,0,20.630187,29,0.513672,65,0.01923596,47,1.0,1.0,0.5
15,24,,0,13.714104,53,0.555176,42,0.01865348,48,0.375,0.5,0.5
15,82,,0,9.185393,78,0.567871,28,0.01861001,49,0.9375,1.0,0.2
15,54,,0,19.783982,33,0.506836,69,0.01850463,50,0.9375,1.0,0.5
16,15,3,1,70.337627,1,0.744141,1,0.03278689,1,0.1,0.5,0.5
16,16,3,1,69.900052,2,0.671875,2,0.03225806,2,1.0,1.0,0.2
16,13,2,1,55.09795,4,0.636719,5,0.03100962,3,0.0,0.0,0.5
16,14,3,1,67.421412,3,0.626465,7,0.03079839,4,0.4,0.5,0.6
16,51,2,1,36.448488,5,0.626953,6,0.03053613,5,0.7,0.5,0.5
16,52,2,1,33.257882,8,0.666992,4,0.03033088,6,1.0,1.0,0.2
16,50,2,1,26.772759,11,0.667969,3,0.02995752,7,0.4,0.5,0.6
16,35,0,1,35.76436,6,0.567871,11,0.02923602,8,0.0,0.5,1.0
16,72,0,1,23.668547,17,0.557617,15,0.02632035,9,1.0,1.0,0.5
16,12,0,1,17.551056,24,0.560059,13,0.02560339,10,0.5,1.0,0.5
16,29,0,1,34.235573,7,0.529297,34,0.02556367,11,0.0,0.0,1.0
16,32,0,1,14.943477,32,0.563965,12,0.02475845,12,1.0,1.0,0.6
16,49,2,1,25.252342,13,0.522461,38,0.02390271,13,0.0,0.0,0.5
16,86,,0,16.110509,29,0.54834,20,0.02373596,14,1.0,0.5,0.6
16,87,0,1,10.368408,54,0.612793,8,0.02347781,15,1.0,0.5,0.5
16,6,,0,24.065235,16,0.522461,37,0.02346717,16,0.2,0.5,0.5
16,28,,0,17.656844,22,0.536133,29,0.02343108,17,1.0,1.0,0.2
16,11,0,1,20.55833,20,0.53125,33,0.02325269,18,0.0,0.5,1.0
16,60,0,1,10.038966,56,0.574219,9,0.02311344,19,0.9,1.0,0.5
16,33,,0,16.193546,28,0.536621,27,0.02285789,20,0.0,0.0,0.5
16,91,,0,13.45075,34,0.546875,22,0.02283342,21,0.3,0.5,0.5
16,4,0,1,13.405703,35,0.544922,23,0.02257451,22,0.6,1.0,0.2
16,70,0,1,7.280221,62,0.574219,10,0.02248244,23,0.2,0.5,0.2
16,96,,0,20.346018,21,0.516602,40,0.02234568,24,1.0,1.0,0.5
16,67,0,1,28.207216,9,0.478271,70,0.02218506,25,0.4,0.5,0.5
16,94,,0,11.187033,51,0.55127,17,0.02199602,26,0.6,0.5,0.2
16,30,0,1,24.965572,14,0.493896,59,0.02191687,27,0.4,0.5,0.5
16,20,,0,16.890935,26,0.512695,42,0.02143183,28,1.0,1.0,0.6
16,5,0,1,26.422973,12,0.474365,73,0.02140769,29,0.0,0.0,1.0
16,102,0,1,27.026813,10,0.449463,86,0.02113503,30,0.0,0.5,0.5
16,8,,0,24.36355,15,0.476074,71,0.02096692,31,1.0,1.0,0.6
16,68,,0,22.815097,18,0.486816,63,0.02095059,32,1.0,1.0,0.6
16,40,,0,17.369835,25,0.499756,49,0.02093902,33,0.7,1.0,0.2
16,26,,0,16.83381,27,0.505371,46,0.02092822,34,0.0,0.5,0.6
16,1,,0,4.494564,75,0.559082,14,0.02092092,35,0.0,0.0,0.5
16,71,,0,17.631864,23,0.497314,53,0.02089775,36,0.0,0.5,1.0
16,55,,0,11.120812,53,0.542969,24,0.02075432,37,0.5,0.5,0.5
16,83,,0,11.814043,43,0.533203,31,0.02069775,38,0.6,0.5,1.0
16,34,,0,5.734922,68,0.549316,19,0.02047073,39,0.0,0.5,0.2
16,39,0,1,4.289993,77,0.554199,16,0.02045716,40,0.0,0.5,0.5
16,46,0,1,11.650015,45,0.531738,32,0.02039337,41,0.0,0.5,0.2
16,61,,0,6.297409,67,0.547852,21,0.02021969,42,0.0,0.0,0.5
16,66,,0,22.718321,19,0.457031,80,0.01980108,43,0.1,0.5,0.5
16,10,,0,2.952705,86,0.550293,18,0.01966983,44,0.0,0.5,0.2
16,69,0,1,12.855675,37,0.502441,47,0.01965507,45,0.0,0.0,0.5
16,92,0,1,12.084075,41,0.51123,43,0.01960973,46,1.0,1.0,0.6
16,18,,0,11.51119,49,0.524414,36,0.01959098,47,0.0,0.5,0.5
16,64,,0,7.071152,64,0.536621,28,0.01942815,48,1.0,1.0,0.2
16,27,,0,4.452862,76,0.539551,25,0.01911765,49,0.3,0.5,0.5
16,54,,0,7.576703,60,0.524902,35,0.01885965,50,0.3,0.5,0.5
17,13,3,1,109.879081,1,0.660645,2,0.03252247,1,1.0,0.5,0.5
17,15,3,1,61.202977,5,0.697754,1,0.03177806,2,1.0,1.0,0.5
17,51,2,1,102.340889,2,0.650391,4,0.03175403,3,1.0,1.0,0.5
17,70,1,1,69.735262,4,0.658203,3,0.03149802,4,1.0,1.0,0.2
17,50,2,1,37.2833,10,0.627441,6,0.02943723,5,1.0,1.0,0.6
17,14,3,1,41.52516,6,0.604004,11,0.02923602,6,1.0,1.0,0.6
17,49,2,1,38.829808,8,0.604004,12,0.02859477,7,1.0,0.5,0.5
17,52,2,1,25.869927,18,0.628418,5,0.02820513,8,0.7143,0.5,0.2
17,31,0,1,35.545076,11,0.601562,13,0.02778314,9,1.0,1.0,0.5
17,39,0,1,25.589553,19,0.609863,8,0.02736411,10,1.0,1.0,0.5
17,78,0,1,40.146121,7,0.58252,24,0.02683014,11,1.0,1.0,0.5
17,12,,0,31.865786,12,0.592285,18,0.0267094,12,1.0,0.5,0.5
17,32,0,1,20.153871,25,0.61084,7,0.02669008,13,0.7143,0.5,0.6
17,61,0,1,27.431519,16,0.597656,15,0.02649123,14,0.5714,0.5,0.5
17,30,,0,31.133152,13,0.588867,21,0.02604431,15,1.0,1.0,0.5
17,20,0,1,18.790795,27,0.609375,9,0.02598701,16,1.0,0.5,0.6
17,8,0,1,71.561586,3,0.557129,42,0.02567694,17,0.9286,0.5,0.6
17,29,0,1,20.434721,24,0.600098,14,0.02541828,18,1.0,0.5,1.0
17,90,,0,30.376794,14,0.581055,25,0.02527822,19,1.0,1.0,0.5
17,55,,0,27.792339,15,0.575684,28,0.02469697,20,1.0,1.0,0.5
17,16,2,1,37.968739,9,0.557617,41,0.02439374,21,0.7857,0.5,0.2
17,19,,0,19.897267,26,0.590332,20,0.02412791,22,1.0,1.0,0.5
17,91,,0,22.824113,21,0.561523,39,0.02244669,23,1.0,1.0,0.5
17,10,0,1,6.70858,63,0.608887,10,0.0224158,24,0.7857,1.0,0.2
17,40,0,1,15.948695,38,0.583008,23,0.02225227,25,1.0,0.5,0.2
17,86,,0,18.78049,28,0.570801,33,0.02211632,26,0.7857,1.0,0.6
17,64,,0,6.110889,65,0.594727,16,0.02115789,27,0.9286,0.5,0.2
17,62,,0,23.962775,20,0.540527,56,0.02112069,28,1.0,1.0,0.6
17,88,,0,8.417924,59,0.59082,19,0.02106159,29,0.2857,0.5,0.2
17,4,0,1,11.444268,48,0.577148,26,0.02088717,30,1.0,0.5,0.2
17,48,,0,17.613113,33,0.558594,40,0.02075269,31,1.0,0.5,0.5
17,43,,0,27.310751,17,0.520508,75,0.02039442,32,0.7857,1.0,0.5
17,57,,0,21.084448,22,0.532227,65,0.02019512,33,0.4286,0.5,0.5
17,6,,0,10.952835,50,0.572754,31,0.02007992,34,1.0,1.0,0.5
17,35,,0,10.657647,51,0.572266,32,0.01987857,35,0.7857,1.0,1.0
17,33,,0,1.604668,92,0.592773,17,0.01956596,36,0.0,0.5,0.5
17,11,0,1,9.226317,53,0.568359,35,0.01937587,37,1.0,1.0,1.0
17,59,,0,20.693859,23,0.514648,77,0.01934746,38,1.0,1.0,1.0
17,26,,0,18.342818,29,0.533691,64,0.01930047,39,1.0,1.0,0.6
17,87,,0,5.173263,70,0.577148,27,0.01918656,40,0.6429,1.0,0.5
17,7,0,1,6.406831,64,0.573242,30,0.01917563,41,1.0,1.0,0.5
17,18,,0,17.932135,31,0.533691,63,0.01911909,42,1.0,1.0,0.5
17,82,,0,15.477379,39,0.54834,51,0.01911002,43,1.0,1.0,0.2
17,17,,0,13.113669,42,0.550781,49,0.01897823,44,0.8571,0.5,1.0
17,47,0,1,12.906347,43,0.550781,50,0.01879965,45,1.0,1.0,1.0
17,68,0,1,16.083072,36,0.537109,60,0.01875,46,0.8571,0.5,0.6
17,85,,0,0.70327,95,0.587891,22,0.01864673,47,1.0,0.5,0.5
17,1,,0,10.62555,52,0.554199,46,0.01836253,48,0.5714,0.5,0.5
17,25,,0,17.845256,32,0.521484,74,0.01833225,49,0.7143,0.5,0.5
17,9,,0,8.437389,58,0.555664,43,0.01818331,50,0.4286,0.5,0.5
18,14,2,1,72.167168,3,0.749023,1,0.03226646,1,0.1111,0.5,0.6
18,16,3,1,77.807317,2,0.687012,3,0.03200205,2,1.0,1.0,0.2
18,13,2,1,93.781971,1,0.661133,5,0.03177806,3,0.0,0.0,0.5
18,15,2,1,35.623559,6,0.695801,2,0.03128055,4,0.0,0.5,0.5
18,51,2,1,55.24326,5,0.643066,7,0.03030999,5,0.4444,0.5,0.5
18,11,0,1,63.671035,4,0.604492,10,0.02991071,6,0.0,0.5,1.0
18,50,2,1,26.429299,13,0.664062,4,0.02932363,7,0.1111,0.5,0.6
18,52,2,1,26.61557,12,0.659668,6,0.0290404,8,1.0,1.0,0.2
18,49,2,1,28.174517,10,0.574707,16,0.02744361,9,0.0,0.0,0.5
18,29,0,1,24.438544,14,0.58252,13,0.02721214,10,0.0,0.0,1.0
18,74,0,1,30.611151,9,0.571289,20,0.02699275,11,0.6667,0.5,0.6
18,40,0,1,15.982829,23,0.622559,8,0.02675408,12,0.4444,1.0,0.2
18,4,0,1,16.051161,22,0.617188,9,0.02668788,13,0.3333,1.0,0.2
18,39,,0,21.402698,16,0.582031,14,0.02667141,14,0.0,0.5,0.5
18,87,0,1,16.545892,20,0.588379,12,0.02638889,15,1.0,0.5,0.5
18,30,,0,15.523381,24,0.571777,18,0.02472527,16,0.1111,0.5,0.5
18,94,,0,16.166865,21,0.569824,21,0.02469136,17,0.3333,0.5,0.2
18,35,,0,20.644021,18,0.557617,26,0.02444842,18,0.0,0.5,1.0
18,10,,0,11.312976,38,0.591309,11,0.02428859,19,0.0,0.5,0.2
18,2,0,1,32.788078,8,0.53125,46,0.02413984,20,0.0,0.5,0.6
18,62,,0,26.874294,11,0.539551,40,0.02408451,21,0.0,0.5,0.6
18,68,0,1,33.864046,7,0.505371,71,0.02255896,22,1.0,1.0,0.6
18,9,0,1,9.427311,46,0.57373,17,0.02242098,23,0.0,0.0,0.5
18,5,,0,10.902527,40,0.562988,22,0.02219512,24,0.0,0.0,1.0
18,1,,0,9.639063,45,0.571289,19,0.02218204,25,0.0,0.0,0.5
18,54,,0,14.009706,29,0.547852,32,0.02210552,26,0.0,0.5,0.5
18,27,0,1,11.451421,37,0.553223,28,0.02167291,27,0.0,0.5,0.5
18,55,,0,9.93436,41,0.551758,29,0.02113695,28,0.2222,0.5,0.5
18,20,,0,19.905074,19,0.516113,59,0.02106159,29,0.7778,1.0,0.6
18,6,,0,15.040058,26,0.529785,47,0.0209737,30,0.0,0.5,0.5
18,12,,0,7.975666,48,0.554199,27,0.02075351,31,0.2222,1.0,0.5
18,38,,0,22.765357,15,0.499756,77,0.0206326,32,0.0,0.5,0.6
18,43,,0,13.768662,32,0.532227,44,0.02048495,33,0.0,0.5,0.5
18,88,,0,2.560094,86,0.581055,15,0.02018265,34,1.0,1.0,0.2
18,78,0,1,5.379524,63,0.561035,23,0.02017827,35,0.5556,0.5,0.5
18,37,,0,11.647247,35,0.531738,45,0.02005013,36,0.0,0.0,0.5
18,67,0,1,13.815554,31,0.525879,52,0.01991758,37,0.1111,0.5,0.5
18,81,,0,15.047315,25,0.512695,64,0.01982922,38,0.0,0.0,0.5
18,7,,0,11.910487,34,0.52832,49,0.01981261,39,0.0,0.5,0.5
18,70,,0,13.936557,30,0.521484,56,0.0197318,40,0.0,0.5,0.2
18,80,,0,4.367441,68,0.560059,24,0.01971726,41,1.0,1.0,0.6
18,71,,0,20.738312,17,0.472656,98,0.01931613,42,0.0,0.5,1.0
18,64,0,1,6.752517,57,0.546875,33,0.0192997,43,0.8889,1.0,0.2
18,91,,0,7.792444,50,0.537109,42,0.01889483,44,0.0,0.5,0.5
18,72,,0,5.3829,62,0.546875,34,0.01883502,45,1.0,1.0,0.5
18,82,,0,11.621651,36,0.515137,60,0.01875,46,0.0,0.5,0.2
18,90,0,1,7.751643,53,0.533691,43,0.0185583,47,0.0,0.5,0.5
18,86,,0,2.161321,89,0.559082,25,0.01847612,48,1.0,0.5,0.6
18,104,,0,5.492216,61,0.541504,38,0.01846854,49,0.5556,1.0,0.6
18,83,,0,8.084991,47,0.526367,51,0.0183548,50,0.3333,0.5,1.0
19,16,3,1,115.0286,1,0.754883,1,0.03278689,1,0.9286,0.5,0.2
19,14,2,1,30.252778,3,0.654785,5,0.03125763,2,1.0,1.0,0.6
19,51,2,1,30.209979,4,0.657227,4,0.03125,3,1.0,1.0,0.5
19,13,3,1,40.573208,2,0.616211,7,0.03105441,4,0.9286,0.5,0.5
19,15,2,1,24.676987,7,0.671875,2,0.03105441,5,1.0,1.0,0.5
19,50,2,1,21.558602,12,0.671387,3,0.0297619,6,1.0,1.0,0.6
19,52,2,1,21.753887,11,0.639648,6,0.02923602,7,0.8571,0.5,0.2
19,55,0,1,22.882493,9,0.59082,10,0.02877847,8,1.0,1.0,0.5
19,60,0,1,18.901652,16,0.608398,8,0.02786378,9,1.0,0.5,0.5
19,49,2,1,16.172416,19,0.581543,12,0.02654712,10,1.0,0.5,0.5
19,11,0,1,26.955005,5,0.540527,33,0.0261373,11,1.0,1.0,1.0
19,53,,0,18.774836,17,0.562988,18,0.02580753,12,0.9286,0.5,1.0
19,78,0,1,22.152133,10,0.543457,31,0.02527473,13,1.0,1.0,0.5
19,6,0,1,21.332397,13,0.548828,28,0.02506227,14,1.0,1.0,0.5
19,29,0,1,8.132595,31,0.57373,13,0.02468764,15,0.9286,0.5,1.0
19,86,,0,8.761728,29,0.568359,16,0.02439385,16,0.9286,1.0,0.6
19,30,0,1,13.818488,23,0.552734,23,0.02409639,17,1.0,1.0,0.5
19,7,0,1,26.762395,6,0.523926,54,0.02392344,18,0.9286,1.0,0.5
19,37,,0,7.371162,32,0.557129,21,0.02321524,19,0.0,0.5,0.5
19,85,0,1,24.028665,8,0.514648,61,0.02297035,20,1.0,0.5,0.5
19,64,0,1,3.150951,60,0.605469,9,0.02282609,21,1.0,0.5,0.2
19,35,,0,9.784469,28,0.547852,30,0.02247475,22,0.6429,1.0,1.0
19,90,,0,5.105676,42,0.560059,19,0.02246215,23,1.0,1.0,0.5
19,31,0,1,15.489558,21,0.529297,43,0.02205442,24,1.0,1.0,0.5
19,82,,0,6.168944,39,0.551758,24,0.02200577,25,1.0,1.0,0.2
19,4,,0,6.775313,35,0.542969,32,0.02139588,26,1.0,0.5,0.2
19,2,,0,10.377637,27,0.529785,41,0.02139524,27,1.0,1.0,0.6
19,28,,0,15.782557,20,0.522949,55,0.02119565,28,1.0,0.5,0.2
19,10,,0,3.049844,62,0.566895,17,0.02118373,29,0.6429,1.0,0.2
19,87,,0,0.653234,86,0.583496,11,0.02093382,30,0.7857,1.0,0.5
19,32,0,1,3.150951,59,0.558594,20,0.02090336,31,0.8571,0.5,0.6
19,5,,0,7.133775,33,0.531738,39,0.0208537,32,0.5714,0.5,1.0
19,92,,0,19.284602,15,0.494385,77,0.0206326,33,1.0,0.5,0.6
19,88,,0,4.275108,53,0.551758,25,0.02061426,34,0.4286,0.5,0.2
19,54,,0,1.364102,78,0.568359,15,0.02057971,35,1.0,1.0,0.5
19,39,0,1,6.237498,37,0.532227,38,0.02051336,36,0.9286,1.0,0.5
19,74,,0,8.535045,30,0.526855,49,0.02028542,37,1.0,1.0,0.6
19,27,,0,10.410301,25,0.514648,60,0.02009804,38,1.0,1.0,0.5
19,65,,0,20.983819,14,0.462891,92,0.02009246,39,0.7143,0.5,1.0
19,8,,0,10.397191,26,0.514648,59,0.02003127,40,1.0,0.5,0.6
19,61,,0,0.0,96,0.57373,14,0.01992377,41,0.4286,0.5,0.5
19,70,,0,1.987254,70,0.553711,22,0.01988743,42,1.0,1.0,0.2
19,12,,0,4.486914,48,0.535645,35,0.01978558,43,1.0,0.5,0.5
19,76,,0,17.552191,18,0.473389,86,0.01966983,44,0.6429,0.5,0.2
19,36,,0,2.578766,65,0.550293,26,0.01962791,45,1.0,0.5,0.5
19,96,,0,3.088627,61,0.54834,29,0.01950042,46,0.7857,0.5,0.5
19,83,,0,11.438771,24,0.498535,73,0.01942356,47,1.0,1.0,1.0
19,72,,0,3.828329,56,0.533203,37,0.01892997,48,1.0,0.5,0.5
19,22,,0,15.292578,22,0.468506,90,0.01886179,49,1.0,1.0,0.2
19,40,,0,4.671975,46,0.527832,48,0.01869322,50,1.0,0.5,0.2
20,14,2,1,70.411797,2,0.675781,1,0.03252247,1,0.875,0.5,0.6
20,15,2,1,73.256951,1,0.675781,2,0.03252247,2,1.0,0.5,0.5
20,13,3,1,51.461478,4,0.611328,3,0.03149802,3,1.0,1.0,0.5
20,39,1,1,30.451924,11,0.606934,4,0.02970951,4,1.0,0.5,0.5
20,16,1,1,40.113598,5,0.580566,11,0.02946912,5,0.3125,0.0,0.2
20,51,2,1,34.733506,7,0.587402,9,0.02941813,6,0.6875,0.5,0.5
20,50,2,1,27.331736,12,0.589355,7,0.02881426,7,0.875,0.5,0.6
20,78,0,1,56.798882,3,0.560059,20,0.02837302,8,0.625,0.5,0.5
20,9,0,1,21.265343,21,0.59082,6,0.02749719,9,1.0,1.0,0.5
20,55,0,1,38.841282,6,0.556152,22,0.02734664,10,0.8125,0.5,0.5
20,52,2,1,25.230972,15,0.571777,14,0.02684685,11,0.25,0.0,0.2
20,35,0,1,32.669995,8,0.551758,24,0.02661064,12,1.0,0.5,1.0
20,4,0,1,8.930555,46,0.591797,5,0.02481858,13,0.75,0.0,0.2
20,12,,0,14.989546,29,0.567383,17,0.02422297,14,0.8125,0.0,0.5
20,40,1,1,9.597412,43,0.58252,10,0.02399445,15,0.6875,0.0,0.2
20,33,,0,10.878388,39,0.568848,15,0.02343434,16,0.625,1.0,0.5
20,49,,0,19.355257,23,0.541992,28,0.02341183,17,1.0,1.0,0.5
20,10,0,1,8.363288,49,0.57373,12,0.0230632,18,1.0,0.5,0.2
20,47,0,1,32.338938,10,0.516113,55,0.02298137,19,1.0,0.5,1.0
20,43,,0,21.472575,18,0.533691,42,0.02262443,20,1.0,0.5,0.5
20,6,0,1,16.168676,26,0.538086,33,0.0223806,21,1.0,0.5,0.5
20,5,0,1,16.122617,27,0.539062,32,0.02236382,22,1.0,1.0,1.0
20,29,0,1,12.014833,37,0.554199,23,0.02235747,23,1.0,1.0,1.0
20,26,0,1,32.382712,9,0.498047,70,0.02218506,24,1.0,0.5,0.6
20,92,,0,26.598046,14,0.516113,56,0.0221342,25,0.375,0.0,0.6
20,80,,0,26.917178,13,0.511719,60,0.02203196,26,0.125,0.0,0.6
20,94,,0,12.411981,35,0.542969,27,0.02202057,27,0.75,0.5,0.2
20,90,,0,12.53438,34,0.541992,29,0.02187425,28,1.0,0.5,0.5
20,1,0,1,3.301939,82,0.587402,8,0.02174814,29,1.0,1.0,0.5
20,53,,0,13.909274,31,0.536621,36,0.02140568,30,1.0,1.0,1.0
20,82,,0,7.333935,55,0.561523,19,0.02135388,31,0.9375,0.5,0.2
20,30,,0,6.597922,59,0.564453,18,0.02122387,32,0.875,0.5,0.5
20,86,,0,21.073144,22,0.521973,52,0.02112369,33,0.3125,0.5,0.6
20,18,,0,12.118125,36,0.536133,37,0.02072595,34,1.0,0.5,0.5
20,61,,0,9.874063,42,0.537598,35,0.02033024,35,1.0,1.0,0.5
20,69,,0,15.743652,28,0.517578,53,0.02021319,36,1.0,1.0,0.5
20,67,,0,17.446226,25,0.512207,59,0.02016807,37,0.875,0.5,0.5
20,22,,0,14.143447,30,0.516602,54,0.01988304,38,1.0,0.5,0.2
20,37,,0,0.0,104,0.573242,13,0.01979619,39,0.875,1.0,0.5
20,38,,0,9.443336,44,0.534668,39,0.01971639,40,1.0,0.5,0.6
20,54,0,1,1.436605,98,0.568359,16,0.01948701,41,0.9375,0.5,0.5
20,89,,0,21.283512,20,0.478516,86,0.01934932,42,1.0,1.0,1.0
20,41,,0,21.353989,19,0.472412,90,0.01932489,43,0.375,1.0,1.0
20,95,,0,22.016724,16,0.43042,103,0.01929286,44,0.625,0.5,1.0
20,76,,0,21.69005,17,0.439209,99,0.01927632,45,0.0625,0.0,0.2
20,17,,0,7.86651,50,0.53418,40,0.01909091,46,1.0,1.0,1.0
20,34,,0,7.4733,54,0.535156,38,0.01897601,47,1.0,0.5,0.2
20,20,0,1,1.832295,93,0.557129,21,0.01888163,48,0.5,0.0,0.6
20,28,,0,18.335407,24,0.476562,87,0.01870748,49,0.375,0.0,0.2
20,45,0,1,8.397208,48,0.525879,47,0.01860505,50,1.0,1.0,0.5
21,17,3,1,187.288074,1,0.749023,1,0.03278689,1,0.0,0.0,1.0
21,18,2,1,88.980512,2,0.697754,3,0.03200205,2,0.3333,0.5,0.5
21,20,3,1,80.394341,3,0.726562,2,0.03200205,3,1.0,1.0,0.6
21,19,2,1,78.537266,4,0.625488,5,0.03100962,4,0.6667,0.5,0.5
21,48,0,1,39.304002,10,0.640625,4,0.02991071,5,1.0,1.0,0.5
21,45,0,1,34.530397,12,0.625488,6,0.0290404,6,0.0,0.0,0.5
21,58,0,1,73.198315,5,0.57373,15,0.02871795,7,0.1667,0.5,0.2
21,82,0,1,24.936989,18,0.615234,7,0.02774589,8,0.75,0.5,0.2
21,47,0,1,42.188786,9,0.565918,18,0.02731327,9,0.5833,0.5,1.0
21,22,,0,26.672735,17,0.581543,13,0.02668564,10,0.5833,0.5,0.2
21,24,,0,31.823454,14,0.570801,16,0.02667141,11,1.0,1.0,0.5
21,37,0,1,20.976267,24,0.597168,8,0.02661064,12,0.0,0.0,0.5
21,23,0,1,23.995489,21,0.585938,11,0.02643019,13,0.8333,0.5,1.0
21,92,0,1,63.107158,6,0.538574,30,0.02626263,14,1.0,1.0,0.6
21,8,,0,24.13912,20,0.578613,14,0.02601351,15,1.0,1.0,0.6
21,86,0,1,57.712959,7,0.505859,43,0.02463411,16,1.0,0.5,0.6
21,33,0,1,13.835026,39,0.592285,9,0.02459376,17,0.0,0.0,0.5
21,21,,0,19.888899,25,0.556641,21,0.02411038,18,0.1667,0.0,0.5
21,81,0,1,11.86953,44,0.586914,10,0.0239011,19,0.25,0.0,0.5
21,12,,0,21.963834,23,0.543457,25,0.0238129,20,0.9167,1.0,0.5
21,66,,0,32.638036,13,0.51416,39,0.02379964,21,0.5833,0.5,0.5
21,69,0,1,36.851228,11,0.49707,48,0.02334377,22,0.0,0.0,0.5
21,29,,0,14.28837,36,0.561035,20,0.02291667,23,0.25,0.0,1.0
21,46,,0,18.479251,27,0.539551,29,0.02273021,24,0.25,0.5,0.2
21,35,,0,17.920736,30,0.540039,28,0.02247475,25,0.0,0.5,1.0
21,3,,0,13.785133,40,0.553711,22,0.02219512,26,0.0,0.5,0.5
21,6,,0,11.523201,46,0.56543,19,0.02209219,27,0.6667,0.5,0.5
21,72,0,1,43.123673,8,0.438232,83,0.02169889,28,1.0,1.0,0.5
21,26,,0,24.930333,19,0.485352,54,0.02143016,29,0.4167,0.5,0.6
21,2,0,1,2.974035,77,0.584473,12,0.02118816,30,0.4167,0.5,0.6
21,44,,0,16.831948,32,0.516602,38,0.02107365,31,0.75,1.0,0.6
21,104,,0,22.850778,22,0.481934,56,0.02081581,32,1.0,1.0,0.6
21,10,,0,10.691684,49,0.540527,27,0.02066856,33,0.0,0.5,0.2
21,30,,0,4.024672,71,0.568359,17,0.0206206,34,0.8333,0.5,0.5
21,53,,0,28.308736,16,0.442139,80,0.02030075,35,0.25,0.0,1.0
21,51,,0,29.025603,15,0.428711,86,0.02018265,36,1.0,0.5,0.5
21,55,,0,17.948364,29,0.486816,52,0.02016453,37,0.9167,0.5,0.5
21,9,,0,10.863424,48,0.531738,32,0.02012882,38,0.0,0.0,0.5
21,38,,0,12.218583,43,0.524414,37,0.02001802,39,0.0,0.5,0.6
21,43,0,1,19.497163,26,0.472168,61,0.01989237,40,0.0,0.5,0.5
21,5,0,1,15.531491,33,0.487549,51,0.0197617,41,0.0,0.0,1.0
21,1,,0,8.699487,52,0.53125,33,0.01968126,42,0.0,0.0,0.5
21,36,0,1,7.861728,56,0.536133,31,0.0196097,43,0.8333,1.0,0.5
21,4,,0,3.229913,75,0.549805,23,0.0194556,44,1.0,1.0,0.2
21,78,,0,13.509196,41,0.499268,45,0.0194248,45,1.0,0.5,0.5
21,88,,0,13.932598,38,0.489258,49,0.01937839,46,0.8333,1.0,0.2
21,34,,0,7.720583,59,0.526855,34,0.01904166,47,0.0,0.5,0.2
21,89,,0,8.17753,55,0.510742,41,0.01859664,48,0.0,0.0,1.0
21,96,,0,16.975498,31,0.459473,72,0.01856477,49,1.0,1.0,0.5
21,79,,0,13.959275,37,0.471191,62,0.018506,50,1.0,0.5,0.5
22,18,2,1,165.673033,1,0.839844,1,0.03278689,1,1.0,0.5,0.5
22,6,0,1,50.528769,2,0.637207,3,0.03200205,2,0.875,0.5,0.5
22,3,0,1,35.169776,4,0.676758,2,0.03175403,3,1.0,0.5,0.5
22,17,3,1,40.256485,3,0.597656,5,0.03125763,4,1.0,1.0,1.0
22,12,0,1,28.104562,6,0.569336,16,0.02830941,5,0.6875,0.0,0.5
22,29,0,1,16.595622,15,0.586426,8,0.02803922,6,1.0,1.0,1.0
22,7,0,1,14.895319,21,0.621094,4,0.02797068,7,1.0,0.5,0.5
22,19,1,1,28.736494,5,0.560059,20,0.02788462,8,0.875,0.5,0.5
22,50,0,1,23.429008,9,0.568359,17,0.02747977,9,0.75,0.5,0.6
22,1,0,1,16.811355,14,0.573242,13,0.02721214,10,1.0,1.0,0.5
22,4,0,1,15.448809,19,0.583984,9,0.02715098,11,0.625,0.0,0.2
22,2,0,1,12.669774,27,0.594727,6,0.02664577,12,1.0,0.5,0.6
22,96,,0,18.145397,12,0.560547,19,0.02654712,13,0.0625,0.0,0.5
22,10,0,1,13.413533,24,0.570312,15,0.0252381,14,1.0,0.5,0.2
22,58,0,1,26.564917,8,0.52832,39,0.02480689,15,1.0,0.5,0.2
22,66,0,1,27.398482,7,0.521973,43,0.02463411,16,0.9375,0.5,0.5
22,8,,0,18.950984,11,0.527832,40,0.02408451,17,0.3125,0.0,0.6
22,5,0,1,15.638321,17,0.528809,38,0.02319109,18,1.0,1.0,1.0
22,60,,0,13.674803,23,0.541992,30,0.0231593,19,0.4375,0.0,0.5
22,36,0,1,7.089014,64,0.587402,7,0.02298989,20,0.75,0.0,0.5
22,81,0,1,7.676157,55,0.583984,10,0.02298137,21,1.0,1.0,0.5
22,24,,0,16.326899,16,0.505371,51,0.0221669,22,0.25,0.0,0.5
22,26,0,1,22.612067,10,0.482178,69,0.02203765,23,1.0,0.5,0.6
22,16,,0,17.812495,13,0.489014,62,0.02189535,24,0.1875,0.0,0.2
22,33,,0,5.551425,68,0.575195,12,0.02170139,25,0.75,1.0,0.5
22,45,,0,8.561715,50,0.558594,22,0.02128603,26,1.0,1.0,0.5
22,44,0,1,8.74262,49,0.556152,23,0.0212225,27,0.8125,0.0,0.6
22,31,,0,3.604437,83,0.583496,11,0.02107751,28,0.625,0.5,0.5
22,34,,0,10.6487,35,0.53418,35,0.02105263,29,1.0,0.5,0.2
22,37,,0,15.565202,18,0.489014,63,0.02095059,30,1.0,1.0,0.5
22,22,,0,8.961035,46,0.54541,27,0.02092822,31,0.9375,0.5,0.2
22,71,,0,12.757007,26,0.502441,53,0.02047746,32,1.0,0.5,1.0
22,47,,0,8.965046,45,0.538574,32,0.02039337,33,0.9375,0.5,1.0
22,82,,0,7.665684,56,0.547363,25,0.0203854,34,0.8125,0.5,0.2
22,64,,0,3.135329,89,0.571289,14,0.02022492,35,0.3125,0.0,0.2
22,9,0,1,11.225681,31,0.509766,49,0.02016332,36,1.0,1.0,0.5
22,40,,0,9.168909,43,0.533691,37,0.02001802,37,0.5625,0.0,0.2
22,59,,0,9.993244,37,0.519043,45,0.01983309,38,1.0,0.5,1.0
22,86,,0,7.565814,58,0.543945,29,0.01971053,39,0.1875,0.5,0.6
22,35,,0,7.583573,57,0.541016,31,0.01953602,40,1.0,0.5,1.0
22,78,,0,10.984501,32,0.491699,59,0.01927293,41,0.5,0.5,0.5
22,20,,0,3.377161,87,0.560059,21,0.0191484,42,0.375,0.0,0.6
22,69,,0,10.734366,34,0.494141,58,0.01911287,43,1.0,1.0,0.5
22,30,,0,4.418933,81,0.547363,24,0.01899696,44,0.75,0.5,0.5
22,48,,0,1.045975,103,0.562012,18,0.01895548,45,0.4375,0.0,0.5
22,92,,0,8.538068,51,0.525391,41,0.01891,46,0.25,0.0,0.6
22,32,,0,4.491478,79,0.545898,26,0.01882215,47,0.125,0.0,0.6
22,43,,0,15.373669,20,0.419922,99,0.01878931,48,1.0,0.5,0.5
22,55,,0,14.71076,22,0.442627,92,0.01877407,49,0.6875,0.5,0.5
22,90,,0,11.46119,30,0.479492,72,0.01868687,50,0.9375,0.5,0.5
23,19,3,1,104.048497,1,0.826172,1,0.03278689,1,1.0,1.0,0.5
23,7,1,1,37.540129,3,0.69043,2,0.03200205,2,1.0,1.0,0.5
23,17,2,1,33.335809,7,0.682617,5,0.03030999,3,0.875,0.5,1.0
23,1,0,1,25.854335,16,0.682617,4,0.02878289,4,0.625,0.5,0.5
23,3,0,1,24.443686,18,0.688477,3,0.02869353,5,0.875,1.0,0.5
23,31,0,1,28.845171,12,0.658203,8,0.02859477,6,1.0,1.0,0.5
23,20,1,1,28.947777,11,0.643555,10,0.02837022,7,1.0,0.5,0.6
23,5,1,1,27.188326,13,0.639648,11,0.02778314,8,0.75,0.5,1.0
23,4,0,1,25.819959,17,0.645996,9,0.02747977,9,1.0,0.5,0.2
23,96,0,1,26.543617,14,0.629883,13,0.02721214,10,0.8125,0.5,0.5
23,94,0,1,35.400243,5,0.58252,33,0.0261373,11,1.0,1.0,0.2
23,6,1,1,16.949849,33,0.680664,6,0.0259042,12,1.0,1.0,0.5
23,63,0,1,31.295746,8,0.581055,34,0.02534418,13,1.0,1.0,0.5
23,92,0,1,35.960992,4,0.569336,43,0.02533374,14,1.0,0.5,0.6
23,18,2,1,13.435194,40,0.666992,7,0.02492537,15,1.0,1.0,0.5
23,10,,0,23.293497,20,0.606445,22,0.02469512,16,0.8125,1.0,0.2
23,2,0,1,21.513864,22,0.605469,23,0.02424331,17,1.0,1.0,0.6
23,100,0,1,30.308281,9,0.569336,44,0.02410814,18,1.0,0.5,0.2
23,86,0,1,66.818982,2,0.530762,72,0.02370479,19,0.9375,1.0,0.6
23,81,,0,11.910688,43,0.628418,14,0.02322225,20,1.0,0.5,0.5
23,8,,0,26.000306,15,0.569336,42,0.02313725,21,1.0,0.5,0.6
23,59,0,1,19.650186,26,0.592773,28,0.02299154,22,1.0,1.0,1.0
23,22,,0,13.244076,42,0.614258,16,0.02296182,23,1.0,1.0,0.2
23,21,,0,16.356773,35,0.603516,24,0.02243108,24,1.0,0.5,0.5
23,72,0,1,35.371933,6,0.524902,78,0.02239789,25,1.0,0.5,0.5
23,37,,0,18.81172,30,0.587891,29,0.02234707,26,0.25,0.5,0.5
23,24,,0,10.916094,46,0.606934,21,0.02177964,27,1.0,0.5,0.5
23,51,,0,24.067101,19,0.561523,50,0.02174914,28,1.0,1.0,0.5
23,29,,0,13.417924,41,0.597656,25,0.0216657,29,1.0,0.5,1.0
23,78,0,1,30.039004,10,0.526367,77,0.02158498,30,1.0,1.0,0.5
23,71,,0,19.608544,27,0.57373,41,0.02139524,31,1.0,1.0,1.0
23,82,,0,9.351524,56,0.608398,19,0.02127892,32,1.0,1.0,0.2
23,97,,0,8.576515,61,0.613281,17,0.02125148,33,0.375,0.5,0.5
23,28,,0,14.924637,37,0.583008,32,0.02117884,34,1.0,0.5,0.2
23,64,,0,11.070656,45,0.594727,27,0.02101806,35,1.0,0.5,0.2
23,93,0,1,20.575438,25,0.554688,55,0.02046036,36,1.0,0.5,0.5
23,48,,0,2.422353,93,0.630859,12,0.02042484,37,1.0,0.5,0.5
23,15,,0,19.20482,29,0.562012,49,0.02041027,38,1.0,1.0,0.5
23,85,,0,21.100159,24,0.551758,58,0.02037934,39,1.0,0.5,0.5
23,23,,0,7.201262,68,0.60791,20,0.0203125,40,1.0,1.0,1.0
23,70,,0,14.316976,39,0.574219,38,0.02030509,41,1.0,1.0,0.2
23,33,,0,4.739537,76,0.612793,18,0.02017345,42,0.0,0.5,0.5
23,50,,0,10.337421,49,0.583496,31,0.02016332,43,1.0,1.0,0.6
23,69,,0,15.360659,36,0.567383,45,0.01994048,44,0.875,0.5,0.5
23,11,,0,18.225953,31,0.559082,52,0.01991758,45,1.0,1.0,1.0
23,68,0,1,21.329024,23,0.533203,71,0.01968178,46,1.0,0.5,0.6
23,45,,0,0.882895,101,0.616211,15,0.01954451,47,0.625,0.5,0.5
23,32,0,1,10.563351,47,0.57373,39,0.0194468,48,0.875,0.5,0.6
23,30,0,1,6.312342,70,0.597656,26,0.01932021,49,1.0,1.0,0.5
23,60,,0,10.111908,50,0.57373,40,0.01909091,50,1.0,0.5,0.5
24,20,3,1,239.840878,1,0.816895,1,0.03278689,1,0.7778,1.0,0.6
24,17,1,1,189.821635,2,0.709473,2,0.03225806,2,0.0,0.0,1.0
24,19,1,1,67.239426,3,0.590332,9,0.03036577,3,0.0,0.5,0.5
24,18,1,1,50.715443,5,0.60498,7,0.03030999,4,0.0,0.5,0.5
24,30,0,1,33.324125,11,0.624512,3,0.02995752,5,0.1111,0.5,0.5
24,48,0,1,37.556585,8,0.589844,10,0.0289916,6,0.6667,1.0,0.5
24,45,0,1,30.360854,13,0.591309,8,0.02840451,7,0.0,0.0,0.5
24,32,0,1,36.180834,9,0.584473,12,0.02838164,8,1.0,1.0,0.6
24,29,0,1,28.531297,18,0.614746,5,0.02820513,9,0.0,0.0,1.0
24,24,0,1,43.843491,6,0.569336,17,0.02813853,10,1.0,1.0,0.5
24,37,0,1,26.72042,21,0.618164,4,0.02797068,11,0.0,0.0,0.5
24,33,0,1,28.80339,16,0.586914,11,0.0272424,12,0.0,0.0,0.5
24,86,,0,31.472486,12,0.554688,22,0.02608401,13,1.0,0.5,0.6
24,23,0,1,28.672615,17,0.55957,19,0.02564524,14,0.1111,0.5,1.0
24,40,0,1,15.334914,36,0.610352,6,0.02556818,15,0.4444,1.0,0.2
24,58,0,1,54.540921,4,0.523926,43,0.02533374,16,0.0,0.5,0.2
24,92,0,1,41.540772,7,0.528809,39,0.02502638,17,1.0,1.0,0.6
24,81,0,1,22.907193,26,0.570801,16,0.0247858,18,0.0,0.0,0.5
24,78,,0,23.140646,25,0.556152,21,0.02411038,19,0.5556,0.5,0.5
24,82,0,1,18.621398,30,0.563477,18,0.02393162,20,0.0,0.5,0.2
24,39,,0,10.682269,45,0.574707,14,0.02303732,21,0.0,0.5,0.5
24,31,0,1,15.874706,35,0.556641,20,0.02302632,22,0.3333,0.5,0.5
24,47,,0,20.672783,27,0.544434,27,0.02298851,23,0.0,0.5,1.0
24,22,0,1,23.430411,24,0.537109,31,0.02289377,24,0.0,0.5,0.2
24,38,,0,9.626306,50,0.580566,13,0.02278954,25,0.0,0.5,0.6
24,44,,0,18.397756,31,0.547363,25,0.02275372,26,0.0,1.0,0.6
24,104,,0,28.208368,19,0.52832,40,0.02265823,27,0.5556,1.0,0.6
24,6,,0,19.373495,28,0.540039,29,0.02259959,28,0.0,0.5,0.5
24,72,0,1,34.864672,10,0.490479,64,0.02235023,29,1.0,1.0,0.5
24,12,,0,13.839239,38,0.551758,23,0.02225227,30,0.2222,1.0,0.5
24,5,0,1,30.152524,14,0.500488,57,0.02206052,31,0.0,0.0,1.0
24,8,0,1,7.499475,58,0.570801,15,0.02180791,32,0.8889,1.0,0.6
24,35,,0,24.385392,23,0.518066,45,0.021572,33,0.0,0.5,1.0
24,53,,0,27.784497,20,0.504883,53,0.02134956,34,0.0,0.0,1.0
24,64,,0,16.850502,32,0.53125,36,0.02128623,35,0.8889,1.0,0.2
24,56,,0,14.716802,37,0.535645,33,0.02106197,36,1.0,1.0,0.6
24,21,,0,13.539546,39,0.535645,32,0.02097058,37,0.0,0.0,0.5
24,102,,0,10.245877,48,0.546387,26,0.02088717,38,0.0,0.5,0.5
24,69,,0,26.651787,22,0.500977,56,0.02081581,39,0.0,0.0,0.5
24,3,0,1,16.297695,33,0.526367,41,0.02065368,40,0.0,0.5,0.5
24,51,,0,29.273798,15,0.460938,82,0.02037559,41,0.4444,0.5,0.5
24,55,,0,11.190721,43,0.523926,42,0.01951266,42,0.2222,0.5,0.5
24,43,,0,6.910583,60,0.538086,30,0.01944444,43,0.0,0.5,0.5
24,88,0,1,13.179142,40,0.514648,48,0.01925926,44,1.0,1.0,0.2
24,49,,0,18.839846,29,0.48999,65,0.01923596,45,0.0,0.0,0.5
24,80,,0,10.808546,44,0.521484,44,0.01923077,46,1.0,1.0,0.6
24,46,,0,4.338607,77,0.550293,24,0.01920403,47,0.0,0.5,0.2
24,91,,0,8.62704,53,0.529785,38,0.01905364,48,0.0,0.5,0.5
24,7,,0,11.961119,42,0.505859,52,0.01873249,49,0.0,0.5,0.5
24,2,0,1,4.116693,79,0.543457,28,0.01855788,50,0.0,0.5,0.6
25,17,3,1,112.229629,1,0.743652,1,0.03278689,1,1.0,0.5,1.0
25,19,2,1,87.168484,3,0.723633,2,0.03200205,2,1.0,1.0,0.5
25,20,1,1,44.821851,9,0.687012,3,0.03036577,3,0.875,0.5,0.6
25,8,1,1,46.889575,7,0.606445,10,0.02921109,4,0.8125,0.5,0.6
25,92,0,1,52.720754,5,0.599609,15,0.02871795,5,0.75,0.5,0.6
25,37,0,1,41.147968,13,0.61377,7,0.028624,6,0.5,0.5,0.5
25,23,0,1,41.17542,12,0.601562,13,0.02758752,7,1.0,1.0,1.0
25,29,0,1,35.884028,18,0.609863,8,0.0275264,8,1.0,0.5,1.0
25,69,0,1,52.131954,6,0.58252,22,0.02734664,9,1.0,0.5,0.5
25,22,0,1,28.552962,24,0.618164,6,0.02705628,10,1.0,1.0,0.2
25,96,0,1,59.018763,4,0.567383,29,0.02686096,11,0.5625,0.5,0.5
25,86,0,1,90.159459,2,0.540039,43,0.02583777,12,0.6875,1.0,0.6
25,30,0,1,18.745244,41,0.620117,5,0.02528561,13,1.0,1.0,0.5
25,5,,0,41.03534,14,0.580566,25,0.02527822,14,1.0,0.5,1.0
25,31,0,1,21.54132,36,0.608887,9,0.02490942,15,1.0,1.0,0.5
25,89,0,1,42.631088,11,0.549316,34,0.0247228,16,1.0,0.5,1.0
25,48,,0,25.701374,28,0.598633,16,0.02452153,17,0.9375,0.5,0.5
25,58,0,1,36.013485,17,0.569336,28,0.02435065,18,1.0,1.0,0.2
25,18,0,1,25.39631,29,0.598145,17,0.02422297,19,1.0,1.0,0.5
25,24,0,1,23.057865,31,0.596191,18,0.02380952,20,0.75,0.5,0.5
25,45,,0,17.740012,44,0.604004,11,0.02369989,21,0.875,0.5,0.5
25,72,0,1,45.468608,8,0.515137,54,0.02347781,22,0.75,0.5,0.5
25,33,0,1,17.593873,45,0.603027,12,0.0234127,23,0.25,0.5,0.5
25,7,,0,21.78736,35,0.584473,21,0.02287199,24,1.0,1.0,0.5
25,12,,0,16.248812,50,0.599609,14,0.02260442,25,1.0,0.5,0.5
25,9,,0,26.852667,25,0.549316,33,0.02251739,26,0.75,0.5,0.5
25,6,1,1,2.871361,88,0.62793,4,0.02238176,27,1.0,1.0,0.5
25,91,,0,32.829187,21,0.541016,41,0.02224667,28,1.0,1.0,0.5
25,66,0,1,33.241266,20,0.538574,46,0.02193396,29,1.0,1.0,0.5
25,21,0,1,18.622778,42,0.581543,23,0.02185211,30,1.0,0.5,0.5
25,53,0,1,43.062183,10,0.479004,77,0.02158498,31,1.0,0.5,1.0
25,88,,0,34.201983,19,0.500977,66,0.02059474,32,0.25,0.5,0.2
25,95,,0,39.499153,16,0.479492,76,0.02051084,33,1.0,1.0,1.0
25,82,0,1,13.049851,59,0.57666,27,0.01989761,34,1.0,1.0,0.2
25,94,,0,40.908002,15,0.460693,93,0.01986928,35,1.0,1.0,0.2
25,3,,0,5.99302,76,0.591309,20,0.01985294,36,1.0,1.0,0.5
25,4,,0,5.041533,81,0.592773,19,0.01975043,37,1.0,0.5,0.2
25,40,,0,14.128383,55,0.556152,31,0.01968466,38,1.0,0.5,0.2
25,28,,0,19.968438,38,0.52832,47,0.01954988,39,0.75,0.5,0.2
25,26,0,1,15.576822,52,0.547852,35,0.01945489,40,1.0,1.0,0.6
25,81,0,1,12.635542,60,0.563477,30,0.01944444,41,1.0,0.5,0.5
25,36,,0,13.853057,57,0.551758,32,0.01941657,42,1.0,0.5,0.5
25,85,,0,22.515935,33,0.510742,58,0.01922726,43,1.0,0.5,0.5
25,51,,0,25.918119,26,0.484131,74,0.01909059,44,1.0,1.0,0.5
25,32,,0,15.026179,54,0.542969,39,0.01887294,45,0.625,0.5,0.6
25,102,0,1,22.743699,32,0.49707,68,0.01868207,46,1.0,1.0,0.5
25,73,,0,31.12855,22,0.456299,95,0.01864673,47,1.0,0.5,0.5
25,39,,0,18.462407,43,0.515137,53,0.0185583,48,1.0,1.0,0.5
25,2,,0,2.375447,91,0.581055,24,0.01852728,49,1.0,1.0,0.6
25,42,,0,23.863337,30,0.480225,75,0.01851852,50,0.75,1.0,0.5
26,21,3,1,101.504531,2,0.741211,1,0.03252247,1,1.0,0.5,0.5
26,22,3,1,101.699427,1,0.677734,4,0.03201844,2,1.0,1.0,0.2
26,23,3,1,44.054262,3,0.703613,2,0.03200205,3,1.0,1.0,1.0
26,24,1,1,42.766883,4,0.691895,3,0.03149802,4,0.875,0.5,0.5
26,45,0,1,33.452679,6,0.660645,5,0.03053613,5,0.75,0.5,0.5
26,33,0,1,24.045652,9,0.638672,6,0.02964427,6,0.125,0.5,0.5
26,47,0,1,34.238808,5,0.594238,13,0.02908325,7,1.0,1.0,1.0
26,18,0,1,26.619454,7,0.575684,18,0.02774589,8,1.0,1.0,0.5
26,3,0,1,18.89456,13,0.586426,14,0.02721214,9,1.0,1.0,0.5
26,34,0,1,26.355527,8,0.574219,20,0.02720588,10,0.75,1.0,0.2
26,19,0,1,14.834783,17,0.602539,11,0.02707152,11,1.0,1.0,0.5
26,82,0,1,13.182091,22,0.608887,9,0.02668788,12,1.0,1.0,0.2
26,36,0,1,15.566756,16,0.580566,15,0.02649123,13,1.0,0.5,0.5
26,46,,0,17.885097,15,0.578613,17,0.02632035,14,1.0,1.0,0.2
26,20,,0,14.33146,19,0.57959,16,0.02581612,15,1.0,0.5,0.6
26,37,0,1,8.273149,43,0.613281,8,0.02441462,16,0.375,0.5,0.5
26,48,0,1,8.920292,40,0.608398,10,0.02428571,17,1.0,0.5,0.5
26,17,0,1,6.946694,56,0.617188,7,0.02354606,18,1.0,0.5,1.0
26,35,,0,12.853937,23,0.540527,29,0.02328415,19,0.9375,1.0,1.0
26,8,,0,13.625175,21,0.525391,32,0.02321524,20,0.9375,0.5,0.6
26,6,,0,11.743377,28,0.556152,25,0.02312834,21,1.0,1.0,0.5
26,81,0,1,7.470175,53,0.597656,12,0.02273845,22,1.0,0.5,0.5
26,40,,0,12.269118,24,0.520996,33,0.02265745,23,1.0,0.5,0.2
26,92,,0,11.122868,29,0.549316,28,0.02259959,24,0.875,0.5,0.6
26,98,,0,17.945239,14,0.489258,52,0.02244208,25,1.0,1.0,0.6
26,41,,0,22.427859,11,0.477051,60,0.02241784,26,0.0,0.5,1.0
26,5,,0,11.849695,26,0.515137,36,0.02204457,27,0.875,0.5,1.0
26,101,,0,19.274002,12,0.456299,72,0.02146465,28,0.5,0.5,1.0
26,72,0,1,22.957705,10,0.443604,81,0.02137791,29,0.875,0.5,0.5
26,7,0,1,8.012799,45,0.555664,26,0.02115172,30,1.0,1.0,0.5
26,2,,0,6.568723,59,0.569336,21,0.02074904,31,1.0,1.0,0.6
26,15,,0,14.771823,18,0.463867,68,0.02063301,32,1.0,1.0,0.5
26,12,,0,7.473724,52,0.554199,27,0.02042282,33,1.0,0.5,0.5
26,26,,0,10.208853,36,0.510254,40,0.02041667,34,1.0,1.0,0.6
26,84,,0,4.592404,71,0.574707,19,0.02029182,35,0.75,0.5,0.5
26,4,,0,6.273821,61,0.557617,24,0.02016922,36,1.0,0.5,0.2
26,32,0,1,10.722871,31,0.499268,49,0.02016332,37,0.75,0.5,0.6
26,69,,0,10.46521,34,0.504395,45,0.02016211,38,1.0,0.5,0.5
26,86,,0,10.637687,33,0.499756,47,0.02009848,39,0.8125,1.0,0.6
26,31,0,1,7.215356,54,0.529785,31,0.01976094,40,1.0,1.0,0.5
26,10,,0,4.299668,75,0.560059,22,0.01960253,41,0.9375,1.0,0.2
26,75,,0,14.109597,20,0.434082,88,0.01925676,42,0.9375,1.0,0.5
26,1,,0,3.598699,80,0.558594,23,0.01919105,43,0.75,0.5,0.5
26,71,,0,10.368474,35,0.485107,56,0.01914701,44,1.0,1.0,1.0
26,59,,0,8.793267,41,0.488281,53,0.01875055,45,1.0,1.0,1.0
26,25,,0,7.674645,50,0.507324,44,0.01870629,46,0.875,0.5,0.5
26,53,,0,10.691317,32,0.452393,75,0.01827697,47,1.0,0.5,1.0
26,91,,0,7.63293,51,0.499756,48,0.01826827,48,1.0,1.0,0.5
26,97,,0,6.596316,57,0.508789,43,0.01825575,49,0.5,0.5,0.5
26,58,,0,8.29256,42,0.477295,59,0.01820728,50,1.0,1.0,0.2
27,23,3,1,139.173253,1,0.79834,1,0.03278689,1,0.4,0.5,1.0
27,21,1,1,98.370571,2,0.689941,2,0.03225806,2,0.0,0.0,0.5
27,24,2,1,62.350635,3,0.644531,4,0.03149802,3,1.0,1.0,0.5
27,82,0,1,28.546101,7,0.625,6,0.03007689,4,0.3,0.5,0.2
27,22,2,1,23.215262,11,0.661621,3,0.02995752,5,0.1,0.5,0.2
27,81,0,1,28.587154,6,0.608887,8,0.0298574,6,0.0,0.0,0.5
27,37,0,1,26.989641,9,0.615234,7,0.02941813,7,0.0,0.0,0.5
27,45,0,1,27.986105,8,0.569824,16,0.02786378,8,0.0,0.0,0.5
27,46,0,1,20.112347,15,0.584961,10,0.02761905,9,0.0,0.5,0.2
27,84,,0,20.969165,13,0.572754,14,0.02721214,10,1.0,1.0,0.5
27,17,0,1,16.675855,27,0.626465,5,0.02687887,11,0.0,0.0,1.0
27,40,,0,22.919699,12,0.543457,24,0.02579365,12,0.7,1.0,0.2
27,89,,0,14.061436,30,0.566406,17,0.02409812,13,0.0,0.0,1.0
27,18,,0,15.885162,29,0.562988,18,0.02405647,14,0.0,0.5,0.5
27,92,,0,13.696694,32,0.55957,19,0.02352779,15,1.0,1.0,0.6
27,96,0,1,19.14389,20,0.537109,31,0.02348901,16,1.0,1.0,0.5
27,47,,0,16.462206,28,0.543945,23,0.02341183,17,0.1,0.5,1.0
27,72,0,1,31.012988,4,0.477295,71,0.02325859,18,1.0,1.0,0.5
27,36,,0,9.876204,48,0.577148,12,0.02314815,19,0.4,1.0,0.5
27,38,0,1,29.229267,5,0.47876,70,0.02307692,20,0.0,0.5,0.6
27,2,0,1,7.576201,60,0.580566,11,0.02241784,21,0.0,0.5,0.6
27,91,0,1,18.638126,22,0.518555,44,0.02181051,22,0.3,0.5,0.5
27,20,,0,12.153419,36,0.539062,29,0.02165262,23,1.0,1.0,0.6
27,8,,0,9.099305,51,0.555664,20,0.02150901,24,1.0,1.0,0.6
27,7,,0,17.949989,24,0.510742,45,0.02142857,25,0.0,0.5,0.5
27,48,0,1,3.541907,85,0.588379,9,0.02138931,26,0.9,1.0,0.5
27,12,0,1,8.219462,54,0.554199,21,0.02111761,27,0.5,1.0,0.5
27,10,,0,10.784195,44,0.541504,27,0.02110964,28,0.0,0.5,0.2
27,3,,0,6.225381,70,0.570801,15,0.02102564,29,0.0,0.5,0.5
27,19,0,1,12.525397,34,0.530762,37,0.02094758,30,0.2,0.5,0.5
27,33,,0,4.992491,79,0.574707,13,0.02089287,31,0.0,0.0,0.5
27,59,0,1,26.24765,10,0.439697,92,0.02086466,32,0.0,0.5,1.0
27,15,,0,19.508489,18,0.482422,68,0.02063301,33,0.1,0.5,0.5
27,34,,0,8.857164,53,0.54248,25,0.02061426,34,0.0,0.5,0.2
27,9,,0,10.222984,47,0.537598,30,0.02045691,35,0.0,0.0,0.5
27,4,,0,9.659084,50,0.539551,28,0.02045455,36,0.6,1.0,0.2
27,39,,0,18.349697,23,0.493896,59,0.02045155,37,0.0,0.5,0.5
27,52,,0,20.57797,14,0.447754,85,0.02041007,38,1.0,1.0,0.2
27,58,,0,10.819334,43,0.532715,36,0.0201254,39,0.0,0.5,0.2
27,44,,0,10.952035,41,0.529785,38,0.02010507,40,0.3,1.0,0.6
27,69,,0,6.624912,67,0.54541,22,0.02006914,41,0.0,0.0,0.5
27,60,0,1,19.722925,17,0.45752,82,0.02002927,42,0.9,1.0,0.5
27,95,,0,17.347496,25,0.48877,64,0.01982922,43,0.8,0.5,1.0
27,88,0,1,20.039073,16,0.441895,90,0.01982456,44,1.0,1.0,0.2
27,32,0,1,19.441029,19,0.462402,80,0.01980108,45,1.0,1.0,0.6
27,86,,0,13.598743,33,0.504395,51,0.0197617,46,1.0,0.5,0.6
27,5,,0,9.071761,52,0.534668,33,0.01968126,47,0.0,0.0,1.0
27,83,,0,16.829793,26,0.488525,65,0.01962791,48,0.6,0.5,1.0
27,85,,0,18.981065,21,0.455566,83,0.01933869,49,0.7,0.0,0.5
27,35,0,1,7.633168,59,0.536621,32,0.01927293,50,0.0,0.5,1.0
28,22,3,1,125.977396,1,0.722168,1,0.03278689,1,1.0,1.0,0.2
28,24,2,1,39.805672,5,0.713867,2,0.03151365,2,1.0,0.5,0.5
28,2,0,1,47.747984,4,0.639648,6,0.03077652,3,1.0,1.0,0.6
28,12,0,1,54.272059,3,0.631836,8,0.0305789,4,1.0,0.5,0.5
28,11,0,1,58.73661,2,0.614746,15,0.02946237,5,1.0,1.0,1.0
28,21,3,1,33.152177,9,0.63916,7,0.02941813,6,0.8571,0.5,0.5
28,4,0,1,39.600883,6,0.619629,11,0.02923602,7,1.0,0.5,0.2
28,10,0,1,34.959873,8,0.631348,9,0.02919864,8,0.6429,1.0,0.2
28,6,0,1,35.065257,7,0.614746,14,0.02843889,9,1.0,1.0,0.5
28,19,0,1,15.798586,27,0.665527,4,0.02711925,10,1.0,1.0,0.5
28,3,0,1,11.796669,36,0.65918,5,0.02580128,11,0.7143,1.0,0.5
28,48,,0,16.613461,24,0.618652,12,0.02579365,12,1.0,0.5,0.5
28,9,,0,28.603359,11,0.5625,27,0.02557876,13,0.2857,0.5,0.5
28,36,,0,20.892025,18,0.574219,23,0.02486871,14,1.0,0.5,0.5
28,23,2,1,7.585349,53,0.692383,3,0.02472257,15,1.0,1.0,1.0
28,45,,0,16.874177,23,0.595215,19,0.02470642,16,0.4286,0.5,0.5
28,28,0,1,31.40901,10,0.547852,36,0.02470238,17,1.0,0.5,0.2
28,18,,0,11.425671,37,0.615234,13,0.02400791,18,1.0,1.0,0.5
28,17,0,1,9.708016,44,0.620117,10,0.0239011,19,0.7143,0.5,1.0
28,37,0,1,17.767729,22,0.561523,28,0.02355876,20,0.0,0.5,0.5
28,71,,0,28.577684,12,0.526367,44,0.02350427,21,1.0,1.0,1.0
28,58,,0,24.014112,16,0.541504,38,0.02336198,22,0.8571,1.0,0.2
28,7,,0,14.248139,31,0.574707,22,0.02318413,23,0.9286,1.0,0.5
28,69,,0,22.125871,17,0.525879,45,0.02251082,24,0.7143,0.5,0.5
28,50,,0,16.059696,25,0.550293,35,0.02229102,25,1.0,1.0,0.6
28,1,0,1,7.901813,51,0.612793,16,0.0221669,26,0.4286,0.5,0.5
28,31,0,1,8.209178,48,0.605957,18,0.02207977,27,1.0,1.0,0.5
28,27,,0,24.943411,14,0.486084,68,0.02132601,28,1.0,1.0,0.5
28,20,0,1,7.156621,55,0.581543,20,0.02119565,29,1.0,0.5,0.6
28,81,,0,9.614332,45,0.567871,26,0.02115172,30,0.9286,0.5,0.5
28,59,,0,19.390452,20,0.499756,59,0.02090336,31,1.0,1.0,1.0
28,39,,0,24.182907,15,0.466064,79,0.02052758,32,0.9286,1.0,0.5
28,16,,0,28.151377,13,0.455078,87,0.02050135,33,0.9286,0.5,0.2
28,33,,0,3.691099,75,0.60791,17,0.02039442,34,0.0,0.5,0.5
28,29,,0,4.881827,67,0.575195,21,0.02021969,35,0.9286,0.5,1.0
28,86,,0,14.897583,29,0.507324,54,0.02000788,36,0.9286,1.0,0.6
28,82,,0,5.314395,63,0.569824,25,0.01989479,37,1.0,1.0,0.2
28,32,,0,10.690719,40,0.522461,47,0.01934579,38,0.8571,0.5,0.6
28,46,,0,3.158422,80,0.57373,24,0.01904762,39,0.9286,1.0,0.2
28,13,,0,19.824641,19,0.429199,102,0.01883107,40,0.9286,0.5,0.5
28,68,,0,18.508116,21,0.44043,96,0.01875594,41,1.0,0.5,0.6
28,30,,0,3.733576,73,0.560059,29,0.01875475,42,1.0,1.0,0.5
28,91,0,1,7.05813,56,0.536133,39,0.0187217,43,1.0,1.0,0.5
28,40,,0,7.482503,54,0.532227,41,0.01867292,44,1.0,0.5,0.2
28,34,,0,3.712827,74,0.555176,30,0.0185738,45,0.4286,1.0,0.2
28,63,,0,10.095989,41,0.50293,57,0.018448,46,1.0,1.0,0.5
28,78,,0,15.675799,28,0.463135,82,0.01840589,47,1.0,1.0,0.5
28,38,,0,12.595983,33,0.480469,71,0.01838628,48,0.6429,1.0,0.6
28,73,,0,15.882953,26,0.446045,92,0.01820685,49,1.0,0.5,0.5
28,60,,0,9.776154,43,0.500977,58,0.01818331,50,1.0,0.5,0.5
29,24,3,1,122.430928,1,0.768066,1,0.03278689,1,0.8889,1.0,0.5
29,21,1,1,56.681037,2,0.653809,3,0.03200205,2,0.0,0.0,0.5
29,23,1,1,50.903751,3,0.666992,2,0.03200205,3,0.0,0.5,1.0
29,12,0,1,45.748114,4,0.601562,5,0.03100962,4,0.1111,1.0,0.5
29,22,1,1,30.709151,8,0.616699,4,0.03033088,5,0.0,0.5,0.2
29,4,0,1,39.437754,6,0.597656,6,0.03030303,6,0.2222,1.0,0.2
29,10,0,1,38.72606,7,0.589844,8,0.02963126,7,0.0,0.5,0.2
29,3,0,1,23.686732,15,0.594238,7,0.02825871,8,0.0,0.5,0.5
29,11,0,1,20.567165,19,0.583008,10,0.02694394,9,0.0,0.5,1.0
29,2,0,1,18.181013,21,0.584961,9,0.02683843,10,0.0,0.5,0.6
29,26,0,1,27.570269,13,0.556152,19,0.02635686,11,0.0,0.5,0.6
29,18,0,1,29.033445,10,0.539062,27,0.02577997,12,0.0,0.5,0.5
29,9,0,1,22.391668,16,0.552246,20,0.02565789,13,0.0,0.0,0.5
29,36,0,1,17.282076,23,0.569824,14,0.02556171,14,0.0,1.0,0.5
29,44,,0,16.541037,25,0.561523,17,0.02475172,15,0.0,1.0,0.6
29,88,0,1,29.222957,9,0.51416,38,0.02469684,16,1.0,1.0,0.2
29,17,0,1,14.536672,29,0.568848,15,0.02456929,17,0.0,0.0,1.0
29,40,0,1,15.108587,28,0.567383,16,0.02452153,18,0.3333,1.0,0.2
29,1,0,1,12.673792,37,0.574219,11,0.02439379,19,0.0,0.0,0.5
29,100,0,1,45.442939,5,0.489746,56,0.02400531,20,0.5556,1.0,0.2
29,47,0,1,21.161225,18,0.520508,35,0.02334683,21,0.0,0.5,1.0
29,58,,0,13.936885,31,0.551758,21,0.02333469,22,0.0,0.5,0.2
29,34,,0,16.770138,24,0.533691,29,0.02314072,23,0.0,0.5,0.2
29,71,,0,25.168226,14,0.5,49,0.02268783,24,0.0,0.5,1.0
29,19,,0,12.899119,34,0.541016,23,0.02268649,25,0.0,0.5,0.5
29,8,,0,28.496538,11,0.489014,57,0.02263152,26,0.7778,1.0,0.6
29,82,0,1,13.109045,33,0.540039,25,0.02251739,27,0.0,0.5,0.2
29,63,,0,28.354178,12,0.482666,64,0.02195341,28,0.0,0.5,0.5
29,62,0,1,18.034353,22,0.50293,44,0.02181051,29,0.0,0.5,0.6
29,33,,0,6.498819,55,0.559082,18,0.02151616,30,0.0,0.0,0.5
29,92,,0,3.954776,69,0.571289,13,0.02145057,31,0.8889,1.0,0.6
29,42,,0,21.311193,17,0.477295,71,0.0206206,32,0.0,0.5,0.5
29,37,,0,10.233817,44,0.528809,31,0.0206044,33,0.0,0.0,0.5
29,20,,0,8.519357,46,0.529785,30,0.02054507,34,0.6667,1.0,0.6
29,66,,0,13.947454,30,0.500977,46,0.02054507,35,0.0,0.5,0.5
29,39,,0,15.474717,27,0.496826,52,0.02042282,36,0.0,0.5,0.5
29,104,,0,16.293473,26,0.491943,55,0.02032356,37,0.4444,1.0,0.6
29,46,0,1,0.87719,101,0.571777,12,0.02010007,38,0.0,0.5,0.2
29,91,,0,4.995301,61,0.540039,26,0.01989237,39,0.0,0.5,0.5
29,25,0,1,12.744336,36,0.500488,47,0.01976246,40,0.0,0.0,0.5
29,86,,0,12.670443,38,0.502441,45,0.01972789,41,1.0,0.5,0.6
29,38,,0,7.541295,50,0.519531,36,0.01950758,42,0.0,0.5,0.6
29,6,,0,8.876561,45,0.510742,42,0.01932773,43,0.0,0.5,0.5
29,79,0,1,18.957301,20,0.451904,87,0.01930272,44,0.6667,0.5,0.5
29,54,,0,11.604091,39,0.49585,54,0.01887294,45,0.0,0.5,0.5
29,45,,0,1.755204,91,0.543945,22,0.01881764,46,0.0,0.0,0.5
29,49,,0,6.326985,58,0.512207,40,0.01847458,47,0.0,0.0,0.5
29,35,,0,5.20821,60,0.512695,39,0.01843434,48,0.0,0.5,1.0
29,78,,0,11.544386,40,0.483398,62,0.01819672,49,0.4444,0.5,0.5
29,29,,0,0.892166,100,0.540527,24,0.01815476,50,0.0,0.0,1.0
30,21,3,1,75.483512,1,0.751465,1,0.03278689,1,1.0,1.0,0.5
30,23,2,1,41.889386,2,0.726562,2,0.03225806,2,0.875,0.5,1.0
30,24,1,1,40.100842,3,0.691895,3,0.03174603,3,0.375,0.0,0.5
30,22,2,1,31.81285,4,0.682617,4,0.03125,4,1.0,0.5,0.2
30,17,0,1,17.861667,14,0.629395,5,0.02889813,5,1.0,1.0,1.0
30,81,0,1,25.502357,8,0.593262,12,0.02859477,6,1.0,1.0,0.5
30,19,0,1,19.028105,13,0.594727,11,0.02778314,7,1.0,0.5,0.5
30,82,0,1,15.566651,20,0.616211,6,0.02765152,8,0.9375,0.5,0.2
30,97,0,1,28.53739,6,0.556641,24,0.02705628,9,1.0,1.0,0.5
30,42,0,1,27.100088,7,0.534668,37,0.02523465,10,1.0,0.5,0.5
30,5,0,1,23.857535,10,0.546387,32,0.02515528,11,1.0,1.0,1.0
30,30,0,1,16.710611,18,0.564941,23,0.02486871,12,0.875,0.5,0.5
30,98,0,1,29.485926,5,0.523438,46,0.02481858,13,1.0,0.5,0.6
30,34,,0,17.152492,15,0.550781,30,0.02444444,14,1.0,0.5,0.2
30,37,0,1,6.057732,50,0.605469,8,0.02379679,15,0.875,1.0,0.5
30,86,0,1,24.076414,9,0.516113,51,0.02350176,16,0.3125,0.5,0.6
30,95,0,1,23.02957,12,0.523926,45,0.0234127,17,0.625,0.5,1.0
30,46,,0,9.579683,34,0.576172,19,0.02329653,18,1.0,0.5,0.2
30,7,,0,14.57999,24,0.553711,28,0.0232684,19,1.0,0.5,0.5
30,96,,0,16.795613,17,0.532227,41,0.022888,20,0.1875,0.0,0.5
30,48,0,1,4.465284,61,0.597656,9,0.02275722,21,0.5625,0.0,0.5
30,6,,0,6.922894,46,0.580078,16,0.02259186,22,1.0,0.5,0.5
30,26,0,1,15.822776,19,0.529785,42,0.02246215,23,1.0,0.5,0.6
30,47,0,1,7.118353,44,0.579102,18,0.0224359,24,1.0,0.5,1.0
30,69,,0,15.393445,21,0.532715,40,0.02234568,25,1.0,1.0,0.5
30,92,0,1,13.620008,26,0.543457,34,0.0222662,26,0.375,0.0,0.6
30,9,0,1,10.958415,29,0.549805,31,0.02222497,27,1.0,1.0,0.5
30,1,0,1,3.533828,67,0.595703,10,0.02215973,28,1.0,1.0,0.5
30,2,0,1,4.87937,58,0.589355,14,0.02198809,29,1.0,0.5,0.6
30,36,0,1,4.039178,64,0.591797,13,0.02176315,30,0.875,0.0,0.5
30,33,,0,5.536189,55,0.580078,17,0.02168267,31,0.625,1.0,0.5
30,44,,0,8.296774,36,0.55127,29,0.02165262,32,0.9375,0.0,0.6
30,45,0,1,1.660501,94,0.608887,7,0.02141888,33,1.0,1.0,0.5
30,29,,0,10.395212,32,0.537109,36,0.02128623,34,1.0,1.0,1.0
30,89,,0,16.924384,16,0.487061,69,0.02090983,35,1.0,1.0,1.0
30,31,,0,11.599506,27,0.522949,47,0.02084005,36,0.75,0.5,0.5
30,3,,0,3.144527,77,0.586914,15,0.0206326,37,1.0,0.5,0.5
30,10,,0,4.746672,60,0.566895,22,0.02052846,38,1.0,0.5,0.2
30,100,,0,23.351572,11,0.437256,100,0.02033451,39,0.5625,0.0,0.2
30,91,,0,11.460349,28,0.515137,54,0.02013557,40,0.9375,0.5,0.5
30,8,,0,10.278126,33,0.517578,49,0.019927,41,0.4375,0.0,0.6
30,20,,0,2.970197,78,0.57373,20,0.01974638,42,0.5,0.0,0.6
30,73,0,1,9.208631,35,0.516602,50,0.01961722,43,0.875,1.0,0.5
30,58,,0,5.595971,54,0.544434,33,0.01952462,44,1.0,0.5,0.2
30,4,,0,3.452754,71,0.556152,25,0.01939829,45,0.75,0.0,0.2
30,84,,0,3.444125,72,0.554688,26,0.01920366,46,0.25,0.0,0.5
30,94,,0,14.999096,22,0.463867,83,0.01918813,47,0.75,0.5,0.2
30,40,,0,3.49486,70,0.554199,27,0.01918656,48,0.6875,0.0,0.2
30,72,,0,14.804042,23,0.461914,85,0.01894474,49,0.375,0.0,0.5
30,18,,0,1.540497,95,0.568848,21,0.01879729,50,1.0,0.5,0.5
31,27,3,1,128.182709,1,0.664062,1,0.03278689,1,1.0,1.0,0.5
31,25,2,1,76.038893,2,0.658691,2,0.03225806,2,0.75,0.5,0.5
31,28,1,1,75.594105,3,0.62793,4,0.03149802,3,1.0,0.5,0.2
31,26,2,1,39.107199,5,0.629883,3,0.03125763,4,1.0,1.0,0.6
31,6,0,1,34.982619,6,0.621582,5,0.03053613,5,1.0,1.0,0.5
31,31,0,1,14.121341,13,0.584961,8,0.02840451,6,1.0,1.0,0.5
31,2,0,1,44.95197,4,0.547852,24,0.02752976,7,1.0,1.0,0.6
31,12,0,1,23.139195,8,0.543457,26,0.02633379,8,1.0,0.5,0.5
31,8,0,1,13.535627,15,0.556152,17,0.02632035,9,1.0,0.5,0.6
31,15,0,1,10.617033,25,0.570801,14,0.02527822,10,1.0,1.0,0.5
31,16,0,1,29.174199,7,0.530762,37,0.02523465,11,0.9375,0.5,0.2
31,5,0,1,12.349327,20,0.55127,21,0.02484568,12,0.75,0.5,1.0
31,51,0,1,8.617828,33,0.577148,12,0.02464158,13,1.0,1.0,0.5
31,32,,0,12.198553,21,0.548828,23,0.02439387,14,0.875,0.5,0.6
31,30,0,1,4.825379,55,0.584961,7,0.02362103,15,1.0,1.0,0.5
31,29,0,1,3.691458,62,0.597656,6,0.02334824,16,1.0,0.5,1.0
31,4,0,1,6.111198,47,0.573242,13,0.02304442,17,1.0,0.5,0.2
31,55,0,1,15.230562,12,0.517578,51,0.0228979,18,1.0,1.0,0.5
31,72,0,1,11.046398,22,0.535156,34,0.02283342,19,1.0,0.5,0.5
31,22,0,1,23.073369,9,0.503418,60,0.02282609,20,1.0,1.0,0.2
31,13,0,1,22.249628,10,0.505371,59,0.02268908,21,1.0,0.5,0.5
31,19,,0,10.764689,23,0.530762,38,0.02225227,22,1.0,1.0,0.5
31,86,,0,7.034717,41,0.550781,22,0.02209611,23,0.9375,1.0,0.6
31,37,,0,10.202072,28,0.534668,35,0.02188995,24,0.25,0.5,0.5
31,1,,0,6.092933,49,0.553223,19,0.02183254,25,0.625,0.5,0.5
31,87,0,1,8.245819,37,0.543457,27,0.02180353,26,0.8125,1.0,0.5
31,91,0,1,19.06225,11,0.49585,70,0.02177681,27,1.0,1.0,0.5
31,14,0,1,8.29451,36,0.539551,29,0.02165262,28,1.0,1.0,0.6
31,49,,0,3.492692,64,0.568848,15,0.02139785,29,1.0,0.5,0.5
31,11,,0,9.832202,30,0.525879,41,0.0210121,30,1.0,1.0,1.0
31,50,0,1,0.730911,92,0.579102,10,0.02086466,31,1.0,1.0,0.6
31,33,,0,1.027826,88,0.577637,11,0.02084126,32,0.0,0.5,0.5
31,52,0,1,0.0,99,0.580078,9,0.02078206,33,0.875,0.5,0.2
31,9,,0,12.622881,18,0.498047,66,0.02075702,34,0.5,0.5,0.5
31,63,,0,13.857363,14,0.485352,79,0.02070776,35,1.0,1.0,0.5
31,35,,0,2.489142,76,0.563477,16,0.02051084,36,0.8125,1.0,1.0
31,24,,0,12.930236,16,0.489502,77,0.02045716,37,1.0,0.5,0.5
31,64,0,1,2.578766,73,0.556152,18,0.02033931,38,1.0,0.5,0.2
31,47,,0,9.459207,31,0.518066,47,0.02033481,39,1.0,1.0,1.0
31,20,,0,6.094306,48,0.537109,31,0.02024827,40,1.0,0.5,0.6
31,3,,0,7.779567,38,0.526855,40,0.02020408,41,0.875,1.0,0.5
31,85,,0,10.719822,24,0.503418,61,0.02016922,42,1.0,0.5,0.5
31,82,,0,3.942367,60,0.546875,25,0.02009804,43,1.0,1.0,0.2
31,54,,0,6.116174,46,0.53125,36,0.01985063,44,1.0,1.0,0.5
31,104,,0,12.508026,19,0.481445,80,0.01980108,45,1.0,0.5,0.6
31,10,0,1,1.981682,79,0.553223,20,0.01969424,46,0.8125,1.0,0.2
31,68,,0,12.873966,17,0.449463,90,0.01965368,47,1.0,0.5,0.6
31,17,,0,6.775302,42,0.521484,44,0.01941931,48,0.875,0.5,1.0
31,78,,0,8.389422,34,0.51123,56,0.01925899,49,1.0,1.0,0.5
31,83,,0,10.303887,27,0.496094,69,0.01924619,50,1.0,1.0,1.0
32,28,3,1,115.668473,2,0.739746,1,0.03252247,1,1.0,1.0,0.2
32,25,1,1,118.253711,1,0.669434,3,0.03226646,2,0.0,0.0,0.5
32,26,1,1,51.580513,3,0.674316,2,0.03200205,3,0.0,0.5,0.6
32,31,0,1,36.698799,5,0.651367,4,0.03100962,4,0.6,0.5,0.5
32,27,2,1,50.401316,4,0.615723,6,0.03077652,5,0.3,0.5,0.5
32,6,0,1,28.69629,6,0.640137,5,0.03053613,6,0.2,0.5,0.5
32,5,0,1,23.40637,7,0.547852,22,0.0271205,7,0.0,0.0,1.0
32,30,0,1,13.506642,18,0.572754,10,0.02710623,8,0.4,0.5,0.5
32,35,0,1,22.331866,8,0.548828,21,0.02705156,9,0.0,0.5,1.0
32,3,0,1,19.487426,14,0.567871,14,0.02702703,10,0.0,0.5,0.5
32,7,0,1,11.878251,23,0.606934,7,0.02697357,11,0.0,0.5,0.5
32,72,,0,20.024797,12,0.553223,18,0.0267094,12,1.0,1.0,0.5
32,18,,0,16.410682,15,0.551758,19,0.02599156,13,0.0,0.5,0.5
32,29,0,1,7.870869,31,0.588379,8,0.02569489,14,0.0,0.0,1.0
32,64,0,1,6.33111,39,0.573242,9,0.02459376,15,1.0,1.0,0.2
32,71,,0,12.765113,19,0.54541,24,0.02456299,16,0.0,0.5,1.0
32,12,0,1,20.606464,11,0.526855,38,0.02428859,17,0.5,1.0,0.5
32,8,0,1,19.703733,13,0.533691,35,0.02422495,18,1.0,1.0,0.6
32,86,0,1,21.976806,10,0.522949,42,0.02408964,19,1.0,0.5,0.6
32,48,,0,14.461314,17,0.540527,31,0.02397602,20,0.9,1.0,0.5
32,24,0,1,22.078079,9,0.516113,46,0.02392672,21,1.0,1.0,0.5
32,19,,0,6.188413,41,0.568359,13,0.02359962,22,0.2,0.5,0.5
32,2,,0,9.901978,28,0.545898,23,0.02341183,23,0.0,0.5,0.6
32,33,,0,11.029858,25,0.543945,26,0.02339261,24,0.0,0.0,0.5
32,15,,0,16.15553,16,0.525391,40,0.02315789,25,0.1,0.5,0.5
32,32,,0,5.029821,47,0.562012,16,0.02250369,26,1.0,1.0,0.6
32,4,,0,6.208847,40,0.548828,20,0.0225,27,0.6,1.0,0.2
32,51,,0,11.7241,24,0.533691,36,0.02232143,28,0.7,0.5,0.5
32,23,,0,11.923546,22,0.521973,43,0.02190386,29,0.4,0.5,1.0
32,96,,0,3.080888,68,0.568848,12,0.02170139,30,1.0,1.0,0.5
32,68,0,1,12.190434,21,0.498047,51,0.02135469,31,1.0,1.0,0.6
32,60,,0,3.146488,67,0.554688,17,0.02086103,32,0.9,1.0,0.5
32,84,,0,10.356286,26,0.505371,49,0.02080222,33,1.0,1.0,0.5
32,50,0,1,2.159237,75,0.566406,15,0.02074074,34,0.4,0.5,0.6
32,59,,0,12.355017,20,0.486328,63,0.02063008,35,0.0,0.5,1.0
32,52,,0,0.0,94,0.571289,11,0.02057801,36,1.0,1.0,0.2
32,63,,0,4.834004,49,0.541504,29,0.02041027,37,0.1,0.5,0.5
32,100,,0,7.704942,33,0.520508,44,0.02036807,38,0.9,1.0,0.2
32,90,,0,7.810921,32,0.513184,47,0.02021536,39,0.1,0.5,0.5
32,47,,0,4.759817,52,0.541016,30,0.02003968,40,0.1,0.5,1.0
32,91,,0,8.063797,30,0.497559,52,0.02003968,41,0.3,0.5,0.5
32,10,,0,3.392283,65,0.544922,25,0.01976471,42,0.0,0.5,0.2
32,1,0,1,3.926052,62,0.543457,27,0.01969097,43,0.0,0.0,0.5
32,34,,0,4.830981,50,0.530273,37,0.01940019,44,0.0,0.5,0.2
32,46,,0,4.107547,59,0.539551,33,0.01915605,45,0.0,0.5,0.2
32,36,,0,4.188486,58,0.537598,34,0.01911287,46,0.4,1.0,0.5
32,85,0,1,7.101333,37,0.491699,57,0.01885629,47,0.7,0.0,0.5
32,69,,0,4.456779,55,0.526855,39,0.01879666,48,0.0,0.0,0.5
32,92,0,1,4.930264,48,0.516602,45,0.01878307,49,1.0,1.0,0.6
32,88,,0,7.417969,35,0.486572,62,0.01872304,50,1.0,1.0,0.2
33,25,3,1,119.585538,2,0.779785,1,0.03252247,1,1.0,1.0,0.5
33,26,3,1,119.928515,1,0.732422,2,0.03252247,2,1.0,0.5,0.6
33,27,2,1,86.252643,3,0.627441,4,0.03149802,3,0.8125,0.5,0.5
33,28,1,1,72.685898,4,0.668457,3,0.03149802,4,0.25,0.0,0.2
33,6,0,1,67.460323,5,0.61377,5,0.03076923,5,0.875,0.5,0.5
33,2,0,1,43.663585,6,0.575195,10,0.02943723,6,1.0,0.5,0.6
33,5,0,1,13.295731,21,0.594727,8,0.02705156,7,1.0,1.0,1.0
33,17,0,1,19.848302,12,0.532715,18,0.0267094,8,1.0,1.0,1.0
33,4,0,1,18.141584,17,0.560059,13,0.02668564,9,0.625,0.0,0.2
33,7,0,1,18.261343,16,0.548828,15,0.02649123,10,1.0,0.5,0.5
33,58,0,1,27.928149,8,0.522461,26,0.02633379,11,1.0,0.5,0.2
33,10,,0,17.724459,18,0.533203,17,0.02580753,12,1.0,0.5,0.2
33,8,0,1,7.062256,41,0.61084,6,0.02505251,13,0.3125,0.0,0.6
33,23,,0,9.937318,32,0.569824,11,0.02495407,14,0.75,0.5,1.0
33,11,0,1,27.619398,9,0.510254,37,0.02480203,15,1.0,0.5,1.0
33,29,0,1,8.924811,37,0.586426,9,0.02480203,16,1.0,1.0,1.0
33,9,0,1,19.70181,14,0.518555,29,0.02474947,17,1.0,1.0,0.5
33,82,,0,12.933732,22,0.530762,20,0.02469512,18,0.8125,0.5,0.2
33,31,0,1,5.779455,49,0.597168,7,0.02409969,19,0.625,0.5,0.5
33,86,0,1,24.814728,10,0.503906,42,0.02408964,20,0.1875,0.5,0.6
33,92,,0,10.381684,29,0.530762,21,0.02358163,21,0.25,0.0,0.6
33,36,,0,12.237868,24,0.521484,27,0.02339901,22,0.75,0.0,0.5
33,30,,0,6.119033,48,0.569336,12,0.02314815,23,0.75,0.5,0.5
33,81,,0,19.784258,13,0.495605,49,0.02287294,24,1.0,1.0,0.5
33,91,0,1,19.003926,15,0.497559,47,0.02267913,25,0.8125,0.5,0.5
33,46,,0,11.322668,25,0.515625,33,0.02251739,26,1.0,0.5,0.2
33,16,0,1,28.151377,7,0.459473,73,0.02244417,27,0.1875,0.0,0.2
33,72,,0,8.489223,38,0.525391,23,0.02225227,28,0.25,0.0,0.5
33,89,,0,6.163069,47,0.530273,22,0.02154092,29,1.0,1.0,1.0
33,21,,0,11.286365,26,0.50293,43,0.02133664,30,1.0,1.0,0.5
33,69,,0,8.101265,40,0.518555,30,0.02111111,31,1.0,1.0,0.5
33,33,,0,2.632494,74,0.557617,14,0.0209762,32,0.75,1.0,0.5
33,12,,0,3.179191,70,0.536621,16,0.0208502,33,0.6875,0.0,0.5
33,22,,0,17.249997,19,0.469971,63,0.02078831,34,0.9375,0.5,0.2
33,35,,0,5.239378,54,0.523926,24,0.02067669,35,1.0,0.5,1.0
33,13,,0,20.529318,11,0.428955,95,0.02053612,36,1.0,1.0,0.5
33,47,,0,5.77837,50,0.519531,28,0.02045455,37,0.9375,0.5,1.0
33,100,,0,12.363577,23,0.474609,59,0.02045155,38,0.4375,0.0,0.2
33,19,,0,6.997055,42,0.511719,35,0.02033024,39,0.875,0.5,0.5
33,37,,0,6.574778,44,0.514648,34,0.02025368,40,1.0,1.0,0.5
33,52,,0,2.918002,72,0.531738,19,0.02023399,41,0.125,0.0,0.2
33,78,,0,10.104964,31,0.475342,57,0.01953602,42,0.5,0.5,0.5
33,53,,0,16.404431,20,0.437744,87,0.01930272,43,1.0,1.0,1.0
33,34,,0,4.711942,59,0.516113,32,0.01927293,44,1.0,0.5,0.2
33,90,,0,9.094429,36,0.478027,56,0.01903736,45,0.9375,0.5,0.5
33,51,,0,6.457377,45,0.490479,51,0.01853282,46,0.5625,0.5,0.5
33,93,,0,11.05672,28,0.451172,80,0.01850649,47,1.0,1.0,0.5
33,94,,0,9.206882,35,0.467041,66,0.01846282,48,0.625,0.5,0.2
33,75,,0,10.304394,30,0.452393,77,0.01841038,49,0.3125,0.5,0.5
33,95,0,1,11.164915,27,0.439453,85,0.0183908,50,0.5,0.5,1.0
34,25,2,1,67.620077,2,0.70752,1,0.03252247,1,0.4286,0.5,0.5
34,28,1,1,72.589361,1,0.652832,3,0.03226646,2,1.0,0.5,0.2
34,26,3,1,48.012137,4,0.68457,2,0.03175403,3,0.9286,1.0,0.6
34,27,3,1,64.991128,3,0.651855,4,0.03149802,4,1.0,1.0,0.5
34,52,0,1,41.372803,6,0.606934,6,0.03030303,5,1.0,0.5,0.2
34,6,0,1,22.863044,13,0.624023,5,0.02908325,6,1.0,1.0,0.5
34,2,0,1,23.180757,12,0.578125,9,0.02838164,7,0.9286,1.0,0.6
34,12,0,1,31.770236,8,0.5625,17,0.0276929,8,1.0,0.5,0.5
34,91,0,1,34.212492,7,0.549805,24,0.02683014,9,1.0,1.0,0.5
34,86,,0,18.436696,17,0.562988,16,0.02614491,10,1.0,1.0,0.6
34,10,0,1,13.043858,27,0.574707,10,0.02577997,11,0.5,1.0,0.2
34,5,0,1,12.139158,33,0.583984,8,0.02545857,12,0.4286,0.5,1.0
34,96,,0,21.584366,14,0.544922,30,0.02462462,13,0.9286,0.5,0.5
34,99,0,1,46.446009,5,0.513184,55,0.02408027,14,0.9286,1.0,0.5
34,69,0,1,25.651269,9,0.526855,45,0.02401656,15,0.5714,0.5,0.5
34,30,,0,13.000763,28,0.55957,20,0.02386364,16,1.0,1.0,0.5
34,9,0,1,16.905233,19,0.541992,32,0.02352779,17,0.1429,0.5,0.5
34,92,,0,18.490115,16,0.538574,37,0.02346717,18,1.0,0.5,0.6
34,16,0,1,24.716898,10,0.516113,53,0.02313527,19,1.0,0.5,0.2
34,4,0,1,7.799022,52,0.573242,11,0.02301308,20,1.0,0.5,0.2
34,72,,0,14.934541,25,0.544922,29,0.02300066,21,1.0,0.5,0.5
34,48,,0,12.772142,29,0.54248,31,0.02222497,22,1.0,0.5,0.5
34,8,,0,10.237714,40,0.55127,22,0.02219512,23,1.0,0.5,0.6
34,46,,0,5.877735,65,0.569336,12,0.02188889,24,0.7857,1.0,0.2
34,22,,0,16.184418,21,0.523438,47,0.02169147,25,1.0,1.0,0.2
34,36,,0,7.924226,51,0.561035,19,0.02166724,26,1.0,0.5,0.5
34,7,,0,8.314785,49,0.555664,21,0.02151999,27,0.7857,1.0,0.5
34,31,0,1,1.348837,96,0.592773,7,0.02133563,28,1.0,1.0,0.5
34,47,,0,5.25623,69,0.563965,15,0.02108527,29,1.0,1.0,1.0
34,29,,0,5.978084,64,0.5625,18,0.02088503,30,0.7857,0.5,1.0
34,58,,0,14.494362,26,0.522461,49,0.02080222,31,0.7143,1.0,0.2
34,34,,0,2.87843,85,0.568848,13,0.02059518,32,0.2857,1.0,0.2
34,104,,0,16.194316,20,0.50293,64,0.02056452,33,1.0,0.5,0.6
34,45,,0,10.970274,37,0.536133,39,0.02041029,34,0.2857,0.5,0.5
34,89,0,1,16.016448,22,0.503418,62,0.02039184,35,0.4286,0.5,1.0
34,73,0,1,23.896569,11,0.438232,102,0.02025735,36,1.0,0.5,0.5
34,11,0,1,10.186163,41,0.536133,38,0.02010507,37,0.9286,1.0,1.0
34,23,,0,6.488423,61,0.54834,26,0.01989237,38,1.0,1.0,1.0
34,33,,0,0.759399,100,0.565918,14,0.01976351,39,0.0,0.5,0.5
34,90,,0,12.570649,31,0.513184,54,0.01976094,40,1.0,1.0,0.5
34,64,,0,7.988591,50,0.540039,34,0.01972921,41,1.0,0.5,0.2
34,19,,0,8.480447,48,0.539062,36,0.01967593,42,1.0,1.0,0.5
34,56,,0,18.757674,15,0.44165,100,0.01958333,43,1.0,0.5,0.6
34,51,,0,12.140382,32,0.512695,56,0.01949025,44,1.0,1.0,0.5
34,63,,0,12.578375,30,0.504883,60,0.01944444,45,1.0,1.0,0.5
34,15,,0,4.011836,76,0.549805,23,0.01940113,46,1.0,1.0,0.5
34,39,0,1,17.869813,18,0.45459,95,0.01927213,47,0.7857,1.0,0.5
34,82,0,1,6.410718,63,0.540527,33,0.01888277,48,1.0,1.0,0.2
34,3,,0,3.40626,81,0.549316,25,0.0188569,49,0.5714,1.0,0.5
34,13,,0,15.478814,24,0.470459,87,0.01870748,50,0.7857,0.5,0.5
35,26,1,1,80.409135,1,0.677246,2,0.03252247,1,0.0,0.5,0.6
35,28,3,1,40.145544,5,0.696289,1,0.03177806,2,1.0,1.0,0.2
35,25,1,1,66.691056,2,0.662109,4,0.03175403,3,0.0,0.0,0.5
35,27,2,1,55.949185,3,0.630859,7,0.03079839,4,0.0,0.5,0.5
35,6,0,1,18.121625,13,0.674316,3,0.02957165,5,0.0,0.5,0.5
35,19,0,1,25.562386,9,0.617188,9,0.02898551,6,0.0,0.5,0.5
35,3,0,1,15.35337,18,0.619629,8,0.0275264,7,0.0,0.5,0.5
35,31,0,1,12.246649,25,0.658691,5,0.02714932,8,0.3333,0.5,0.5
35,72,0,1,34.835195,6,0.577637,25,0.02691622,9,1.0,1.0,0.5
35,29,,0,16.207925,16,0.591309,15,0.02649123,10,0.0,0.0,1.0
35,7,0,1,11.746813,30,0.64209,6,0.02626263,11,0.0,0.5,0.5
35,33,0,1,12.552919,23,0.609863,11,0.0261327,12,0.0,0.0,0.5
35,30,,0,20.367979,11,0.578125,24,0.02598927,13,0.1111,0.5,0.5
35,92,0,1,41.639064,4,0.556641,41,0.02552599,14,1.0,1.0,0.6
35,18,0,1,19.510329,12,0.572266,27,0.02538314,15,0.0,0.5,0.5
35,32,0,1,11.856278,28,0.594238,14,0.02487715,16,1.0,1.0,0.6
35,2,0,1,11.753858,29,0.588867,16,0.02439385,17,0.0,0.5,0.6
35,5,,0,12.775042,22,0.578125,23,0.02424331,18,0.0,0.0,1.0
35,91,0,1,27.405528,8,0.555176,45,0.02422969,19,0.0,0.5,0.5
35,12,,0,17.947245,14,0.564453,34,0.02415181,20,0.2222,1.0,0.5
35,86,0,1,28.527383,7,0.547852,49,0.02409969,21,1.0,0.5,0.6
35,34,,0,10.046875,37,0.59668,13,0.02400791,22,0.0,0.5,0.2
35,10,,0,12.13745,26,0.580566,21,0.02397359,23,0.0,0.5,0.2
35,69,,0,9.739598,39,0.586914,18,0.02292152,24,0.0,0.0,0.5
35,24,,0,15.651262,17,0.554199,46,0.02242098,25,1.0,1.0,0.5
35,1,,0,12.441112,24,0.5625,37,0.02221404,26,0.0,0.0,0.5
35,36,0,1,5.118353,68,0.61084,10,0.02209821,27,0.1111,1.0,0.5
35,96,,0,5.746343,63,0.600586,12,0.02201897,28,1.0,1.0,0.5
35,48,,0,7.356734,51,0.588867,17,0.02199602,29,0.6667,1.0,0.5
35,47,,0,10.094287,36,0.571289,28,0.0217803,30,0.0,0.5,1.0
35,64,,0,7.588859,49,0.581543,20,0.02167431,31,0.8889,1.0,0.2
35,45,,0,10.225832,34,0.565918,33,0.02139099,32,0.0,0.0,0.5
35,71,0,1,7.49148,50,0.580566,22,0.02128603,33,0.0,0.5,1.0
35,51,,0,17.360419,15,0.503906,69,0.02108527,34,0.4444,0.5,0.5
35,50,,0,8.057284,42,0.570312,29,0.02103988,35,0.1111,0.5,0.6
35,15,,0,8.697525,41,0.569336,31,0.02089,36,0.0,0.5,0.5
35,104,0,1,13.326267,19,0.512207,63,0.02078831,37,0.5556,1.0,0.6
35,21,,0,12.870047,21,0.518066,60,0.02067901,38,0.0,0.0,0.5
35,42,0,1,24.037994,10,0.439941,97,0.02065514,39,0.0,0.5,0.5
35,63,,0,10.115508,35,0.560059,39,0.02062733,40,0.0,0.5,0.5
35,4,,0,4.788496,71,0.58252,19,0.02029182,41,0.3333,1.0,0.2
35,58,,0,12.110303,27,0.53125,57,0.02004126,42,0.0,0.5,0.2
35,81,,0,10.861117,32,0.54248,51,0.01987857,43,0.0,0.0,0.5
35,37,,0,10.773231,33,0.544434,50,0.0198436,44,0.0,0.0,0.5
35,52,,0,9.329321,40,0.556152,42,0.01980392,45,1.0,1.0,0.2
35,8,,0,6.13054,59,0.569336,30,0.01951447,46,0.8889,1.0,0.6
35,23,,0,7.14375,53,0.562988,35,0.01937587,47,0.1111,0.5,1.0
35,84,,0,7.944581,44,0.555176,44,0.01923077,48,1.0,1.0,0.5
35,38,,0,12.890189,20,0.462646,90,0.01916667,49,0.0,0.5,0.6
35,46,,0,3.813806,82,0.57373,26,0.01867016,50,0.0,0.5,0.2
36,29,3,1,72.844839,1,0.828613,1,0.03278689,1,0.7857,0.5,1.0
36,51,1,1,39.656275,2,0.658691,4,0.03175403,2,1.0,1.0,0.5
36,30,2,1,32.363675,6,0.712402,2,0.03128055,3,1.0,1.0,0.5
36,31,2,1,34.124101,4,0.650879,5,0.03100962,4,1.0,1.0,0.5
36,14,0,1,38.593926,3,0.600586,8,0.0305789,5,1.0,1.0,0.6
36,88,0,1,33.726098,5,0.57373,18,0.02820513,6,0.5714,0.5,0.2
36,28,0,1,20.816228,13,0.59375,11,0.02778314,7,1.0,0.5,0.2
36,32,1,1,15.260306,24,0.703125,3,0.02777778,8,1.0,0.5,0.6
36,20,0,1,19.963915,15,0.594727,10,0.02761905,9,1.0,0.5,0.6
36,5,1,1,30.328382,7,0.573242,19,0.0275836,10,0.4286,0.5,1.0
36,8,0,1,27.107034,8,0.570312,22,0.026901,11,1.0,0.5,0.6
36,39,,0,20.05653,14,0.574219,16,0.02667141,12,0.7857,1.0,0.5
36,15,0,1,18.719127,20,0.588867,12,0.02638889,13,1.0,1.0,0.5
36,78,0,1,13.219349,27,0.600586,9,0.02598701,14,1.0,1.0,0.5
36,96,,0,21.58848,12,0.566895,25,0.02565359,15,0.9286,0.5,0.5
36,6,,0,19.671416,16,0.570312,21,0.02550357,16,1.0,1.0,0.5
36,55,,0,19.417743,17,0.568848,23,0.02503521,17,1.0,1.0,0.5
36,17,,0,11.586664,31,0.57373,17,0.02397602,18,0.5714,0.5,1.0
36,50,1,1,6.353481,51,0.61377,7,0.02393438,19,1.0,1.0,0.6
36,25,,0,16.012561,22,0.563965,26,0.02382303,20,0.4286,0.5,0.5
36,7,,0,18.751612,19,0.555176,32,0.02352779,21,0.7857,1.0,0.5
36,4,0,1,15.936719,23,0.557129,28,0.02341183,22,1.0,0.5,0.2
36,40,,0,8.522185,42,0.585938,14,0.02331744,23,1.0,0.5,0.2
36,80,,0,8.834507,41,0.583984,15,0.02323432,24,0.8571,0.5,0.6
36,18,,0,19.139461,18,0.54248,43,0.02252925,25,0.8571,1.0,0.5
36,12,0,1,12.842712,28,0.555664,31,0.02235265,26,1.0,0.5,0.5
36,54,,0,13.758968,26,0.551758,35,0.02215422,27,1.0,1.0,0.5
36,42,0,1,26.636691,9,0.502441,75,0.02190016,28,0.1429,1.0,0.5
36,35,0,1,25.112281,10,0.50293,74,0.0217484,29,0.5,1.0,1.0
36,16,0,1,17.870498,21,0.538086,48,0.02160494,30,1.0,0.5,0.2
36,64,0,1,0.0,101,0.63916,6,0.0213627,31,1.0,0.5,0.2
36,60,0,1,6.17136,53,0.573242,20,0.02134956,32,1.0,0.5,0.5
36,52,,0,3.013315,71,0.586914,13,0.02133222,33,1.0,0.5,0.2
36,74,,0,9.363437,37,0.554199,33,0.02106197,34,1.0,1.0,0.6
36,3,,0,9.687332,36,0.549316,37,0.02072595,35,0.5714,1.0,0.5
36,10,,0,9.023817,40,0.553711,34,0.0206383,36,0.5,1.0,0.2
36,56,,0,6.233803,52,0.559082,27,0.02042282,37,1.0,0.5,0.6
36,27,,0,14.354509,25,0.521484,57,0.02031171,38,1.0,1.0,0.5
36,41,,0,21.655815,11,0.448486,101,0.02029569,39,0.0,0.5,1.0
36,2,,0,3.838416,67,0.567871,24,0.01977878,40,0.9286,1.0,0.6
36,33,,0,10.762479,33,0.526367,52,0.01968126,41,0.0,0.5,0.5
36,66,,0,9.120613,38,0.540039,46,0.01963804,42,1.0,1.0,0.5
36,49,,0,7.82696,44,0.546387,40,0.01961538,43,0.8571,0.5,0.5
36,26,0,1,7.258728,47,0.547852,39,0.0194468,44,0.9286,1.0,0.6
36,90,,0,7.634084,46,0.541992,44,0.01904935,45,1.0,1.0,0.5
36,86,,0,5.976698,56,0.549805,36,0.01903736,46,1.0,1.0,0.6
36,43,,0,6.066234,54,0.54834,38,0.01897601,47,0.5,1.0,0.5
36,91,,0,12.363541,29,0.505859,72,0.01881171,48,1.0,1.0,0.5
36,104,,0,11.01003,32,0.51416,66,0.01880607,49,1.0,0.5,0.6
36,58,,0,8.286675,43,0.537109,50,0.01879965,50,0.7143,1.0,0.2
37,29,1,1,120.953847,2,0.721191,1,0.03252247,1,0.0,0.0,1.0
37,30,1,1,140.283275,1,0.682617,3,0.03226646,2,0.0,0.5,0.5
37,31,2,1,61.914614,3,0.693359,2,0.03200205,3,0.2222,0.5,0.5
37,32,3,1,51.793951,4,0.640137,4,0.03125,4,1.0,1.0,0.6
37,6,0,1,39.631835,5,0.597656,9,0.02987737,5,0.0,0.5,0.5
37,8,0,1,38.788475,6,0.583984,14,0.02866503,6,0.7778,1.0,0.6
37,52,0,1,21.584961,14,0.600098,7,0.02843889,7,1.0,1.0,0.2
37,64,0,1,18.307663,17,0.599121,8,0.0276929,8,0.7778,1.0,0.2
37,15,0,1,23.267642,11,0.566406,22,0.02627963,9,0.0,0.5,0.5
37,19,0,1,14.476151,22,0.584473,13,0.02589375,10,0.0,0.5,0.5
37,2,,0,20.771152,15,0.556641,27,0.02482759,11,0.0,0.5,0.6
37,51,,0,14.277271,23,0.566895,21,0.02439387,12,0.3333,0.5,0.5
37,20,0,1,26.259591,9,0.541992,42,0.02429668,13,0.6667,1.0,0.6
37,28,0,1,6.444213,60,0.615234,5,0.02371795,14,0.8889,1.0,0.2
37,85,,0,13.313358,25,0.561035,24,0.02366947,15,0.3333,0.0,0.5
37,12,0,1,11.763827,31,0.570312,19,0.02364724,16,0.1111,1.0,0.5
37,40,,0,20.673927,16,0.544434,37,0.02346717,17,0.3333,1.0,0.2
37,62,,0,15.08226,21,0.547852,32,0.02321524,18,0.0,0.5,0.6
37,88,0,1,7.449862,52,0.597168,10,0.02321429,19,1.0,1.0,0.2
37,11,,0,15.455014,20,0.544922,34,0.0231383,20,0.0,0.5,1.0
37,5,0,1,10.413274,35,0.567871,20,0.02302632,21,0.0,0.0,1.0
37,47,,0,16.99172,18,0.543457,38,0.02302459,22,0.0,0.5,1.0
37,4,0,1,8.597462,41,0.57373,17,0.022888,23,0.2222,1.0,0.2
37,49,,0,11.856865,30,0.557617,26,0.02273902,24,0.0,0.0,0.5
37,68,0,1,27.573476,8,0.502441,67,0.0225799,25,0.8889,1.0,0.6
37,72,,0,21.905587,13,0.517578,55,0.02239428,26,0.8889,1.0,0.5
37,61,,0,8.028623,47,0.572266,18,0.02216631,27,0.0,0.0,0.5
37,25,0,1,2.687277,86,0.612793,6,0.02200083,28,0.0,0.0,0.5
37,86,,0,12.711031,28,0.544922,35,0.02188995,29,1.0,0.5,0.6
37,94,,0,11.500415,32,0.551758,31,0.02185858,30,0.2222,0.5,0.2
37,60,0,1,12.71667,27,0.542969,40,0.02149425,31,0.5556,1.0,0.5
37,26,,0,4.142917,72,0.585938,12,0.02146465,32,0.0,0.5,0.6
37,24,0,1,15.559373,19,0.518555,54,0.02143016,33,0.8889,1.0,0.5
37,67,0,1,25.672853,10,0.489014,80,0.02142857,34,0.0,0.5,0.5
37,92,,0,22.542169,12,0.492432,78,0.02113527,35,0.8889,1.0,0.6
37,55,0,1,13.983812,24,0.530762,49,0.02107907,36,0.1111,0.5,0.5
37,41,0,1,32.359007,7,0.412109,104,0.02102293,37,0.0,0.0,1.0
37,7,0,1,2.098734,88,0.586914,11,0.02084126,38,0.0,0.5,0.5
37,50,,0,3.747995,76,0.57666,15,0.02068627,39,0.0,0.5,0.6
37,46,,0,11.044389,33,0.535645,45,0.0202765,40,0.0,0.5,0.2
37,10,0,1,2.773533,85,0.574219,16,0.02005445,41,0.0,0.5,0.2
37,66,,0,7.956913,49,0.547852,33,0.019927,42,0.0,0.5,0.5
37,18,,0,8.533655,44,0.54248,41,0.01951637,43,0.0,0.5,0.5
37,78,,0,8.593688,42,0.537109,44,0.01941931,44,0.4444,0.5,0.5
37,96,,0,5.729626,65,0.554199,30,0.01911111,45,1.0,1.0,0.5
37,1,,0,8.968752,39,0.530273,51,0.01911002,46,0.0,0.0,0.5
37,27,,0,3.619855,77,0.558105,25,0.01906398,47,0.0,0.5,0.5
37,3,,0,7.365847,53,0.542969,39,0.01895057,48,0.0,0.5,0.5
37,87,,0,9.957548,36,0.510742,59,0.01882003,49,1.0,0.5,0.5
37,39,0,1,8.318821,46,0.53125,47,0.01877976,50,0.0,0.5,0.5
38,31,2,1,48.000608,2,0.71875,1,0.03252247,1,1.0,1.0,0.5
38,30,3,1,53.882603,1,0.705078,3,0.03226646,2,1.0,1.0,0.5
38,29,3,1,45.743799,3,0.708496,2,0.03200205,3,0.9286,0.5,1.0
38,19,0,1,27.449162,5,0.643066,8,0.0300905,4,1.0,1.0,0.5
38,17,0,1,26.036783,7,0.646973,7,0.02985075,5,0.7143,0.5,1.0
38,5,0,1,26.554042,6,0.625,11,0.02923602,6,0.5714,0.5,1.0
38,32,1,1,17.85977,14,0.648926,6,0.02866503,7,0.8571,0.5,0.6
38,6,0,1,14.426327,29,0.653809,5,0.02662057,8,1.0,1.0,0.5
38,7,0,1,14.633049,26,0.638184,9,0.02612066,9,0.9286,1.0,0.5
38,78,0,1,20.94013,12,0.589844,22,0.02608401,10,1.0,1.0,0.5
38,51,0,1,29.10601,4,0.564941,39,0.02572601,11,1.0,1.0,0.5
38,8,,0,16.675616,18,0.593262,20,0.02532051,12,1.0,0.5,0.6
38,4,0,1,25.877586,8,0.572754,35,0.0252322,13,1.0,0.5,0.2
38,96,0,1,9.888931,52,0.665039,4,0.02455357,14,0.7857,0.5,0.5
38,3,0,1,11.874091,41,0.633789,10,0.0241867,15,0.7143,1.0,0.5
38,37,,0,17.357296,16,0.574219,32,0.02402746,16,0.0,0.5,0.5
38,90,0,1,24.582809,9,0.558105,49,0.02366707,17,1.0,1.0,0.5
38,50,,0,20.5903,13,0.562012,43,0.02340737,18,1.0,1.0,0.6
38,46,,0,13.438646,33,0.592773,21,0.02309837,19,0.9286,1.0,0.2
38,76,,0,14.879156,24,0.575195,30,0.02301587,20,0.6429,0.5,0.2
38,60,0,1,9.927836,51,0.620605,12,0.0228979,21,1.0,0.5,0.5
38,72,,0,13.598461,32,0.581543,24,0.02277433,22,1.0,0.5,0.5
38,53,,0,15.703996,20,0.563477,40,0.0225,23,0.9286,0.5,1.0
38,86,,0,17.165711,17,0.555664,52,0.02191558,24,0.9286,1.0,0.6
38,91,0,1,22.744528,11,0.543457,69,0.02183645,25,1.0,1.0,0.5
38,20,0,1,9.202383,58,0.611816,15,0.02180791,26,1.0,0.5,0.6
38,95,,0,14.859794,25,0.5625,41,0.0216657,27,1.0,1.0,1.0
38,28,,0,11.815452,42,0.578125,25,0.02156863,28,1.0,0.5,0.2
38,64,0,1,7.655547,68,0.616211,14,0.02132601,29,1.0,0.5,0.2
38,1,,0,14.089102,31,0.569824,37,0.02129829,30,0.4286,0.5,0.5
38,94,,0,15.749664,19,0.552246,57,0.02120524,31,1.0,1.0,0.2
38,14,,0,11.960072,39,0.574707,31,0.02109002,32,1.0,1.0,0.6
38,25,0,1,17.359763,15,0.539062,77,0.0206326,33,0.5714,0.5,0.5
38,59,0,1,7.457791,71,0.601074,17,0.0206206,34,1.0,1.0,1.0
38,18,,0,9.210952,57,0.588379,23,0.0205952,35,1.0,1.0,0.5
38,58,,0,8.12213,66,0.59668,19,0.02059474,36,0.8571,1.0,0.2
38,2,0,1,7.547683,70,0.599609,18,0.02051282,37,1.0,1.0,0.6
38,11,0,1,23.33063,10,0.491455,101,0.02049689,38,1.0,1.0,1.0
38,69,,0,9.63762,55,0.57666,28,0.02005929,39,0.7143,0.5,0.5
38,47,,0,3.370487,87,0.601562,16,0.01996062,40,1.0,1.0,1.0
38,56,,0,15.286125,21,0.540527,72,0.01992144,41,0.9286,0.5,0.6
38,40,,0,1.420364,101,0.617188,13,0.01990981,42,1.0,0.5,0.2
38,77,0,1,15.280167,22,0.54248,70,0.01988743,43,1.0,0.5,1.0
38,63,,0,13.419799,34,0.555176,53,0.01948786,44,1.0,1.0,0.5
38,55,,0,14.524162,28,0.544922,66,0.01930014,45,1.0,1.0,0.5
38,35,,0,10.077698,50,0.56543,38,0.01929499,46,0.6429,1.0,1.0
38,68,0,1,13.311425,35,0.550293,59,0.01892968,47,1.0,0.5,0.6
38,33,,0,10.742775,47,0.560059,45,0.0188696,48,0.0,0.5,0.5
38,12,,0,5.377718,77,0.57666,27,0.01879352,49,1.0,0.5,0.5
38,16,,0,15.12587,23,0.522949,89,0.0187596,50,0.9286,0.5,0.2
39,32,3,1,72.70189,1,0.792969,1,0.03278689,1,1.0,1.0,0.6
39,64,0,1,36.723691,2,0.666504,3,0.03200205,2,0.6667,1.0,0.2
39,29,1,1,27.898881,5,0.684082,2,0.03151365,3,0.0,0.0,1.0
39,30,1,1,27.03953,6,0.628418,5,0.03053613,4,0.0,0.5,0.5
39,20,0,1,31.620345,4,0.601074,9,0.03011775,5,0.5556,1.0,0.6
39,15,0,1,20.603876,11,0.645996,4,0.02970951,6,0.0,0.5,0.5
39,50,0,1,22.12978,9,0.587402,14,0.02800627,7,0.0,0.5,0.6
39,5,0,1,23.43213,8,0.581543,16,0.02786378,8,0.0,0.0,1.0
39,7,0,1,32.732874,3,0.561035,25,0.02763772,9,0.0,0.5,0.5
39,78,0,1,18.097702,17,0.600098,11,0.02707152,10,0.3333,0.5,0.5
39,52,0,1,15.686687,24,0.613281,6,0.02705628,11,1.0,1.0,0.2
39,96,0,1,25.821193,7,0.562012,24,0.02683014,12,1.0,1.0,0.5
39,55,0,1,14.002532,26,0.613281,7,0.02655328,13,0.0,0.5,0.5
39,60,0,1,20.481341,12,0.574219,19,0.02654712,14,0.4444,1.0,0.5
39,3,,0,18.075842,18,0.57373,20,0.02532051,15,0.0,0.5,0.5
39,14,,0,20.267822,14,0.560059,27,0.02500777,16,0.0,0.5,0.6
39,80,0,1,10.224687,36,0.601074,10,0.02470238,17,1.0,1.0,0.6
39,61,0,1,10.747406,35,0.598145,12,0.0244152,18,0.0,0.0,0.5
39,12,,0,20.026743,15,0.542969,37,0.02364261,19,0.0,1.0,0.5
39,40,0,1,5.83833,62,0.604004,8,0.0229026,20,0.2222,1.0,0.2
39,17,,0,11.942502,32,0.561035,26,0.02249747,21,0.0,0.0,1.0
39,83,,0,13.980828,27,0.553223,31,0.02248326,22,0.1111,0.5,1.0
39,6,,0,15.723512,23,0.542969,36,0.02246486,23,0.0,0.5,0.5
39,74,0,1,21.709375,10,0.52002,63,0.0224158,24,0.4444,0.5,0.6
39,51,,0,9.774054,38,0.565918,23,0.02225227,25,0.2222,0.5,0.5
39,39,,0,6.184308,57,0.590332,13,0.02224564,26,0.0,0.5,0.5
39,31,,0,9.307807,41,0.567871,22,0.02209611,27,0.1111,0.5,0.5
39,19,,0,17.51947,19,0.532715,47,0.02200402,28,0.0,0.5,0.5
39,91,,0,7.133137,51,0.581055,17,0.02199602,29,0.0,0.5,0.5
39,16,,0,18.192069,16,0.523926,54,0.02192982,30,0.8889,1.0,0.2
39,18,,0,15.94141,22,0.537109,44,0.02181051,31,0.0,0.5,0.5
39,90,,0,12.665338,29,0.54248,40,0.02123596,32,0.0,0.5,0.5
39,92,,0,12.423114,30,0.541504,42,0.02091503,33,0.7778,1.0,0.6
39,49,,0,16.973554,20,0.521484,61,0.02076446,34,0.0,0.0,0.5
39,4,,0,13.210648,28,0.525391,50,0.02045455,35,0.1111,1.0,0.2
39,28,,0,7.787874,48,0.550293,32,0.02012882,36,0.7778,1.0,0.2
39,2,0,1,4.85639,69,0.568359,21,0.02009762,37,0.0,0.5,0.6
39,42,,0,20.276564,13,0.418945,104,0.01979619,38,0.0,0.5,0.5
39,36,0,1,0.0,95,0.585938,15,0.01978495,39,0.0,1.0,0.5
39,84,,0,7.667985,49,0.544434,35,0.01970063,40,1.0,1.0,0.5
39,94,,0,1.453172,87,0.578613,18,0.01962323,41,0.1111,0.5,0.2
39,47,,0,9.183601,43,0.541992,41,0.01960973,42,0.0,0.5,1.0
39,34,,0,5.972504,59,0.558594,30,0.01951447,43,0.0,0.5,0.2
39,104,,0,15.278129,25,0.510742,72,0.01934046,44,0.3333,1.0,0.6
39,21,0,1,16.260568,21,0.485352,87,0.0191484,45,0.0,0.0,0.5
39,26,,0,9.265092,42,0.532715,48,0.01906318,46,0.0,0.5,0.6
39,24,,0,10.87846,34,0.519043,64,0.01870281,47,0.7778,1.0,0.5
39,72,,0,9.937421,37,0.521973,60,0.01864261,48,0.7778,1.0,0.5
39,58,,0,7.51559,50,0.533691,46,0.01852487,49,0.0,0.5,0.2
39,8,,0,4.86169,68,0.545898,34,0.0184508,50,0.6667,1.0,0.6
40,29,3,1,55.938633,1,0.691406,2,0.03252247,1,1.0,1.0,1.0
40,30,2,1,43.847099,2,0.700195,1,0.03252247,2,0.8571,0.5,0.5
40,32,1,1,32.86089,4,0.643066,3,0.03149802,3,0.1429,0.0,0.6
40,31,1,1,28.89951,6,0.612793,5,0.03053613,4,0.7143,0.5,0.5
40,20,0,1,28.245462,9,0.629395,4,0.03011775,5,0.4286,0.0,0.6
40,78,0,1,15.765986,21,0.606934,6,0.02749719,6,0.5714,0.5,0.5
40,8,0,1,26.359163,11,0.578125,17,0.02707152,7,0.3571,0.0,0.6
40,6,1,1,16.298481,20,0.591797,9,0.02699275,8,1.0,0.5,0.5
40,7,1,1,28.7388,7,0.564453,27,0.02641963,9,1.0,0.5,0.5
40,59,0,1,12.810974,26,0.602051,8,0.02633379,10,1.0,0.5,1.0
40,1,0,1,15.146872,22,0.587402,11,0.02627963,11,1.0,1.0,0.5
40,40,0,1,9.708227,33,0.605469,7,0.02567806,12,0.6429,0.0,0.2
40,57,0,1,36.534294,3,0.526367,51,0.02488202,13,1.0,1.0,0.5
40,61,0,1,8.997692,36,0.588379,10,0.02470238,14,1.0,1.0,0.5
40,17,,0,11.354317,30,0.583984,14,0.02462462,15,1.0,1.0,1.0
40,90,,0,21.046775,13,0.553711,34,0.02433693,16,1.0,0.5,0.5
40,96,,0,10.301262,31,0.583496,15,0.02432234,17,0.0714,0.0,0.5
40,55,,0,12.810621,27,0.576172,19,0.02415248,18,0.7857,0.5,0.5
40,10,,0,12.377749,28,0.573242,21,0.02370932,19,1.0,0.5,0.2
40,12,,0,6.327979,42,0.583984,13,0.02350255,20,0.7857,0.0,0.5
40,5,,0,18.696729,15,0.540039,42,0.02313725,21,1.0,1.0,1.0
40,93,0,1,27.219993,10,0.523926,57,0.02283272,22,1.0,1.0,0.5
40,86,,0,6.55808,40,0.577148,18,0.02282051,23,0.2143,0.5,0.6
40,39,,0,5.223486,52,0.584961,12,0.02281746,24,1.0,0.5,0.5
40,19,,0,6.871803,39,0.573242,22,0.02229613,25,1.0,0.5,0.5
40,89,0,1,32.201487,5,0.494141,85,0.02228117,26,1.0,1.0,1.0
40,3,,0,5.687814,50,0.580078,16,0.0222488,27,1.0,0.5,0.5
40,66,0,1,14.087759,24,0.540527,41,0.02180575,28,1.0,0.5,0.5
40,68,0,1,28.542126,8,0.49585,82,0.02174814,29,0.2857,0.0,0.6
40,22,,0,17.711475,17,0.519531,58,0.02146159,30,1.0,0.5,0.2
40,28,0,1,6.241862,45,0.568359,25,0.02128852,31,0.2857,0.0,0.2
40,62,,0,6.055481,48,0.570312,24,0.02116402,32,1.0,0.5,0.6
40,15,,0,9.782348,32,0.547363,38,0.02107365,33,1.0,0.5,0.5
40,16,0,1,21.067392,12,0.494141,84,0.02083333,34,0.2143,0.0,0.2
40,49,,0,6.518689,41,0.554199,33,0.02065368,35,1.0,1.0,0.5
40,97,,0,16.738401,19,0.515625,67,0.02053224,36,0.8571,1.0,0.5
40,92,0,1,18.328606,16,0.499268,78,0.02040427,37,0.2857,0.0,0.6
40,63,,0,14.164766,23,0.506836,70,0.0197405,38,1.0,0.5,0.5
40,64,,0,2.034378,80,0.574707,20,0.01964286,39,0.3571,0.0,0.2
40,13,,0,6.927804,38,0.53125,46,0.01963804,40,1.0,1.0,0.5
40,41,0,1,18.827604,14,0.424561,104,0.01961107,41,0.1429,1.0,1.0
40,2,,0,3.423605,67,0.564453,26,0.01950192,42,1.0,0.5,0.6
40,51,,0,11.624658,29,0.517578,64,0.01930047,43,0.6429,0.5,0.5
40,71,,0,16.859004,18,0.475098,98,0.01914963,44,1.0,0.5,1.0
40,43,,0,9.100627,35,0.519043,59,0.01892968,45,1.0,0.5,0.5
40,35,,0,6.320775,43,0.529785,49,0.01888305,46,1.0,0.5,1.0
40,50,,0,5.694631,49,0.532227,45,0.01869812,47,0.8571,0.5,0.6
40,88,,0,5.267814,51,0.533691,44,0.01862439,48,0.0,0.0,0.2
40,87,,0,13.595683,25,0.48584,88,0.01852146,49,0.0714,0.5,0.5
40,80,0,1,2.543948,75,0.554688,32,0.01827697,50,0.0,0.0,0.6
41,34,3,1,88.362351,1,0.687012,2,0.03252247,1,1.0,1.0,0.2
41,33,3,1,65.110564,3,0.728027,1,0.03226646,2,0.9,0.5,0.5
41,36,2,1,50.313879,4,0.687012,3,0.03149802,3,0.9,0.5,0.5
41,35,2,1,74.392469,2,0.612793,13,0.02982766,4,1.0,1.0,1.0
41,47,1,1,25.37442,8,0.634766,7,0.02963126,5,1.0,1.0,1.0
41,3,0,1,34.134382,5,0.620117,11,0.02946912,6,1.0,1.0,0.5
41,45,1,1,21.685955,10,0.633789,8,0.0289916,7,1.0,0.5,0.5
41,10,0,1,17.083657,18,0.641113,4,0.02844551,8,1.0,1.0,0.2
41,46,1,1,17.183683,17,0.623535,9,0.02747977,9,1.0,1.0,0.2
41,6,0,1,16.091063,22,0.635254,6,0.02734664,10,1.0,1.0,0.5
41,22,0,1,21.096725,12,0.598633,16,0.02704678,11,1.0,1.0,0.2
41,82,,0,19.20841,14,0.603027,15,0.02684685,12,0.95,1.0,0.2
41,24,,0,16.679822,20,0.595215,19,0.02515823,13,0.5,0.5,0.5
41,2,0,1,11.576818,32,0.621094,10,0.02515528,14,1.0,1.0,0.6
41,38,,0,21.167685,11,0.570801,32,0.02495407,15,1.0,1.0,0.6
41,18,,0,14.798182,24,0.596191,18,0.02472527,16,1.0,1.0,0.5
41,21,0,1,21.754766,9,0.552246,41,0.02439374,17,1.0,0.5,0.5
41,88,0,1,26.028762,7,0.544434,47,0.02427117,18,0.1,0.5,0.2
41,86,,0,18.489092,16,0.569336,34,0.02379619,19,0.45,1.0,0.6
41,44,,0,12.745192,28,0.59082,23,0.02341183,20,0.95,0.5,0.6
41,37,0,1,6.744698,65,0.637207,5,0.02338462,21,1.0,0.5,0.5
41,12,,0,9.048417,46,0.61377,12,0.02332285,22,0.85,0.5,0.5
41,85,0,1,19.94928,13,0.54248,48,0.02295789,23,0.75,0.5,0.5
41,69,,0,13.468966,27,0.576172,28,0.02285789,24,1.0,0.5,0.5
41,1,0,1,13.863054,25,0.569336,33,0.02251739,25,1.0,0.5,0.5
41,5,,0,16.881547,19,0.54541,46,0.02209219,26,1.0,0.5,1.0
41,40,0,1,10.919949,38,0.583008,25,0.02196879,27,0.75,0.5,0.2
41,58,,0,18.574875,15,0.532715,56,0.02195402,28,1.0,1.0,0.2
41,4,,0,7.048318,62,0.606445,14,0.02171023,29,0.8,0.5,0.2
41,87,0,1,31.268917,6,0.470215,95,0.02160313,30,0.35,1.0,0.5
41,7,,0,8.499154,50,0.594238,20,0.02159091,31,1.0,1.0,0.5
41,92,,0,10.283715,41,0.57959,27,0.02139524,32,0.5,0.5,0.6
41,26,,0,12.014808,30,0.54834,43,0.02081985,33,1.0,1.0,0.6
41,19,,0,11.229817,36,0.556641,40,0.02041667,34,1.0,1.0,0.5
41,90,,0,12.591594,29,0.541992,49,0.02041027,35,1.0,1.0,0.5
41,50,,0,10.708702,40,0.561035,37,0.02030928,36,0.9,1.0,0.6
41,102,,0,15.073607,23,0.516602,65,0.02004819,37,1.0,1.0,0.5
41,17,0,1,6.74668,64,0.582031,26,0.01969242,38,1.0,0.5,1.0
41,23,,0,1.631196,93,0.59668,17,0.01952296,39,0.9,1.0,1.0
41,31,,0,4.745663,78,0.592285,22,0.0194415,40,0.8,1.0,0.5
41,9,,0,6.910264,63,0.572266,31,0.01911909,41,1.0,0.5,0.5
41,48,0,1,4.661304,79,0.584961,24,0.01909901,42,0.65,0.5,0.5
41,11,,0,2.3885,89,0.593262,21,0.01905709,43,1.0,1.0,1.0
41,81,,0,6.27524,69,0.575684,29,0.01898789,44,1.0,0.5,0.5
41,59,,0,8.829075,48,0.547852,44,0.01887464,45,1.0,1.0,1.0
41,49,,0,11.522361,33,0.51416,66,0.0186892,46,1.0,0.5,0.5
41,13,,0,16.524095,21,0.455566,98,0.01867479,47,1.0,0.5,0.5
41,43,0,1,13.820133,26,0.491943,83,0.01862091,48,1.0,1.0,0.5
41,20,,0,10.004191,45,0.537598,52,0.01845238,49,0.6,0.5,0.6
41,54,,0,8.693603,49,0.540527,50,0.01826522,50,0.95,1.0,0.5
42,45,1,1,54.10714,4,0.677246,1,0.03201844,1,1.0,1.0,0.5
42,33,3,1,81.044567,2,0.657715,3,0.03200205,2,1.0,1.0,0.5
42,35,3,1,99.23084,1,0.655762,5,0.03177806,3,0.9444,0.5,1.0
42,36,1,1,56.185562,3,0.651367,8,0.0305789,4,0.3333,0.0,0.5
42,3,0,1,24.670254,12,0.656738,4,0.02951389,5,0.8889,0.5,0.5
42,6,0,1,37.838662,10,0.654297,6,0.02943723,6,0.4444,0.5,0.5
42,34,2,1,49.815856,6,0.617188,15,0.02848485,7,1.0,0.5,0.2
42,18,0,1,24.653788,13,0.642578,9,0.02819138,8,0.6667,0.5,0.5
42,21,0,1,53.775256,5,0.594238,22,0.02757974,9,0.7778,1.0,0.5
42,47,1,1,42.116691,9,0.614258,17,0.02747977,10,0.5,0.5,1.0
42,7,0,1,18.892342,18,0.633301,11,0.02690502,11,0.7222,0.5,0.5
42,22,0,1,48.459527,7,0.591797,24,0.02683014,12,0.5,0.5,0.2
42,19,0,1,12.807487,28,0.653809,7,0.02628901,13,0.4444,0.5,0.5
42,24,,0,18.852694,19,0.60498,18,0.02547874,14,0.0,0.0,0.5
42,17,0,1,11.904817,30,0.628906,12,0.025,15,0.8889,1.0,1.0
42,12,,0,22.012241,15,0.585449,26,0.02496124,16,0.2778,0.0,0.5
42,31,,0,17.064437,21,0.602051,20,0.02484568,17,0.2222,0.5,0.5
42,46,,0,15.138063,22,0.596191,21,0.0245408,18,0.7222,0.5,0.2
42,2,,0,13.493263,25,0.604004,19,0.02442293,19,0.6111,0.5,0.6
42,5,0,1,47.514916,8,0.542969,44,0.02432127,20,1.0,1.0,1.0
42,48,0,1,4.449033,64,0.663086,2,0.02419355,21,0.0556,0.0,0.5
42,28,0,1,22.115066,14,0.562012,35,0.02403983,22,0.0,0.0,0.2
42,71,0,1,19.640338,17,0.569824,31,0.02397602,23,0.5556,0.5,1.0
42,10,0,1,10.255126,32,0.591309,25,0.02263427,24,0.9444,0.5,0.2
42,8,,0,17.407046,20,0.550781,39,0.02260101,25,0.0,0.0,0.6
42,20,0,1,5.886334,51,0.617188,14,0.02252252,26,0.0,0.0,0.6
42,30,,0,13.17119,26,0.569336,32,0.02249747,27,0.3333,0.5,0.5
42,1,0,1,10.203334,33,0.584961,27,0.02224694,28,1.0,1.0,0.5
42,81,0,1,3.921183,70,0.638672,10,0.02197802,29,0.7222,1.0,0.5
42,86,,0,20.155381,16,0.52002,55,0.02185355,30,0.0,0.5,0.6
42,15,,0,15.02555,23,0.541992,45,0.021572,31,0.5,0.5,0.5
42,37,0,1,4.621318,63,0.617188,16,0.02128798,32,1.0,1.0,0.5
42,42,,0,28.120251,11,0.478516,82,0.02112676,33,1.0,0.5,0.5
42,96,,0,8.002767,37,0.566406,33,0.02106197,34,0.0,0.0,0.5
42,4,,0,5.500871,55,0.592773,23,0.02074384,35,0.2222,0.0,0.2
42,40,,0,7.561921,41,0.563477,34,0.02053929,36,0.1667,0.0,0.2
42,25,,0,13.600892,24,0.517578,57,0.02045177,37,1.0,1.0,0.5
42,82,0,1,1.86214,93,0.626953,13,0.02023458,38,0.3889,0.5,0.2
42,63,,0,9.050449,34,0.536133,47,0.01998409,39,0.5,0.5,0.5
42,59,,0,5.615056,53,0.577637,30,0.01996067,40,0.5556,0.5,1.0
42,50,,0,7.342975,42,0.546387,41,0.01970491,41,0.3333,0.5,0.6
42,23,0,1,4.64689,62,0.581543,29,0.01943268,42,0.3333,0.5,1.0
42,99,0,1,12.955405,27,0.5,72,0.01907001,43,0.6111,0.5,0.5
42,32,,0,5.298146,57,0.55957,36,0.01896368,44,0.0,0.0,0.6
42,104,,0,9.034448,35,0.512207,61,0.01879078,45,0.1111,0.0,0.6
42,29,,0,6.376348,45,0.53418,49,0.01869812,46,0.7222,1.0,1.0
42,26,,0,6.26527,47,0.534668,48,0.01860505,47,0.6111,0.5,0.6
42,60,,0,6.018144,49,0.532715,50,0.01826522,48,0.0556,0.0,0.5
42,90,,0,8.775538,36,0.50293,68,0.01822917,49,0.5,0.5,0.5
42,64,,0,2.142624,88,0.582031,28,0.01812039,50,0.0,0.0,0.2
43,35,1,1,56.758691,2,0.65332,1,0.03252247,1,0.6429,0.5,1.0
43,34,1,1,60.782968,1,0.619141,4,0.03201844,2,0.4286,0.5,0.2
43,36,3,1,35.044515,4,0.637207,2,0.03175403,3,1.0,1.0,0.5
43,33,1,1,40.900353,3,0.604004,5,0.03125763,4,0.0,0.0,0.5
43,82,0,1,18.946513,11,0.625,3,0.02995752,5,1.0,0.5,0.2
43,47,1,1,25.405522,5,0.574707,9,0.02987737,6,1.0,0.5,1.0
43,3,0,1,21.816513,10,0.558105,16,0.02744361,7,0.7143,0.5,0.5
43,4,0,1,12.666316,22,0.595215,6,0.02734664,8,1.0,1.0,0.2
43,37,0,1,11.28495,25,0.590332,7,0.02669008,9,0.0,0.0,0.5
43,18,0,1,24.292179,7,0.532715,29,0.02616133,10,1.0,0.5,0.5
43,7,0,1,13.686408,18,0.559082,15,0.02615385,11,0.9286,0.5,0.5
43,71,0,1,16.778818,13,0.543457,24,0.02560339,12,1.0,0.5,1.0
43,23,,0,10.425216,28,0.564941,11,0.02544814,13,1.0,0.5,1.0
43,6,,0,15.648419,15,0.545898,23,0.02538153,14,1.0,0.5,0.5
43,2,0,1,9.057728,34,0.571289,10,0.02492401,15,1.0,0.5,0.6
43,69,,0,10.27019,29,0.561523,14,0.02474947,16,0.7143,0.0,0.5
43,24,0,1,23.888528,8,0.512695,45,0.02422969,17,1.0,1.0,0.5
43,29,,0,18.55085,12,0.525391,37,0.02419817,18,0.9286,0.0,1.0
43,86,0,1,23.220992,9,0.514648,44,0.02410814,19,0.9286,0.5,0.6
43,31,,0,15.567808,16,0.530762,32,0.02402746,20,1.0,0.5,0.5
43,12,0,1,24.460357,6,0.490967,61,0.02341598,21,1.0,1.0,0.5
43,104,,0,8.841548,36,0.555176,18,0.02323718,22,1.0,1.0,0.6
43,10,0,1,12.684696,21,0.530273,33,0.02309837,23,0.6429,0.5,0.2
43,26,0,1,15.180295,17,0.522461,39,0.02308802,24,1.0,0.5,0.6
43,48,0,1,2.226334,83,0.583008,8,0.02169889,25,1.0,1.0,0.5
43,84,0,1,2.79666,74,0.563477,12,0.02135158,26,0.8571,1.0,0.5
43,40,,0,5.291373,53,0.553223,20,0.02134956,27,1.0,1.0,0.2
43,1,,0,3.340641,71,0.5625,13,0.02133222,28,0.4286,0.0,0.5
43,13,,0,15.846282,14,0.487793,68,0.02132601,29,0.9286,0.0,0.5
43,90,,0,11.541462,24,0.512207,47,0.02125056,30,1.0,0.5,0.5
43,45,0,1,4.840237,58,0.554199,19,0.0211328,31,0.4286,0.0,0.5
43,8,,0,10.214969,30,0.51709,41,0.0210121,32,1.0,1.0,0.6
43,21,0,1,7.392561,41,0.531738,30,0.0210121,33,0.8571,0.0,0.5
43,15,,0,5.081777,56,0.550293,21,0.02096637,34,1.0,0.5,0.5
43,5,,0,6.759218,43,0.53125,31,0.02069775,35,0.5714,0.0,1.0
43,32,,0,5.148278,55,0.541504,25,0.02046036,36,0.8571,1.0,0.6
43,78,,0,13.013156,19,0.479492,75,0.02006564,37,1.0,0.5,0.5
43,58,,0,9.263949,33,0.51123,48,0.02001195,38,0.8571,0.5,0.2
43,39,,0,6.144033,47,0.525879,36,0.01976246,39,0.9286,0.5,0.5
43,88,,0,12.398208,23,0.47998,73,0.01956699,40,0.4286,1.0,0.2
43,46,,0,2.518918,76,0.549805,22,0.01954806,41,0.9286,0.5,0.2
43,25,0,1,3.957342,65,0.537109,27,0.01949425,42,0.5714,0.0,0.5
43,38,,0,10.540663,27,0.488037,67,0.01936827,43,0.6429,0.5,0.6
43,101,,0,7.554359,39,0.51123,49,0.01927532,44,0.1429,0.0,1.0
43,81,,0,0.0,103,0.556152,17,0.01912198,45,0.9286,0.0,0.5
43,96,,0,5.709832,50,0.522461,40,0.01909091,46,0.7857,1.0,0.5
43,64,,0,2.578766,75,0.539551,26,0.01903531,47,1.0,1.0,0.2
43,100,,0,11.231415,26,0.467529,78,0.01887428,48,1.0,1.0,0.2
43,79,,0,12.894951,20,0.419678,101,0.01871118,49,1.0,0.5,0.5
43,92,,0,2.427287,80,0.535645,28,0.01850649,50,1.0,1.0,0.6
44,35,3,1,145.246141,1,0.744141,1,0.03278689,1,1.0,1.0,1.0
44,33,2,1,75.968576,2,0.608887,2,0.03225806,2,0.5,0.5,0.5
44,36,1,1,30.963785,5,0.588867,4,0.03100962,3,1.0,0.5,0.5
44,47,1,1,36.439009,3,0.566895,8,0.0305789,4,1.0,1.0,1.0
44,34,2,1,32.775481,4,0.557129,12,0.02951389,5,1.0,1.0,0.2
44,86,0,1,19.580338,13,0.584473,5,0.02908325,6,0.4375,1.0,0.6
44,30,0,1,26.735713,6,0.54541,18,0.02797203,7,1.0,1.0,0.5
44,6,0,1,17.989234,16,0.563477,10,0.02744361,8,1.0,1.0,0.5
44,4,0,1,11.895305,25,0.57373,6,0.02691622,9,0.875,0.5,0.2
44,8,0,1,21.279206,12,0.536621,20,0.02638889,10,0.5625,0.5,0.6
44,15,,0,15.595963,20,0.554688,14,0.02601351,11,1.0,1.0,0.5
44,26,0,1,24.997982,9,0.529297,27,0.02598701,12,1.0,1.0,0.6
44,82,0,1,8.794711,43,0.601562,3,0.02558175,13,1.0,1.0,0.2
44,45,1,1,10.204951,35,0.573242,7,0.02545169,14,1.0,0.5,0.5
44,10,0,1,10.419231,33,0.565918,9,0.02524544,15,1.0,1.0,0.2
44,90,,0,19.300065,14,0.53125,26,0.02514142,16,1.0,1.0,0.5
44,37,0,1,10.489115,31,0.559082,11,0.02507352,17,0.75,0.5,0.5
44,38,0,1,22.878163,11,0.512695,38,0.02428859,18,1.0,1.0,0.6
44,2,0,1,10.240031,34,0.553223,15,0.02397163,19,1.0,1.0,0.6
44,5,0,1,26.287592,7,0.486816,59,0.02332873,20,1.0,0.5,1.0
44,54,0,1,10.459445,32,0.536621,21,0.02321524,21,1.0,1.0,0.5
44,46,,0,8.923959,42,0.547363,16,0.02296182,22,1.0,1.0,0.2
44,50,,0,10.909769,27,0.52832,28,0.02285789,23,1.0,1.0,0.6
44,72,,0,9.999745,37,0.53418,24,0.02221404,24,0.5,0.5,0.5
44,31,,0,9.406468,38,0.531738,25,0.02196879,25,0.875,1.0,0.5
44,28,,0,19.133488,15,0.489014,56,0.02195402,26,0.5,0.5,0.2
44,7,,0,14.307543,21,0.5,46,0.02177964,27,1.0,1.0,0.5
44,25,0,1,16.207589,18,0.494629,52,0.02174908,28,1.0,0.5,0.5
44,41,0,1,22.983737,10,0.460449,79,0.02147996,29,0.25,0.5,1.0
44,56,0,1,25.772699,8,0.434082,93,0.02124183,30,0.4375,0.5,0.6
44,40,,0,3.008441,73,0.556152,13,0.02121743,31,0.8125,0.5,0.2
44,70,,0,7.381688,51,0.536133,22,0.02120413,32,1.0,1.0,0.2
44,13,0,1,15.918141,19,0.484375,61,0.02092269,33,1.0,0.5,0.5
44,88,0,1,3.064203,70,0.546387,17,0.02067932,34,0.0,0.5,0.2
44,39,,0,10.808908,28,0.491211,54,0.02013557,35,1.0,1.0,0.5
44,1,0,1,4.234463,64,0.534668,23,0.02011271,36,1.0,0.5,0.5
44,16,,0,8.195197,46,0.518555,34,0.02007226,37,0.4375,0.5,0.2
44,21,,0,13.59032,23,0.479736,65,0.02004819,38,1.0,0.5,0.5
44,3,0,1,8.943201,41,0.50293,43,0.01960973,39,1.0,1.0,0.5
44,71,,0,13.064214,24,0.472656,73,0.01942356,40,1.0,1.0,1.0
44,49,,0,5.901195,57,0.519531,33,0.0192997,41,1.0,0.5,0.5
44,92,,0,10.201084,36,0.494141,53,0.01926622,42,0.5,0.5,0.6
44,102,,0,10.693734,30,0.47998,64,0.01917563,43,1.0,1.0,0.5
44,95,,0,17.251204,17,0.394775,103,0.01912198,44,0.75,1.0,1.0
44,29,,0,7.472605,50,0.510254,40,0.01909091,45,1.0,0.5,1.0
44,11,,0,5.086141,62,0.520996,32,0.01906629,46,1.0,1.0,1.0
44,18,,0,0.0,97,0.542969,19,0.01902765,47,1.0,1.0,0.5
44,42,0,1,13.716521,22,0.444824,88,0.01895188,48,1.0,1.0,0.5
44,20,0,1,5.577642,59,0.518555,35,0.01892968,49,0.625,0.5,0.6
44,83,,0,8.337541,45,0.499268,47,0.0188696,50,0.875,1.0,1.0
45,36,3,1,152.41919,1,0.740723,1,0.03278689,1,1.0,1.0,0.5
45,33,1,1,55.113893,2,0.619629,4,0.03175403,2,0.0,0.0,0.5
45,45,1,1,36.861756,3,0.612793,5,0.03125763,3,0.2857,0.0,0.5
45,34,1,1,34.623396,4,0.576172,10,0.02991071,4,0.2857,0.5,0.2
45,37,0,1,12.292281,16,0.633789,3,0.02903091,5,0.0,0.0,0.5
45,82,0,1,10.176478,21,0.640137,2,0.02847471,6,1.0,0.5,0.2
45,47,1,1,21.076396,9,0.564453,13,0.02819138,7,1.0,0.5,1.0
45,21,0,1,21.487784,8,0.556152,21,0.02705156,8,0.7143,0.0,0.5
45,18,0,1,17.477696,12,0.558594,17,0.0268759,9,0.8571,0.5,0.5
45,8,,0,16.727364,13,0.557129,19,0.02635686,10,1.0,1.0,0.6
45,22,0,1,27.819839,5,0.527344,34,0.02602291,11,1.0,0.5,0.2
45,24,0,1,9.904933,23,0.563965,14,0.02556171,12,1.0,1.0,0.5
45,69,0,1,22.940683,6,0.524902,37,0.02546079,13,0.5714,0.0,0.5
45,12,,0,11.670942,19,0.557129,20,0.02515823,14,1.0,1.0,0.5
45,71,0,1,22.489881,7,0.524414,38,0.02512945,15,1.0,0.5,1.0
45,4,0,1,4.798963,45,0.606934,6,0.02467532,16,1.0,1.0,0.2
45,31,,0,20.937778,11,0.525879,36,0.02450117,17,1.0,0.5,0.5
45,48,1,1,4.179178,52,0.603027,7,0.02385394,18,1.0,1.0,0.5
45,84,0,1,4.192709,51,0.57959,9,0.02350176,19,1.0,1.0,0.5
45,5,0,1,11.772474,18,0.522949,39,0.02292152,20,0.4286,0.0,1.0
45,29,0,1,11.975903,17,0.521484,41,0.022888,21,0.7857,0.0,1.0
45,39,,0,5.33939,43,0.559082,16,0.02286663,22,0.7857,0.5,0.5
45,40,,0,4.671975,47,0.557617,18,0.02216631,23,1.0,1.0,0.2
45,15,,0,7.619778,31,0.529785,30,0.02210012,24,1.0,0.5,0.5
45,16,0,1,21.040525,10,0.47876,69,0.02203765,25,1.0,1.0,0.2
45,59,,0,13.175557,14,0.491699,59,0.02191687,26,1.0,0.5,1.0
45,81,,0,1.710517,76,0.573242,11,0.02143745,27,0.7857,0.0,0.5
45,86,,0,9.190437,26,0.519043,43,0.02133664,28,1.0,0.5,0.6
45,17,0,1,0.0,92,0.585449,8,0.02128483,29,0.5714,0.0,1.0
45,32,,0,7.681655,30,0.522461,40,0.02111111,30,1.0,1.0,0.6
45,38,,0,11.611988,20,0.486816,63,0.02063008,31,0.5,0.5,0.6
45,92,,0,6.837502,33,0.520508,42,0.02055661,32,1.0,1.0,0.6
45,75,,0,12.788606,15,0.462891,79,0.02052758,33,1.0,0.5,0.5
45,19,,0,0.0,93,0.570801,12,0.02042484,34,1.0,0.5,0.5
45,20,,0,1.437302,83,0.562012,15,0.02032634,35,1.0,1.0,0.6
45,6,,0,3.966884,55,0.545898,27,0.02018991,36,1.0,0.5,0.5
45,104,,0,6.380419,37,0.517578,44,0.01992466,37,1.0,1.0,0.6
45,101,,0,7.733365,29,0.497803,56,0.01985664,38,0.0,0.0,1.0
45,90,,0,6.489509,36,0.51123,47,0.01976246,39,1.0,0.5,0.5
45,102,,0,6.10926,39,0.51709,45,0.01962482,40,0.5714,0.5,0.5
45,46,,0,4.16665,53,0.527832,33,0.01960225,41,0.7857,0.5,0.2
45,35,,0,3.449033,60,0.540039,29,0.01956929,42,0.5,0.5,1.0
45,58,,0,9.73092,25,0.477295,70,0.01945701,43,0.7143,0.5,0.2
45,1,0,1,1.649218,79,0.552734,22,0.01938937,44,0.2857,0.0,0.5
45,44,,0,3.290385,61,0.52832,31,0.01925347,45,1.0,1.0,0.6
45,64,,0,5.6327,42,0.514648,46,0.01923788,46,1.0,1.0,0.2
45,103,,0,9.97413,22,0.450684,84,0.01913957,47,0.7857,0.5,0.5
45,52,,0,6.580199,35,0.497559,57,0.01907332,48,1.0,1.0,0.2
45,30,0,1,3.620439,58,0.526855,35,0.01900089,49,1.0,0.5,0.5
45,3,,0,3.233163,63,0.527832,32,0.01899965,50,0.5714,0.5,0.5
46,37,3,1,159.181211,1,0.773926,1,0.03278689,1,1.0,1.0,0.5
46,39,2,1,85.291448,2,0.620605,3,0.03200205,2,0.9444,0.5,0.5
46,82,0,1,28.320688,10,0.625977,2,0.03041475,3,0.6111,0.5,0.2
46,36,0,1,27.003368,12,0.618652,4,0.02951389,4,0.5556,0.0,0.5
46,38,2,1,29.530336,9,0.597656,8,0.02919864,5,1.0,0.5,0.6
46,33,0,1,26.792456,13,0.61377,6,0.02885015,6,1.0,1.0,0.5
46,40,1,1,25.462289,15,0.612305,7,0.02825871,7,0.3889,0.0,0.2
46,81,0,1,25.917094,14,0.587891,12,0.0274024,8,0.9444,1.0,0.5
46,17,0,1,15.903435,26,0.614258,5,0.02701252,9,1.0,1.0,1.0
46,11,0,1,37.879394,4,0.527832,31,0.02661401,10,0.8333,0.5,1.0
46,8,0,1,19.853194,23,0.591309,9,0.02654095,11,0.1667,0.0,0.6
46,101,0,1,27.106806,11,0.540527,24,0.02598927,12,1.0,1.0,1.0
46,78,0,1,39.880719,3,0.507812,49,0.02504733,13,0.3333,0.5,0.5
46,1,0,1,29.749026,7,0.51123,41,0.02482636,14,1.0,1.0,0.5
46,21,0,1,14.040111,31,0.567871,13,0.02468764,15,1.0,1.0,0.5
46,43,,0,25.443089,16,0.533203,28,0.02452153,16,1.0,0.5,0.5
46,7,0,1,30.823241,6,0.508301,47,0.02449731,17,0.9444,0.5,0.5
46,34,,0,12.708857,33,0.5625,15,0.02408602,18,1.0,0.5,0.2
46,103,0,1,35.884286,5,0.489746,61,0.02364908,19,0.9444,0.5,0.5
46,9,,0,19.07087,24,0.535645,26,0.02353267,20,1.0,1.0,0.5
46,58,,0,22.210355,18,0.515625,37,0.02312979,21,1.0,0.5,0.2
46,89,,0,11.300179,38,0.54834,21,0.02254976,22,1.0,1.0,1.0
46,47,0,1,9.488909,51,0.567383,14,0.02252252,23,0.7222,0.5,1.0
46,30,,0,10.045917,46,0.556152,17,0.02242098,24,0.5556,0.5,0.5
46,66,,0,18.298369,25,0.512695,40,0.02176471,25,0.7222,0.5,0.5
46,102,,0,11.776144,36,0.529785,29,0.02165262,26,1.0,0.5,0.5
46,86,,0,10.357562,42,0.536133,25,0.02156863,27,0.0556,0.5,0.6
46,20,0,1,2.444774,80,0.591309,10,0.02142857,28,0.2222,0.0,0.6
46,63,0,1,29.68915,8,0.435791,95,0.0211575,29,0.7222,0.5,0.5
46,15,0,1,21.134819,19,0.496094,58,0.0211328,30,0.7222,0.5,0.5
46,2,,0,5.863432,61,0.552734,18,0.02108498,31,0.8333,0.5,0.6
46,45,,0,2.058923,86,0.587891,11,0.02093382,32,1.0,1.0,0.5
46,26,0,1,23.589738,17,0.481689,68,0.02079951,33,0.8333,0.5,0.6
46,19,,0,10.048004,45,0.526367,32,0.02039337,34,0.6667,0.5,0.5
46,23,,0,6.092489,60,0.541992,23,0.02038153,35,0.5556,0.5,1.0
46,92,,0,3.734339,70,0.551758,20,0.02019231,36,0.1111,0.0,0.6
46,6,,0,11.904658,35,0.508789,45,0.02005013,37,0.6667,0.5,0.5
46,29,,0,2.748449,76,0.552734,19,0.02001117,38,0.9444,1.0,1.0
46,59,,0,15.842709,27,0.488525,62,0.01969097,39,0.7778,0.5,1.0
46,18,,0,15.105089,29,0.48999,60,0.01956929,40,0.8889,0.5,0.5
46,84,,0,4.63444,64,0.535156,27,0.01955877,41,0.0,0.0,0.5
46,4,,0,0.635835,99,0.557129,16,0.0194472,42,0.4444,0.0,0.2
46,10,,0,9.563812,50,0.514648,38,0.01929499,43,1.0,0.5,0.2
46,27,,0,21.094699,20,0.446289,90,0.01916667,44,0.6111,0.5,0.5
46,24,,0,10.228811,43,0.508301,48,0.018968,45,0.1111,0.0,0.5
46,61,,0,15.356608,28,0.470947,73,0.01888243,46,1.0,1.0,0.5
46,79,,0,12.313554,34,0.488281,63,0.01876838,47,0.2222,0.5,0.5
46,68,,0,20.166106,21,0.435791,96,0.01875594,48,0.1111,0.0,0.6
46,90,,0,10.828497,41,0.499756,53,0.01875055,49,0.7222,0.5,0.5
46,98,,0,20.067378,22,0.441406,93,0.01873107,50,1.0,0.5,0.6
47,39,3,1,81.223423,1,0.667969,2,0.03252247,1,1.0,1.0,0.5
47,38,3,1,58.844503,3,0.716797,1,0.03226646,2,1.0,1.0,0.6
47,40,1,1,40.869666,6,0.65918,3,0.03102453,3,0.8125,0.5,0.2
47,33,0,1,16.873615,13,0.623535,4,0.02932363,4,0.5,0.5,0.5
47,80,0,1,59.884006,2,0.560547,18,0.02894955,5,0.25,0.5,0.6
47,54,0,1,29.245568,9,0.570801,13,0.02819138,6,1.0,1.0,0.5
47,78,0,1,42.915001,4,0.542969,25,0.02738971,7,0.75,1.0,0.5
47,37,2,1,8.752252,25,0.62207,5,0.02714932,8,0.75,0.5,0.5
47,21,0,1,41.474109,5,0.539551,26,0.02701252,9,1.0,0.5,0.5
47,35,0,1,9.586349,20,0.574219,11,0.02658451,10,1.0,1.0,1.0
47,30,0,1,7.410611,32,0.594727,8,0.02557545,11,1.0,1.0,0.5
47,20,0,1,6.609049,36,0.595215,7,0.02534204,12,0.625,0.5,0.6
47,17,0,1,6.05393,40,0.586914,9,0.02449275,13,1.0,0.5,1.0
47,36,0,1,8.032088,30,0.566406,15,0.02444444,14,1.0,0.5,0.5
47,4,,0,6.325491,37,0.572266,12,0.02419817,15,0.875,0.5,0.2
47,23,,0,16.346507,14,0.53125,36,0.02393018,16,1.0,1.0,1.0
47,43,,0,9.679663,19,0.535645,30,0.02376934,17,1.0,1.0,0.5
47,2,,0,9.531132,21,0.537598,28,0.02370932,18,1.0,1.0,0.6
47,55,0,1,36.011052,7,0.518066,55,0.02362103,19,0.9375,1.0,0.5
47,1,,0,9.260924,23,0.538574,27,0.02354245,20,1.0,0.5,0.5
47,82,0,1,4.468695,51,0.580566,10,0.02329472,21,1.0,1.0,0.2
47,29,0,1,2.592538,69,0.596191,6,0.02290345,22,1.0,0.5,1.0
47,34,0,1,11.718587,17,0.529297,41,0.022888,23,1.0,1.0,0.2
47,14,,0,14.374283,16,0.526855,43,0.02286663,24,1.0,1.0,0.6
47,26,0,1,8.417617,28,0.536621,29,0.02259959,25,1.0,1.0,0.6
47,8,,0,8.608926,27,0.533691,33,0.02224694,26,0.5625,0.5,0.6
47,51,0,1,27.702852,10,0.499023,70,0.02197802,27,0.8125,1.0,0.5
47,47,0,1,5.165013,47,0.557129,20,0.02184579,28,1.0,1.0,1.0
47,15,0,1,22.413399,12,0.5,67,0.0217629,29,1.0,1.0,0.5
47,79,0,1,7.187667,33,0.534668,31,0.0217417,30,0.625,1.0,0.5
47,9,,0,9.406665,22,0.525879,45,0.02171893,31,1.0,0.5,0.5
47,88,,0,5.257611,45,0.551758,22,0.02171893,32,0.0,0.5,0.2
47,13,0,1,31.936258,8,0.473633,86,0.0215552,33,1.0,0.5,0.5
47,90,0,1,26.760108,11,0.483643,78,0.02133088,34,1.0,1.0,0.5
47,56,,0,6.648184,35,0.531738,35,0.02105263,35,0.4375,0.5,0.6
47,86,,0,4.380864,55,0.556641,21,0.02104133,36,0.4375,1.0,0.6
47,12,,0,10.803506,18,0.503418,65,0.02082051,37,0.9375,0.5,0.5
47,77,,0,15.830925,15,0.493408,77,0.0206326,38,1.0,0.5,1.0
47,46,,0,0.0,96,0.569824,14,0.01992377,39,1.0,1.0,0.2
47,89,,0,6.105112,39,0.528809,42,0.01990493,40,1.0,0.5,1.0
47,92,,0,7.55281,31,0.520508,53,0.01983857,41,0.5,0.5,0.6
47,32,0,1,0.806668,90,0.56543,16,0.01982456,42,0.375,0.5,0.6
47,45,,0,1.176028,82,0.557129,19,0.01970048,43,1.0,0.5,0.5
47,19,,0,4.671975,49,0.530762,37,0.01948359,44,1.0,1.0,0.5
47,81,,0,0.0,101,0.5625,17,0.01919819,45,1.0,0.5,0.5
47,41,,0,7.092426,34,0.51123,58,0.01911287,46,0.25,0.5,1.0
47,104,,0,1.164714,84,0.547363,24,0.01884921,47,0.75,0.5,0.6
47,44,,0,5.400511,43,0.520996,51,0.01871775,48,1.0,0.5,0.6
47,70,,0,9.015309,24,0.4729,87,0.01870748,49,1.0,1.0,0.2
47,31,,0,2.652042,68,0.53418,32,0.01868207,50,0.875,1.0,0.5
48,37,1,1,109.723672,1,0.724121,1,0.03278689,1,0.0,0.0,0.5
48,39,2,1,37.378282,5,0.584961,5,0.03076923,2,0.7857,0.5,0.5
48,36,0,1,31.571647,9,0.615723,3,0.03036577,3,1.0,1.0,0.5
48,33,1,1,29.655898,12,0.628418,2,0.03001792,4,0.0,0.0,0.5
48,38,1,1,41.395985,4,0.562988,14,0.02913851,5,0.5,0.5,0.6
48,34,1,1,34.984741,7,0.565918,12,0.02881426,6,0.2857,0.5,0.2
48,82,0,1,19.748083,20,0.60791,4,0.028125,7,1.0,0.5,0.2
48,40,2,1,19.835478,19,0.569824,10,0.02694394,8,1.0,1.0,0.2
48,21,0,1,23.990266,16,0.564453,13,0.02685652,9,0.7143,0.0,0.5
48,81,0,1,19.384524,22,0.575195,9,0.02668788,10,0.7857,0.0,0.5
48,23,,0,24.999504,14,0.551758,19,0.02617174,11,1.0,0.5,1.0
48,43,0,1,29.705784,11,0.527832,28,0.02544814,12,0.5,0.5,0.5
48,78,0,1,36.416185,6,0.515137,39,0.02525253,13,1.0,0.5,0.5
48,75,0,1,49.322789,2,0.503906,54,0.02490096,14,1.0,0.5,0.5
48,8,0,1,9.96212,42,0.580566,8,0.0245098,15,1.0,1.0,0.6
48,2,0,1,11.465645,38,0.567383,11,0.02428859,16,0.9286,0.5,0.6
48,101,,0,25.302068,13,0.521484,35,0.02422495,17,0.0,0.0,1.0
48,7,,0,19.388886,21,0.529297,27,0.02383993,18,0.7857,0.5,0.5
48,44,,0,13.230088,31,0.554688,18,0.02380952,19,1.0,1.0,0.6
48,47,0,1,6.870462,57,0.584961,6,0.02369852,20,1.0,0.5,1.0
48,17,0,1,6.25981,62,0.581055,7,0.02312209,21,0.5714,0.0,1.0
48,103,0,1,43.718347,3,0.470459,83,0.02286602,22,0.7857,0.5,0.5
48,92,,0,12.641417,34,0.532227,24,0.02254306,23,1.0,1.0,0.6
48,61,0,1,22.474223,17,0.510254,45,0.02251082,24,0.2857,0.0,0.5
48,84,,0,21.116868,18,0.507324,49,0.02199482,25,1.0,1.0,0.5
48,18,,0,19.082226,23,0.513184,41,0.02194918,26,0.8571,0.5,0.5
48,90,,0,16.624695,26,0.513184,43,0.02133664,27,1.0,0.5,0.5
48,63,0,1,31.715074,8,0.437988,92,0.02128483,28,1.0,0.5,0.5
48,15,,0,19.023428,24,0.508301,47,0.02125056,29,1.0,0.5,0.5
48,98,0,1,30.420687,10,0.446045,89,0.02099712,30,0.6429,0.5,0.6
48,12,0,1,12.661243,33,0.519043,38,0.02095677,31,1.0,1.0,0.5
48,3,,0,8.669356,49,0.529297,25,0.02093902,32,0.5714,0.5,0.5
48,4,,0,6.647645,59,0.540527,22,0.02059848,33,1.0,1.0,0.2
48,83,,0,14.788331,28,0.506836,50,0.02045455,34,1.0,0.5,1.0
48,58,,0,15.231976,27,0.50293,56,0.02011494,35,0.7143,0.5,0.2
48,5,,0,9.202564,46,0.521973,34,0.02007226,36,0.4286,0.0,1.0
48,89,,0,5.817803,65,0.532227,23,0.02004819,37,0.4286,0.0,1.0
48,102,,0,8.020194,51,0.524414,31,0.01999802,38,0.5714,0.5,0.5
48,52,,0,13.770709,30,0.505371,53,0.01996067,39,1.0,1.0,0.2
48,30,,0,5.21964,73,0.54248,21,0.01986448,40,1.0,0.5,0.5
48,100,,0,24.835683,15,0.436035,94,0.01982684,41,1.0,1.0,0.2
48,45,0,1,1.76579,94,0.557617,16,0.0196514,42,0.2857,0.0,0.5
48,29,,0,0.0,101,0.558105,15,0.01954451,43,0.7857,0.0,1.0
48,46,,0,4.240633,82,0.547852,20,0.01954225,44,0.7857,0.5,0.2
48,6,0,1,5.587282,68,0.529297,26,0.01944041,45,1.0,0.5,0.5
48,20,0,1,1.437302,98,0.554688,17,0.01931613,46,1.0,1.0,0.6
48,32,,0,13.914484,29,0.492188,65,0.01923596,47,1.0,1.0,0.6
48,69,,0,9.559607,45,0.508789,46,0.01895777,48,0.5714,0.0,0.5
48,88,,0,11.697464,36,0.501953,58,0.01889124,49,0.5714,1.0,0.2
48,35,,0,5.642996,67,0.522461,33,0.0186267,50,0.5,0.5,1.0
49,40,3,1,85.238605,1,0.761719,1,0.03278689,1,0.9375,0.5,0.2
49,38,3,1,79.234286,2,0.712891,2,0.03225806,2,1.0,1.0,0.6
49,39,2,1,42.738807,6,0.656738,3,0.03102453,3,1.0,1.0,0.5
49,54,0,1,36.709137,8,0.613281,6,0.0298574,4,1.0,1.0,0.5
49,80,0,1,40.838621,7,0.603027,7,0.02985075,5,0.375,0.5,0.6
49,43,0,1,55.409995,3,0.585449,17,0.02886003,6,1.0,1.0,0.5
49,1,0,1,21.679748,13,0.593262,9,0.02819138,7,1.0,0.5,0.5
49,92,0,1,20.504733,14,0.586426,15,0.02684685,8,0.625,0.5,0.6
49,4,0,1,15.117601,23,0.589355,11,0.0261327,9,1.0,0.5,0.2
49,44,0,1,35.453554,9,0.564941,26,0.02612066,10,1.0,0.5,0.6
49,20,0,1,10.010843,38,0.615723,4,0.02582908,11,0.75,0.5,0.6
49,61,0,1,29.579334,10,0.546387,35,0.02481203,12,1.0,0.5,0.5
49,90,,0,22.402384,12,0.543457,38,0.02409297,13,1.0,1.0,0.5
49,79,,0,13.041424,28,0.580078,19,0.02402186,14,0.75,1.0,0.5
49,72,0,1,46.124256,5,0.527344,58,0.02385919,15,0.625,0.5,0.5
49,91,,0,17.574997,17,0.552734,32,0.02385658,16,1.0,1.0,0.5
49,86,,0,16.795321,21,0.564453,27,0.02383993,17,0.5625,1.0,0.6
49,41,0,1,47.324174,4,0.523926,62,0.02382172,18,0.125,0.5,1.0
49,2,,0,13.64146,27,0.566895,25,0.02325896,19,1.0,1.0,0.6
49,104,0,1,11.468809,34,0.577637,20,0.0231383,20,0.875,0.5,0.6
49,9,,0,11.503357,33,0.571289,22,0.02294781,21,0.875,0.5,0.5
49,30,0,1,4.813193,64,0.598145,8,0.0227704,22,1.0,1.0,0.5
49,37,2,1,6.214696,58,0.593262,10,0.02276029,23,0.625,0.5,0.5
49,62,,0,13.808397,26,0.556641,30,0.02273902,24,1.0,1.0,0.6
49,21,,0,28.936116,11,0.527832,56,0.0227052,25,1.0,0.5,0.5
49,78,0,1,8.486672,46,0.585938,16,0.02259186,26,0.875,1.0,0.5
49,14,,0,11.182077,35,0.570312,24,0.02243108,27,1.0,1.0,0.6
49,102,,0,14.966194,24,0.546387,36,0.02232143,28,1.0,1.0,0.5
49,77,0,1,17.351405,19,0.537109,44,0.02227361,29,1.0,0.5,1.0
49,29,0,1,1.494521,90,0.615723,5,0.02205128,30,1.0,0.5,1.0
49,58,0,1,17.303592,20,0.534668,48,0.02175926,31,1.0,1.0,0.2
49,12,0,1,11.576361,32,0.546875,34,0.02150786,32,1.0,0.5,0.5
49,3,,0,16.004768,22,0.531738,49,0.02136943,33,1.0,1.0,0.5
49,88,,0,6.753878,52,0.576172,21,0.02127425,34,0.125,0.5,0.2
49,94,,0,19.070009,16,0.518555,64,0.02122241,35,1.0,1.0,0.2
49,56,0,1,3.112392,77,0.589355,12,0.02118816,36,0.5625,0.5,0.6
49,31,,0,17.470235,18,0.523926,61,0.02108498,37,1.0,1.0,0.5
49,53,,0,8.574053,43,0.5625,28,0.02107237,38,1.0,0.5,1.0
49,8,,0,20.062283,15,0.510254,70,0.02102564,39,0.6875,0.5,0.6
49,33,,0,4.818416,63,0.581055,18,0.02095059,40,0.375,0.5,0.5
49,69,,0,12.460469,29,0.537109,43,0.02094469,41,1.0,0.5,0.5
49,89,,0,9.352023,42,0.553711,31,0.02079293,42,1.0,0.5,1.0
49,55,,0,10.939923,36,0.543457,37,0.02072595,43,1.0,1.0,0.5
49,46,,0,1.989743,85,0.588867,13,0.02059518,44,1.0,1.0,0.2
49,17,,0,1.800315,88,0.587891,14,0.02027027,45,1.0,0.5,1.0
49,19,,0,10.71977,37,0.538086,42,0.0201132,46,1.0,1.0,0.5
49,32,,0,3.686801,71,0.571289,23,0.01968178,47,0.5,0.5,0.6
49,24,,0,11.896421,30,0.526367,59,0.01951447,48,0.625,0.5,0.5
49,57,,0,14.242279,25,0.48584,88,0.01852146,49,0.875,0.5,0.5
49,64,,0,5.409825,59,0.541504,40,0.01840336,50,0.6875,0.5,0.2
50,38,1,1,85.561649,1,0.645996,2,0.03252247,1,0.3571,0.5,0.6
50,37,1,1,46.683841,4,0.67041,1,0.03201844,2,0.0,0.0,0.5
50,39,2,1,48.926201,2,0.606445,5,0.03151365,3,0.6429,0.5,0.5
50,40,3,1,45.401753,5,0.624512,3,0.03125763,4,1.0,1.0,0.2
50,33,1,1,34.096332,6,0.598633,6,0.03030303,5,0.0,0.0,0.5
50,36,0,1,32.547719,9,0.614746,4,0.03011775,6,1.0,1.0,0.5
50,54,0,1,25.288237,14,0.569824,12,0.0274024,7,1.0,0.5,0.5
50,34,1,1,30.936184,10,0.541992,17,0.02727273,8,0.1429,0.5,0.2
50,80,0,1,33.343391,8,0.534668,23,0.02675408,9,1.0,1.0,0.6
50,21,,0,28.230764,11,0.535645,22,0.02627963,10,0.5714,0.0,0.5
50,82,0,1,11.210879,24,0.575684,10,0.02619048,11,1.0,0.5,0.2
50,92,,0,13.577683,21,0.537109,21,0.02469136,12,1.0,1.0,0.6
50,72,0,1,48.353752,3,0.5,54,0.02464495,13,1.0,1.0,0.5
50,86,,0,8.972465,28,0.541016,18,0.02418415,14,1.0,0.5,0.6
50,78,,0,27.50002,12,0.516602,39,0.0239899,15,1.0,0.5,0.5
50,20,0,1,4.860549,42,0.571289,11,0.02388843,16,1.0,1.0,0.6
50,8,0,1,4.089958,52,0.589355,7,0.02385394,17,1.0,1.0,0.6
50,81,,0,4.904039,41,0.540039,19,0.02255922,18,0.6429,0.0,0.5
50,103,0,1,33.815651,7,0.477783,71,0.02255896,19,0.6429,0.5,0.5
50,104,,0,18.07532,16,0.505371,47,0.02250369,20,1.0,1.0,0.6
50,64,,0,6.438941,32,0.526367,26,0.02249747,21,1.0,1.0,0.2
50,15,,0,15.9313,18,0.506348,46,0.02225448,22,0.9286,0.5,0.5
50,4,,0,5.733498,37,0.532227,24,0.02221404,23,1.0,1.0,0.2
50,35,,0,3.771152,58,0.556152,15,0.02180791,24,0.3571,0.5,1.0
50,101,0,1,26.991205,13,0.48584,64,0.02176315,25,0.0,0.0,1.0
50,30,0,1,0.549488,82,0.583984,8,0.02174814,26,1.0,0.5,0.5
50,17,0,1,0.970733,79,0.582031,9,0.021687,27,0.4286,0.0,1.0
50,31,,0,5.979272,34,0.52002,32,0.02150786,28,1.0,0.5,0.5
50,47,,0,4.052169,55,0.538574,20,0.02119565,29,0.9286,0.5,1.0
50,79,,0,5.900524,35,0.518555,36,0.02094298,30,1.0,0.5,0.5
50,43,,0,17.6498,17,0.482422,67,0.02086103,31,0.3571,0.5,0.5
50,23,,0,10.881927,25,0.503418,50,0.02085561,32,1.0,0.5,1.0
50,61,,0,11.541157,23,0.498535,55,0.02074384,33,0.1429,0.0,0.5
50,69,,0,5.282449,39,0.519531,34,0.02073931,34,0.4286,0.0,0.5
50,102,,0,9.386207,27,0.504883,49,0.02066856,35,0.4286,0.5,0.5
50,6,0,1,1.451823,75,0.546875,16,0.0205653,36,1.0,0.5,0.5
50,29,,0,0.0,93,0.560547,13,0.02023458,37,0.6429,0.0,1.0
50,19,,0,3.382907,61,0.526367,25,0.02002917,38,1.0,0.5,0.5
50,88,,0,4.824596,43,0.518066,37,0.02001802,39,0.7143,1.0,0.2
50,45,,0,0.0,95,0.559082,14,0.01996513,40,0.1429,0.0,0.5
50,100,,0,14.655834,19,0.469482,77,0.0199575,41,1.0,1.0,0.2
50,63,0,1,20.533423,15,0.429688,96,0.01974359,42,0.9286,0.5,0.5
50,91,,0,6.588721,31,0.497559,56,0.0196097,43,1.0,0.5,0.5
50,77,,0,13.754651,20,0.46582,82,0.01954225,44,1.0,0.0,1.0
50,96,,0,4.257675,51,0.519043,35,0.01953532,45,1.0,1.0,0.5
50,32,,0,4.634164,45,0.514648,40,0.01952381,46,1.0,1.0,0.6
50,9,,0,6.236024,33,0.492432,59,0.01915605,47,0.0,0.0,0.5
50,5,,0,2.93351,67,0.522461,31,0.01886303,48,0.2857,0.0,1.0
50,46,,0,3.890887,56,0.516602,38,0.01882477,49,0.6429,0.5,0.2
50,75,,0,13.020509,22,0.437256,92,0.01877407,50,1.0,0.5,0.5
51,41,3,1,84.157622,1,0.678711,1,0.03278689,1,1.0,1.0,1.0
51,43,3,1,83.437972,2,0.666016,2,0.03225806,2,0.95,0.5,0.5
51,44,1,1,53.114012,3,0.655273,3,0.03174603,3,0.45,0.0,0.6
51,42,2,1,39.458182,6,0.64502,4,0.03077652,4,1.0,0.5,0.5
51,82,0,1,45.051685,5,0.611328,5,0.03076923,5,0.45,0.5,0.2
51,39,0,1,52.681078,4,0.557129,13,0.02932363,6,0.75,0.5,0.5
51,37,0,1,35.161717,10,0.586426,7,0.02921109,7,1.0,1.0,0.5
51,38,0,1,26.663898,16,0.544434,18,0.02597841,8,0.95,0.5,0.6
51,36,0,1,19.806005,25,0.553711,15,0.02509804,9,0.4,0.0,0.5
51,81,,0,26.775673,15,0.522461,25,0.02509804,10,0.75,1.0,0.5
51,1,0,1,27.828391,13,0.51416,28,0.02506227,11,1.0,1.0,0.5
51,78,0,1,36.272199,8,0.50293,37,0.02501516,12,0.2,0.5,0.5
51,48,0,1,18.904952,27,0.554688,14,0.02500777,13,0.15,0.0,0.5
51,7,0,1,38.712461,7,0.48999,44,0.02454076,14,0.75,0.5,0.5
51,45,0,1,11.883646,44,0.57959,10,0.0239011,15,1.0,1.0,0.5
51,46,0,1,10.647444,54,0.585449,8,0.02347781,16,0.75,0.5,0.2
51,33,0,1,10.805976,52,0.580566,9,0.02342133,17,1.0,1.0,0.5
51,30,,0,15.539052,35,0.533691,20,0.02302632,18,0.4,0.5,0.5
51,86,,0,15.943912,33,0.530273,22,0.02294781,19,0.0,0.5,0.6
51,47,0,1,8.384908,69,0.606934,6,0.02290345,20,0.55,0.5,1.0
51,101,,0,25.278675,17,0.489014,45,0.02251082,21,1.0,1.0,1.0
51,20,0,1,8.923383,60,0.574707,11,0.02241784,22,0.1,0.0,0.6
51,9,,0,21.854936,20,0.493408,41,0.02240099,23,1.0,1.0,0.5
51,4,,0,20.862581,23,0.501953,38,0.02225227,24,0.3,0.0,0.2
51,31,,0,19.703381,26,0.506836,35,0.02215422,25,0.3,0.5,0.5
51,53,,0,17.369779,31,0.512695,30,0.02210012,26,0.75,1.0,1.0
51,15,,0,27.723066,14,0.478516,58,0.02198809,27,0.55,0.5,0.5
51,89,,0,23.33247,19,0.487061,48,0.02191749,28,1.0,1.0,1.0
51,26,0,1,35.825968,9,0.461426,77,0.02179202,29,0.65,0.5,0.6
51,40,,0,8.818228,63,0.551758,16,0.02128798,30,0.25,0.0,0.2
51,102,,0,18.1008,30,0.499756,39,0.02121212,31,0.9,0.5,0.5
51,104,,0,14.872319,37,0.508789,32,0.02117884,32,0.2,0.0,0.6
51,17,,0,6.625668,78,0.562012,12,0.02113527,33,0.9,1.0,1.0
51,103,,0,33.113878,11,0.455322,82,0.02112676,34,0.75,0.5,0.5
51,6,0,1,8.8912,61,0.537109,19,0.02092269,35,0.5,0.5,0.5
51,56,,0,21.192141,22,0.47876,57,0.02074213,36,0.0,0.0,0.6
51,29,,0,11.389647,48,0.51416,29,0.02049521,37,0.75,1.0,1.0
51,8,,0,10.794372,53,0.520996,26,0.02047746,38,0.05,0.0,0.6
51,14,,0,21.679563,21,0.476318,63,0.02047576,39,0.4,0.5,0.6
51,21,,0,8.702289,64,0.532227,21,0.0204102,40,0.8,1.0,0.5
51,63,0,1,32.332896,12,0.426025,96,0.02029915,41,0.55,0.5,0.5
51,90,,0,20.105308,24,0.478027,60,0.0202381,42,0.55,0.5,0.5
51,13,0,1,24.184065,18,0.458496,80,0.01996337,43,0.75,1.0,0.5
51,2,,0,10.556823,56,0.51123,31,0.0196097,44,0.65,0.5,0.6
51,55,,0,18.315537,28,0.476562,62,0.01956036,45,0.35,0.5,0.5
51,34,,0,7.739741,75,0.523438,24,0.01931217,46,1.0,0.5,0.2
51,54,,0,6.624285,79,0.528809,23,0.01924244,47,0.45,0.5,0.5
51,5,,0,12.579323,40,0.485596,49,0.01917431,48,1.0,1.0,1.0
51,10,,0,11.147275,49,0.493896,40,0.01917431,49,0.95,0.5,0.2
51,22,0,1,1.015695,104,0.548828,17,0.01908457,50,0.55,0.5,0.2
52,42,3,1,86.033319,1,0.691895,1,0.03278689,1,1.0,1.0,0.5
52,41,2,1,71.233737,2,0.681152,3,0.03200205,2,0.5556,0.5,1.0
52,43,2,1,62.767092,3,0.620605,4,0.03149802,3,1.0,1.0,0.5
52,44,1,1,34.340297,6,0.685547,2,0.03128055,4,0.9444,0.5,0.6
52,17,0,1,34.411401,5,0.577637,8,0.0300905,5,1.0,0.5,1.0
52,37,0,1,23.503713,8,0.556641,13,0.02840451,6,1.0,0.5,0.5
52,19,0,1,38.775718,4,0.528809,20,0.028125,7,1.0,1.0,0.5
52,46,0,1,14.826813,18,0.600586,6,0.02797203,8,1.0,1.0,0.2
52,47,0,1,12.907728,20,0.620117,5,0.02788462,9,1.0,1.0,1.0
52,48,0,1,11.695941,22,0.583984,7,0.0271205,10,0.6111,0.5,0.5
52,30,0,1,18.605736,12,0.539062,17,0.0268759,11,0.8889,1.0,0.5
52,45,0,1,10.327013,24,0.574707,9,0.02639752,12,1.0,0.5,0.5
52,23,,0,9.882989,26,0.55957,12,0.0255168,13,0.8889,1.0,1.0
52,89,,0,18.297584,13,0.509277,28,0.02506227,14,1.0,0.5,1.0
52,8,,0,12.044851,21,0.516602,25,0.02411038,15,0.5,0.5,0.6
52,75,0,1,20.847278,9,0.473633,52,0.02342133,16,0.5,1.0,0.5
52,7,,0,15.565949,16,0.489746,40,0.02315789,17,1.0,1.0,0.5
52,6,,0,7.665425,32,0.522461,22,0.02306469,18,1.0,1.0,0.5
52,9,,0,15.776791,14,0.479248,46,0.02294748,19,1.0,0.5,0.5
52,31,,0,14.739448,19,0.490967,39,0.02275924,20,0.7778,1.0,0.5
52,36,,0,7.947381,30,0.516602,26,0.02273902,21,0.8889,0.5,0.5
52,3,,0,4.858268,41,0.533691,19,0.02255922,22,1.0,1.0,0.5
52,20,0,1,1.747529,68,0.563965,10,0.02209821,23,0.5556,0.5,0.6
52,14,,0,15.173278,17,0.474365,50,0.02207792,24,0.8889,1.0,0.6
52,18,,0,5.073051,40,0.519531,23,0.02204819,25,1.0,1.0,0.5
52,29,0,1,4.472353,44,0.524902,21,0.02196106,26,1.0,0.5,1.0
52,21,0,1,3.030796,60,0.550293,14,0.02184685,27,1.0,0.5,0.5
52,25,,0,18.704833,11,0.449463,74,0.02154719,28,1.0,0.5,0.5
52,74,,0,15.614058,15,0.463867,62,0.02153005,29,0.6111,1.0,0.6
52,53,,0,7.711607,31,0.493896,36,0.02140568,30,1.0,0.5,1.0
52,63,0,1,25.461377,7,0.410156,96,0.02133563,31,1.0,1.0,0.5
52,22,0,1,0.87159,81,0.562988,11,0.02117671,32,1.0,1.0,0.2
52,40,,0,4.09155,50,0.512695,27,0.02058516,33,0.7222,0.5,0.2
52,13,0,1,19.172798,10,0.400146,101,0.02049689,34,1.0,0.5,0.5
52,32,,0,8.579984,29,0.474609,49,0.02041027,35,0.3333,0.5,0.6
52,33,,0,0.759399,88,0.550293,15,0.02009009,36,0.7778,0.5,0.5
52,92,,0,4.574279,43,0.492432,38,0.01991282,37,0.4444,0.5,0.6
52,88,,0,10.07209,25,0.452637,69,0.01951664,38,0.0,0.5,0.2
52,82,,0,0.0,101,0.543945,16,0.01936907,39,0.9444,1.0,0.2
52,2,,0,2.356185,63,0.508301,29,0.01936604,40,1.0,1.0,0.6
52,39,,0,6.150779,34,0.47168,55,0.01933395,41,1.0,1.0,0.5
52,24,,0,0.0,94,0.534668,18,0.01931402,42,0.4444,0.5,0.5
52,5,,0,3.666628,54,0.492676,37,0.01908121,43,1.0,0.5,1.0
52,96,,0,5.891588,36,0.46875,58,0.01889124,44,0.2778,0.5,0.5
52,60,,0,9.431537,27,0.44165,78,0.01874063,45,0.6111,0.5,0.5
52,4,,0,1.437779,75,0.502441,30,0.01851852,46,0.7778,0.5,0.2
52,69,,0,1.793287,67,0.494141,35,0.01840033,47,1.0,0.5,0.5
52,38,,0,1.65853,70,0.49707,34,0.01833061,48,1.0,1.0,0.6
52,52,0,1,8.819441,28,0.430908,84,0.01830808,49,0.3333,0.5,0.2
52,12,,0,3.92948,52,0.479248,47,0.01827437,50,0.8333,0.5,0.5
53,43,3,1,127.509856,1,0.754883,1,0.03278689,1,1.0,1.0,0.5
53,41,1,1,82.03888,2,0.636719,3,0.03200205,2,0.125,0.5,1.0
53,40,0,1,42.439877,5,0.64502,2,0.03151365,3,0.9375,0.5,0.2
53,44,2,1,57.964071,4,0.623047,4,0.03125,4,1.0,0.5,0.6
53,42,2,1,60.177791,3,0.606445,6,0.03102453,5,0.875,1.0,0.5
53,46,0,1,22.021389,10,0.558105,14,0.02779923,6,1.0,1.0,0.2
53,47,0,1,21.002986,13,0.568359,12,0.02758752,7,1.0,1.0,1.0
53,29,0,1,17.889413,17,0.577637,9,0.02747977,8,1.0,0.5,1.0
53,17,0,1,18.821418,16,0.573242,11,0.0272424,9,1.0,0.5,1.0
53,38,,0,21.164468,12,0.552246,17,0.0268759,10,1.0,1.0,0.6
53,39,0,1,9.848016,29,0.583008,7,0.02616133,11,1.0,1.0,0.5
53,8,,0,19.773602,15,0.53418,23,0.02538153,12,0.6875,0.5,0.6
53,86,0,1,22.28905,9,0.521973,33,0.02524544,13,0.5625,1.0,0.6
53,37,0,1,6.84173,43,0.620605,5,0.02509335,14,0.625,0.5,0.5
53,82,0,1,7.685325,37,0.581055,8,0.02501516,15,1.0,1.0,0.2
53,104,0,1,16.617638,20,0.533691,24,0.02440476,16,0.875,0.5,0.6
53,101,,0,11.873896,27,0.540527,18,0.02431477,17,0.75,0.5,1.0
53,75,0,1,25.643448,6,0.491455,54,0.02392344,18,0.6875,1.0,0.5
53,45,,0,17.30093,18,0.523438,31,0.02380952,19,1.0,0.5,0.5
53,78,0,1,12.661392,24,0.527344,26,0.02353267,20,0.875,1.0,0.5
53,19,,0,21.36499,11,0.496338,48,0.02334377,21,1.0,1.0,0.5
53,53,0,1,20.08592,14,0.507324,42,0.02331744,22,1.0,0.5,1.0
53,7,,0,17.265858,19,0.520508,35,0.02318454,23,1.0,1.0,0.5
53,102,,0,13.477299,23,0.523926,30,0.0231593,24,1.0,1.0,0.5
53,91,0,1,25.279998,7,0.476318,68,0.02273787,25,1.0,1.0,0.5
53,20,0,1,4.455117,63,0.576172,10,0.0224158,26,0.75,0.5,0.6
53,90,,0,8.237548,36,0.53125,25,0.02218137,27,1.0,1.0,0.5
53,36,,0,6.466472,45,0.537598,22,0.02171893,28,1.0,0.5,0.5
53,6,0,1,7.413159,38,0.526367,27,0.02169833,29,1.0,1.0,0.5
53,31,,0,16.212418,22,0.503418,46,0.02162908,30,1.0,1.0,0.5
53,48,,0,16.240621,21,0.496338,49,0.02151999,31,0.8125,0.5,0.5
53,3,,0,12.479908,25,0.503906,44,0.02138009,32,1.0,1.0,0.5
53,100,0,1,23.283173,8,0.445312,91,0.0213284,33,0.8125,0.5,0.2
53,89,,0,2.791385,71,0.557129,15,0.02096692,34,1.0,0.5,1.0
53,88,,0,4.824596,57,0.538086,21,0.02089269,35,0.125,0.5,0.2
53,14,,0,2.317682,74,0.556152,16,0.02062058,36,1.0,1.0,0.6
53,30,0,1,0.549488,85,0.55957,13,0.02059518,37,1.0,1.0,0.5
53,2,,0,5.319013,52,0.524414,28,0.02029221,38,1.0,1.0,0.6
53,33,,0,3.381075,69,0.538574,20,0.02025194,39,0.375,0.5,0.5
53,10,,0,12.106786,26,0.488281,58,0.02010248,40,1.0,1.0,0.2
53,15,0,1,9.389854,31,0.495605,50,0.02007992,41,1.0,1.0,0.5
53,4,,0,2.086113,76,0.538574,19,0.02001117,42,1.0,0.5,0.2
53,103,,0,9.675684,30,0.491211,55,0.01980676,43,1.0,1.0,0.5
53,92,,0,6.918635,42,0.51123,41,0.01970491,44,0.625,0.5,0.6
53,5,0,1,6.062529,47,0.512695,40,0.01934579,45,1.0,0.5,1.0
53,13,,0,7.405472,39,0.49292,52,0.01902958,46,1.0,0.5,0.5
53,81,,0,4.487652,61,0.521484,34,0.01890276,47,1.0,0.5,0.5
53,55,,0,8.749758,34,0.474609,70,0.01833061,48,1.0,1.0,0.5
53,35,,0,6.577558,44,0.489258,57,0.01816239,49,1.0,1.0,1.0
53,12,,0,8.696039,35,0.470947,72,0.01810207,50,1.0,0.5,0.5
54,44,3,1,177.129578,1,0.833984,1,0.03278689,1,1.0,1.0,0.6
54,41,1,1,73.568393,2,0.677246,3,0.03200205,2,0.0,0.0,1.0
54,42,1,1,67.29008,3,0.724121,2,0.03200205,3,0.0,0.5,0.5
54,46,0,1,31.971483,6,0.628906,4,0.03077652,4,0.6429,0.5,0.2
54,47,0,1,26.659159,7,0.624023,5,0.03030999,5,0.9286,0.5,1.0
54,43,2,1,26.511777,8,0.587402,6,0.0298574,6,0.3571,0.5,0.5
54,68,0,1,39.672399,4,0.552734,14,0.02913851,7,1.0,1.0,0.6
54,45,0,1,23.489932,12,0.577637,8,0.02859477,8,0.1429,0.0,0.5
54,48,0,1,25.421473,11,0.576172,9,0.02857726,9,1.0,1.0,0.5
54,4,0,1,25.563398,10,0.54248,18,0.02710623,10,1.0,1.0,0.2
54,20,0,1,15.601818,22,0.565918,11,0.02627963,11,1.0,1.0,0.6
54,12,0,1,15.157695,24,0.573242,10,0.02619048,12,1.0,1.0,0.5
54,40,,0,17.24365,18,0.55127,16,0.02597841,13,1.0,1.0,0.2
54,33,,0,20.498723,15,0.53418,24,0.0252381,14,0.0,0.0,0.5
54,95,0,1,33.926055,5,0.504395,42,0.02518854,15,1.0,0.5,1.0
54,22,0,1,14.247571,26,0.551758,15,0.02496124,16,0.9286,0.5,0.2
54,21,,0,16.821154,21,0.522949,26,0.02397359,17,0.5714,0.0,0.5
54,18,,0,10.027197,28,0.537598,21,0.02370932,18,0.7143,0.5,0.5
54,92,,0,7.599673,33,0.541504,19,0.02341092,19,1.0,1.0,0.6
54,52,,0,23.357504,13,0.500977,44,0.02331401,20,1.0,1.0,0.2
54,66,,0,19.57608,16,0.504395,41,0.02305888,21,0.9286,0.5,0.5
54,32,0,1,26.073598,9,0.483398,57,0.02303976,22,1.0,1.0,0.6
54,50,,0,16.985415,20,0.513672,35,0.02302632,23,1.0,0.5,0.6
54,19,,0,15.207667,23,0.515137,32,0.02291776,24,1.0,0.5,0.5
54,76,,0,17.729792,17,0.502441,43,0.02269575,25,0.9286,1.0,0.2
54,101,,0,21.845938,14,0.48999,52,0.02244208,26,0.0,0.0,1.0
54,36,,0,8.049045,30,0.518555,29,0.02234707,27,1.0,1.0,0.5
54,23,,0,5.170121,53,0.543945,17,0.02183657,28,1.0,0.5,1.0
54,17,0,1,2.239974,85,0.58252,7,0.02182192,29,0.4286,0.0,1.0
54,3,0,1,3.40626,71,0.562988,12,0.02152248,30,0.4286,0.5,0.5
54,81,0,1,7.351848,35,0.516602,31,0.02151533,31,0.6429,0.0,0.5
54,88,,0,7.339311,36,0.514648,34,0.02105496,32,0.7143,1.0,0.2
54,102,0,1,6.004826,46,0.52002,27,0.02092822,33,0.4286,0.5,0.5
54,85,,0,3.86634,64,0.538086,20,0.02056452,34,1.0,0.0,0.5
54,70,,0,17.152167,19,0.474854,67,0.02053224,35,1.0,0.5,0.2
54,9,,0,6.846033,39,0.506348,39,0.02020202,36,0.0,0.0,0.5
54,37,0,1,1.445175,94,0.560059,13,0.02019214,37,0.0,0.0,0.5
54,82,,0,3.449375,69,0.535156,22,0.01994706,38,1.0,0.5,0.2
54,86,,0,7.229959,37,0.491943,49,0.01948359,39,1.0,0.5,0.6
54,2,,0,3.245702,73,0.522949,25,0.0192835,40,0.7857,0.5,0.6
54,64,,0,9.703149,29,0.478516,65,0.01923596,41,1.0,1.0,0.2
54,69,,0,12.191867,27,0.464844,72,0.01907001,42,0.4286,0.0,0.5
54,89,,0,3.648794,67,0.518555,30,0.01898513,43,0.2857,0.0,1.0
54,75,,0,6.105821,45,0.499512,46,0.01895777,44,1.0,0.5,0.5
54,59,,0,15.071566,25,0.452393,80,0.01890756,45,0.8571,0.5,1.0
54,53,,0,7.78365,32,0.473877,68,0.01868207,46,0.6429,0.0,1.0
54,5,,0,6.421313,42,0.485352,53,0.01865348,47,0.2857,0.0,1.0
54,24,,0,1.5752,92,0.534668,23,0.01862714,48,1.0,1.0,0.5
54,34,,0,6.488426,41,0.483643,56,0.01852168,49,0.1429,0.5,0.2
54,10,,0,5.455612,50,0.499268,47,0.0184367,50,0.3571,0.5,0.2
55,41,3,1,84.970065,2,0.702637,1,0.03252247,1,1.0,1.0,1.0
55,44,1,1,85.280449,1,0.694336,2,0.03252247,2,0.5,0.0,0.6
55,42,2,1,50.271759,3,0.627441,3,0.03174603,3,1.0,0.5,0.5
55,43,2,1,39.316036,4,0.574219,4,0.03125,4,1.0,0.5,0.5
55,46,0,1,36.649804,5,0.544922,6,0.03053613,5,0.8333,0.5,0.2
55,47,0,1,33.515753,6,0.550293,5,0.03053613,6,0.6111,0.5,1.0
55,48,0,1,29.968603,7,0.532715,8,0.02963126,7,0.1667,0.0,0.5
55,45,0,1,24.096363,8,0.520996,9,0.02919864,8,1.0,1.0,0.5
55,18,0,1,23.425121,9,0.506348,13,0.02819138,9,0.7778,0.5,0.5
55,53,,0,13.139951,14,0.485352,22,0.02570864,10,0.8333,1.0,1.0
55,88,,0,5.44701,23,0.492676,17,0.02503521,11,0.0,0.0,0.2
55,87,,0,4.457533,28,0.504883,14,0.02487715,12,0.0,0.5,0.5
55,80,0,1,3.855061,36,0.518555,10,0.02470238,13,0.0,0.0,0.6
55,86,0,1,10.219666,17,0.46875,29,0.02422297,14,0.0,0.5,0.6
55,23,,0,14.60375,12,0.457031,39,0.0239899,15,0.4444,0.5,1.0
55,17,,0,5.043376,26,0.485352,21,0.02397359,16,1.0,1.0,1.0
55,4,,0,4.399635,29,0.486084,19,0.02389418,17,0.3333,0.0,0.2
55,36,,0,3.733576,37,0.494629,15,0.02364261,18,0.4444,0.0,0.5
55,20,0,1,1.633893,60,0.537598,7,0.02325871,19,0.1111,0.0,0.6
55,12,,0,5.284258,24,0.467529,30,0.02301587,20,0.3889,0.0,0.5
55,54,0,1,2.543387,51,0.508789,12,0.0228979,21,0.5,0.5,0.5
55,11,,0,3.053692,48,0.49292,16,0.02241715,22,0.7222,0.5,1.0
55,62,,0,13.40808,13,0.446533,56,0.02231932,23,0.7778,0.5,0.6
55,73,,0,14.771168,11,0.436035,67,0.02195852,24,0.4444,1.0,0.5
55,5,0,1,22.302816,10,0.43042,72,0.02186147,25,1.0,1.0,1.0
55,78,,0,4.162627,32,0.463135,33,0.02162225,26,0.2222,0.5,0.5
55,72,,0,5.93345,21,0.451172,49,0.02151999,27,0.0,0.0,0.5
55,82,,0,1.004069,76,0.513184,11,0.02143745,28,0.5,0.5,0.2
55,90,,0,7.835933,18,0.444336,59,0.02122387,29,0.6111,0.5,0.5
55,16,,0,5.049905,25,0.451416,47,0.0211105,30,0.0,0.0,0.2
55,40,,0,2.276157,58,0.48584,20,0.02097458,31,0.2778,0.0,0.2
55,58,,0,13.041175,15,0.419922,76,0.02068627,32,0.8889,0.5,0.2
55,6,,0,3.514795,40,0.462646,34,0.0206383,33,0.5556,0.5,0.5
55,52,,0,3.3917,44,0.467041,32,0.02048495,34,0.0,0.0,0.2
55,60,,0,3.870011,35,0.455566,41,0.02042731,35,0.1667,0.0,0.5
55,85,,0,4.798967,27,0.448975,53,0.02034381,36,0.2778,1.0,0.5
55,22,,0,1.015695,74,0.491699,18,0.0202832,37,0.6111,0.5,0.2
55,91,0,1,7.022471,19,0.415039,80,0.01980108,38,0.5,0.5,0.5
55,94,0,1,5.477597,22,0.423828,73,0.01971392,39,0.3333,0.5,0.2
55,50,,0,2.360335,56,0.467285,31,0.0196097,40,0.4444,0.5,0.6
55,95,,0,11.25341,16,0.364746,100,0.01940789,41,0.2222,0.5,1.0
55,13,,0,6.633144,20,0.403564,85,0.01939655,42,0.8333,1.0,0.5
55,104,,0,4.186589,30,0.443604,61,0.01937557,43,0.2222,0.0,0.6
55,8,,0,4.072551,33,0.442139,62,0.01894941,44,0.0556,0.0,0.6
55,92,,0,2.581005,50,0.45459,43,0.01879965,45,0.0,0.0,0.6
55,35,,0,0.0,91,0.481201,23,0.01867071,46,1.0,0.5,1.0
55,33,0,1,0.0,90,0.47998,24,0.01857143,47,1.0,1.0,0.5
55,64,,0,0.992705,79,0.470459,28,0.01855788,48,0.0556,0.0,0.2
55,37,,0,0.0,92,0.476562,25,0.01834365,49,1.0,1.0,0.5
55,70,,0,2.783531,49,0.450684,51,0.01818332,50,0.5556,0.5,0.2
56,45,3,1,155.555922,1,0.758789,1,0.03278689,1,1.0,1.0,0.5
56,33,2,1,48.520143,5,0.680176,2,0.03151365,2,0.875,1.0,0.5
56,47,2,1,87.739734,2,0.657715,5,0.03151365,3,0.8125,0.5,1.0
56,46,2,1,65.47713,3,0.641113,7,0.03079839,4,1.0,0.5,0.2
56,48,1,1,32.775473,11,0.669922,3,0.02995752,5,0.3125,0.0,0.5
56,22,0,1,48.761501,4,0.621582,11,0.02970951,6,0.8125,0.5,0.2
56,34,2,1,40.891764,7,0.626953,10,0.02921109,7,1.0,0.5,0.2
56,18,0,1,38.131395,9,0.631348,8,0.02919864,8,1.0,0.5,0.5
56,17,0,1,30.998282,14,0.644043,6,0.02866503,9,1.0,1.0,1.0
56,21,0,1,39.693376,8,0.618164,12,0.02859477,10,1.0,1.0,0.5
56,2,0,1,43.608507,6,0.606934,17,0.02813853,11,0.9375,0.5,0.6
56,3,0,1,32.558988,12,0.600586,18,0.0267094,12,1.0,0.5,0.5
56,82,0,1,12.099206,38,0.65918,4,0.02582908,13,0.6875,0.5,0.2
56,6,0,1,24.376565,21,0.612793,15,0.02567901,14,0.75,0.5,0.5
56,35,,0,26.955319,18,0.596191,19,0.02547874,15,1.0,0.5,1.0
56,10,,0,24.455139,20,0.585449,24,0.02440476,16,1.0,0.5,0.2
56,19,,0,20.952993,24,0.594727,20,0.02440476,17,0.75,0.5,0.5
56,36,,0,21.703323,23,0.592285,21,0.02439387,18,0.625,0.0,0.5
56,23,0,1,14.478602,36,0.613281,14,0.02393018,19,0.625,0.5,1.0
56,86,,0,31.660192,13,0.53125,38,0.02390271,20,0.0625,0.5,0.6
56,20,,0,15.654162,35,0.611328,16,0.02368421,21,0.25,0.0,0.6
56,5,,0,25.074041,19,0.537109,34,0.02329653,22,1.0,1.0,1.0
56,8,,0,26.997354,17,0.53418,37,0.02329629,23,0.1875,0.0,0.6
56,1,0,1,19.532826,28,0.5625,26,0.02299154,24,1.0,1.0,0.5
56,54,0,1,38.041222,10,0.496094,55,0.02298137,25,0.6875,0.5,0.5
56,92,,0,20.919666,25,0.54248,31,0.02275372,26,0.125,0.0,0.6
56,4,0,1,16.865362,33,0.580566,25,0.02251739,27,0.5,0.0,0.2
56,31,,0,18.839582,29,0.543457,30,0.02234707,28,0.5,0.5,0.5
56,9,,0,20.373747,26,0.536621,35,0.02215422,29,1.0,1.0,0.5
56,81,0,1,2.447809,75,0.629883,9,0.02190016,30,1.0,1.0,0.5
56,37,,0,2.885803,66,0.616699,13,0.02163514,31,1.0,1.0,0.5
56,7,,0,4.932207,48,0.586426,23,0.02130745,32,1.0,0.5,0.5
56,24,,0,4.824308,50,0.588867,22,0.02128603,33,0.125,0.0,0.5
56,15,,0,28.421033,16,0.48584,67,0.02103191,34,0.8125,0.5,0.5
56,42,,0,24.314773,22,0.494873,57,0.02074213,35,1.0,0.5,0.5
56,84,,0,3.64132,56,0.549805,28,0.01998433,36,0.0,0.0,0.5
56,75,,0,28.87305,15,0.420166,96,0.01974359,37,0.1875,0.5,0.5
56,40,,0,3.525065,57,0.538086,32,0.01941657,38,0.4375,0.0,0.2
56,12,,0,2.561438,69,0.558105,27,0.01924619,39,0.5625,0.0,0.5
56,38,,0,2.631461,67,0.543945,29,0.01910997,40,1.0,0.5,0.6
56,43,,0,17.518266,31,0.48584,68,0.01880151,41,1.0,0.5,0.5
56,104,,0,5.395965,47,0.512695,46,0.01877976,42,0.375,0.0,0.6
56,41,,0,6.884701,41,0.495605,56,0.01852168,43,0.625,1.0,1.0
56,53,,0,19.974269,27,0.44165,84,0.0184387,44,1.0,1.0,1.0
56,88,,0,12.065452,39,0.489502,61,0.01836547,45,0.0,0.0,0.2
56,100,,0,15.72571,34,0.472168,72,0.01821406,46,0.3125,0.0,0.2
56,94,,0,17.308251,32,0.451172,77,0.01816884,47,0.5,0.5,0.2
56,28,,0,6.425704,43,0.493896,59,0.0181121,48,0.125,0.0,0.2
56,44,,0,2.903415,65,0.529785,39,0.01810101,49,0.6875,0.0,0.6
56,83,,0,2.978422,63,0.527344,41,0.01803107,50,0.5,0.5,1.0
57,47,3,1,139.843406,1,0.696777,2,0.03252247,1,0.5833,0.5,1.0
57,48,2,1,26.629827,6,0.70459,1,0.03154496,2,1.0,1.0,0.5
57,46,1,1,43.575317,2,0.631348,5,0.03151365,3,0.25,0.5,0.2
57,45,1,1,23.230773,8,0.672363,3,0.0305789,4,0.0,0.0,0.5
57,20,0,1,30.124838,4,0.611816,10,0.02991071,5,1.0,1.0,0.6
57,18,0,1,25.90822,7,0.623047,7,0.02985075,6,0.3333,0.5,0.5
57,21,0,1,29.44195,5,0.597168,11,0.02946912,7,0.1667,0.0,0.5
57,23,0,1,22.074261,10,0.626465,6,0.02943723,8,0.8333,0.5,1.0
57,92,0,1,33.659489,3,0.539551,23,0.02792121,9,1.0,1.0,0.6
57,17,0,1,17.643048,16,0.616699,8,0.02786378,10,0.0,0.0,1.0
57,19,,0,21.769821,11,0.576172,14,0.02759802,11,0.6667,0.5,0.5
57,22,0,1,22.750508,9,0.550293,19,0.02715098,12,0.5833,0.5,0.2
57,24,0,1,16.031854,19,0.612793,9,0.02715098,13,1.0,1.0,0.5
57,82,0,1,13.003153,31,0.647949,4,0.02661401,14,0.75,0.5,0.2
57,4,,0,15.958896,20,0.547852,20,0.025,15,1.0,1.0,0.2
57,8,0,1,17.929782,15,0.505859,32,0.0242029,16,1.0,1.0,0.6
57,64,,0,14.965985,25,0.537109,24,0.02366947,17,1.0,1.0,0.2
57,35,,0,9.470301,38,0.574219,15,0.02353741,18,0.0,0.5,1.0
57,31,,0,15.958552,21,0.504883,33,0.02309837,19,1.0,0.5,0.5
57,10,,0,12.731582,32,0.516113,27,0.02236382,20,0.0,0.5,0.2
57,37,,0,4.267324,62,0.591309,12,0.02208561,21,0.0,0.0,0.5
57,32,,0,14.966702,24,0.495361,41,0.02180575,22,1.0,1.0,0.6
57,86,,0,17.367965,17,0.475098,55,0.02168267,23,1.0,0.5,0.6
57,1,,0,9.806758,37,0.514648,28,0.02167291,24,0.0,0.0,0.5
57,41,0,1,19.23799,14,0.460205,68,0.02132601,25,0.0,0.0,1.0
57,66,,0,11.39766,34,0.500977,36,0.02105496,26,0.5833,0.5,0.5
57,81,0,1,3.633964,65,0.562988,17,0.02098701,27,0.25,0.0,0.5
57,16,0,1,20.172747,13,0.452148,78,0.02094501,28,1.0,1.0,0.2
57,26,,0,8.598832,44,0.509766,30,0.0207265,29,0.4167,0.5,0.6
57,33,,0,1.733182,86,0.58252,13,0.02054795,30,0.0,0.0,0.5
57,36,1,1,2.792346,76,0.572266,16,0.02051084,31,0.8333,1.0,0.5
57,34,,0,6.372078,53,0.520508,26,0.02047746,32,0.0,0.5,0.2
57,67,0,1,20.876802,12,0.429199,95,0.0203405,33,0.8333,0.5,0.5
57,3,,0,2.654866,78,0.556152,18,0.02006689,34,0.0,0.5,0.5
57,38,,0,7.804518,46,0.502441,35,0.01996028,35,0.0,0.5,0.6
57,30,,0,10.630036,35,0.484375,47,0.01987211,36,0.8333,0.5,0.5
57,52,,0,15.495132,22,0.455811,73,0.01971392,37,1.0,1.0,0.2
57,29,,0,5.187716,57,0.506348,31,0.01953602,38,0.25,0.0,1.0
57,15,,0,14.406847,27,0.460693,66,0.01943076,39,0.5833,0.5,0.5
57,55,,0,17.293343,18,0.434082,93,0.01935646,40,0.9167,0.5,0.5
57,14,,0,13.965553,30,0.469238,62,0.01930783,41,0.8333,0.5,0.6
57,2,,0,1.764226,85,0.541992,21,0.01924223,42,0.4167,0.5,0.6
57,6,0,1,1.811217,84,0.541992,22,0.01913957,43,0.6667,0.5,0.5
57,60,,0,9.19601,42,0.481445,49,0.01897823,44,1.0,1.0,0.5
57,104,,0,4.5644,60,0.50293,34,0.01897163,45,1.0,1.0,0.6
57,44,,0,3.290385,74,0.511719,29,0.01869864,46,0.75,1.0,0.6
57,25,,0,6.683812,51,0.489502,44,0.01862439,47,0.0,0.0,0.5
57,54,,0,4.603474,59,0.499756,38,0.01860744,48,0.75,0.5,0.5
57,75,,0,14.426291,26,0.445312,85,0.01852446,49,1.0,0.5,0.5
57,7,,0,0.0,91,0.533691,25,0.01838722,50,0.25,0.5,0.5
58,46,3,1,89.061833,1,0.724609,1,0.03278689,1,1.0,1.0,0.2
58,84,0,1,40.357024,2,0.59668,9,0.03062179,2,0.75,0.5,0.5
58,91,0,1,20.402232,11,0.647461,2,0.03021354,3,1.0,1.0,0.5
58,6,0,1,26.219031,4,0.583008,12,0.02951389,4,1.0,1.0,0.5
58,47,2,1,18.618288,15,0.624512,4,0.02895833,5,1.0,1.0,1.0
58,45,2,1,24.534975,6,0.575195,16,0.02830941,6,0.75,0.5,0.5
58,63,0,1,23.545391,8,0.580078,14,0.0282194,7,1.0,1.0,0.5
58,2,0,1,20.342878,12,0.582031,13,0.02758752,8,1.0,1.0,0.6
58,89,0,1,14.95052,24,0.620605,5,0.02728938,9,0.875,0.5,1.0
58,92,0,1,12.463918,28,0.625,3,0.02723665,10,0.875,0.5,0.6
58,19,,0,18.427041,16,0.57373,18,0.02597841,11,1.0,1.0,0.5
58,26,0,1,20.548256,10,0.558594,26,0.02591362,12,1.0,1.0,0.6
58,71,0,1,26.063749,5,0.549805,37,0.02569389,13,1.0,1.0,1.0
58,83,0,1,24.256784,7,0.554688,34,0.02556367,14,1.0,1.0,1.0
58,86,,0,15.460626,23,0.577148,15,0.02538153,15,0.8125,1.0,0.6
58,81,,0,12.032462,29,0.583496,11,0.02532046,16,1.0,0.5,0.5
58,40,,0,16.415573,19,0.564941,20,0.02515823,17,1.0,0.5,0.2
58,1,,0,19.239243,14,0.54541,42,0.02331744,18,0.75,0.5,0.5
58,10,0,1,19.887268,13,0.544922,44,0.02331401,19,0.9375,1.0,0.2
58,7,,0,11.96148,30,0.561523,22,0.02330623,20,1.0,1.0,0.5
58,69,0,1,6.184513,62,0.605957,7,0.02312209,21,1.0,0.5,0.5
58,72,0,1,5.418994,66,0.618164,6,0.02308802,22,0.875,0.5,0.5
58,3,,0,14.167202,25,0.558105,29,0.02300066,23,1.0,1.0,0.5
58,48,,0,10.699143,38,0.567871,19,0.02286231,24,1.0,0.5,0.5
58,23,0,1,5.508639,65,0.601074,8,0.02270588,25,1.0,1.0,1.0
58,42,0,1,30.885356,3,0.4729,94,0.02236652,26,0.625,1.0,0.5
58,31,,0,11.24136,33,0.558594,27,0.02224694,27,1.0,1.0,0.5
58,90,0,1,13.307617,27,0.556152,33,0.02224694,28,1.0,1.0,0.5
58,20,,0,15.715757,22,0.546875,40,0.02219512,29,1.0,0.5,0.6
58,66,0,1,5.337189,67,0.589844,10,0.02215973,30,1.0,1.0,0.5
58,82,,0,7.488091,52,0.574219,17,0.02191558,31,1.0,1.0,0.2
58,64,,0,9.578823,43,0.560059,25,0.02147344,32,0.9375,0.5,0.2
58,55,0,1,22.063114,9,0.488281,85,0.02138931,33,1.0,1.0,0.5
58,68,,0,15.967683,20,0.533691,55,0.02119565,34,0.875,0.5,0.6
58,96,,0,9.435118,44,0.558594,28,0.02097902,35,0.6875,0.5,0.5
58,29,,0,17.632856,18,0.521484,64,0.02088503,36,1.0,0.5,1.0
58,99,0,1,10.965981,36,0.551758,36,0.02083333,37,1.0,1.0,0.5
58,18,,0,13.794978,26,0.540039,49,0.02080222,38,1.0,1.0,0.5
58,104,,0,6.027501,64,0.564453,21,0.0204102,39,1.0,0.5,0.6
58,22,,0,17.952049,17,0.493652,80,0.02012987,40,1.0,1.0,0.2
58,93,,0,11.287047,32,0.536133,51,0.01987857,41,1.0,0.5,0.5
58,33,,0,5.028482,70,0.561523,23,0.0197405,42,0.125,0.5,0.5
58,37,,0,6.574778,59,0.557129,30,0.01951447,43,0.375,0.5,0.5
58,65,,0,6.963864,56,0.556152,32,0.01949025,44,1.0,0.5,1.0
58,60,,0,8.666031,48,0.549316,38,0.01946334,45,1.0,0.5,0.5
58,21,,0,10.472139,40,0.541016,47,0.01934579,46,1.0,0.5,0.5
58,49,,0,4.032939,77,0.560059,24,0.01920403,47,1.0,0.5,0.5
58,50,,0,11.40109,31,0.522949,62,0.01918573,48,1.0,1.0,0.6
58,4,,0,9.349201,45,0.541504,46,0.01895777,49,1.0,0.5,0.2
58,101,,0,10.677043,39,0.533203,56,0.0187217,50,0.5,0.5,1.0
59,48,3,1,140.3549,1,0.765137,1,0.03278689,1,0.9,1.0,0.5
59,47,1,1,47.798391,2,0.649902,2,0.03225806,2,0.1,0.5,1.0
59,46,1,1,24.55342,4,0.635254,3,0.03149802,3,0.0,0.5,0.2
59,45,1,1,39.122762,3,0.613281,5,0.03125763,4,0.0,0.0,0.5
59,23,0,1,19.77559,8,0.61084,6,0.0298574,5,0.4,0.5,1.0
59,64,0,1,16.992295,12,0.614258,4,0.02951389,6,1.0,1.0,0.2
59,82,0,1,15.275397,15,0.57373,10,0.02761905,7,0.3,0.5,0.2
59,18,0,1,14.034052,19,0.578125,8,0.02736411,8,0.0,0.5,0.5
59,19,0,1,17.332706,10,0.529785,18,0.02710623,9,0.2,0.5,0.5
59,24,0,1,13.828711,20,0.562012,11,0.02658451,10,1.0,1.0,0.5
59,7,0,1,14.261009,18,0.536133,16,0.02597841,11,0.0,0.5,0.5
59,20,0,1,13.161687,21,0.541992,14,0.02585919,12,1.0,1.0,0.6
59,86,0,1,20.309179,7,0.505859,32,0.02579494,13,1.0,0.5,0.6
59,92,0,1,15.935279,14,0.519531,23,0.02556171,14,1.0,1.0,0.6
59,21,0,1,24.418727,5,0.501953,39,0.02548563,15,0.0,0.0,0.5
59,35,1,1,6.578635,38,0.581055,7,0.02512945,16,0.0,0.5,1.0
59,3,,0,8.392012,30,0.560547,12,0.025,17,0.0,0.5,0.5
59,17,0,1,14.59646,17,0.517578,24,0.02489177,18,0.0,0.0,1.0
59,84,0,1,11.1635,24,0.530273,17,0.02489177,19,1.0,1.0,0.5
59,33,,0,6.67519,37,0.543457,13,0.02400791,20,0.0,0.0,0.5
59,34,,0,7.733732,31,0.524414,20,0.02348901,21,0.0,0.5,0.2
59,81,,0,7.172948,35,0.528809,19,0.02318454,22,0.0,0.0,0.5
59,22,,0,17.039253,11,0.482422,54,0.02285644,23,0.1,0.5,0.2
59,36,1,1,3.099608,63,0.57373,9,0.02262283,24,0.4,1.0,0.5
59,80,0,1,23.226671,6,0.459961,74,0.0226142,25,1.0,1.0,0.6
59,10,,0,7.460169,32,0.515137,26,0.02249747,26,0.0,0.5,0.2
59,100,,0,16.117884,13,0.482178,55,0.02239428,27,0.9,1.0,0.2
59,75,0,1,18.479571,9,0.469482,68,0.02230525,28,1.0,0.5,0.5
59,31,,0,7.447976,33,0.509766,29,0.02198864,29,0.6,0.5,0.5
59,6,,0,4.992981,46,0.519531,22,0.02162908,30,0.2,0.5,0.5
59,88,,0,11.317888,23,0.491943,47,0.02139399,31,1.0,1.0,0.2
59,104,,0,7.372542,34,0.504395,35,0.02116461,32,0.8,1.0,0.6
59,37,,0,1.445175,82,0.539551,15,0.02037559,33,0.0,0.0,0.5
59,44,,0,5.73516,41,0.503906,36,0.02031766,34,0.3,1.0,0.6
59,26,,0,5.011316,45,0.505371,33,0.0202765,35,0.0,0.5,0.6
59,40,,0,4.730171,48,0.507812,31,0.02024827,36,0.7,1.0,0.2
59,8,,0,15.059295,16,0.450195,82,0.02020015,37,1.0,1.0,0.6
59,72,,0,9.924894,27,0.480469,57,0.02004126,38,1.0,1.0,0.5
59,32,,0,2.119686,77,0.522949,21,0.01964495,39,1.0,1.0,0.6
59,53,,0,12.761428,22,0.457031,75,0.01960253,40,0.0,0.0,1.0
59,70,,0,2.504505,72,0.51123,28,0.01893939,41,0.2,0.5,0.2
59,1,,0,3.535266,56,0.503418,37,0.01892997,42,0.0,0.0,0.5
59,43,,0,8.466102,29,0.46582,70,0.01892826,43,0.0,0.5,0.5
59,69,,0,1.433325,83,0.516602,25,0.01875771,44,0.0,0.0,0.5
59,11,,0,9.485294,28,0.456299,76,0.01871658,45,0.0,0.5,1.0
59,4,,0,3.678518,55,0.500488,40,0.01869565,46,0.6,1.0,0.2
59,55,,0,10.388559,25,0.440186,91,0.01838722,47,0.5,0.5,0.5
59,87,0,1,10.06894,26,0.445557,88,0.01838466,48,1.0,0.5,0.5
59,60,,0,0.998355,91,0.51123,27,0.01811677,49,0.9,1.0,0.5
59,29,0,1,3.4047,59,0.498535,43,0.0181121,50,0.0,0.0,1.0
60,47,2,1,74.065077,1,0.705078,1,0.03278689,1,1.0,1.0,1.0
60,45,3,1,61.963341,2,0.675293,2,0.03225806,2,0.875,0.5,0.5
60,46,2,1,32.100174,6,0.668945,3,0.03102453,3,1.0,1.0,0.2
60,34,1,1,28.863216,8,0.635742,6,0.0298574,4,0.875,1.0,0.2
60,33,1,1,19.726194,17,0.643555,5,0.02837163,5,0.25,0.5,0.5
60,19,0,1,19.969552,16,0.620605,10,0.02744361,6,1.0,1.0,0.5
60,96,0,1,15.101988,23,0.624023,8,0.02675408,7,0.5625,0.5,0.5
60,48,1,1,22.174819,13,0.595215,18,0.02651914,8,0.9375,0.5,0.5
60,6,0,1,11.580445,33,0.645508,4,0.02637769,9,1.0,1.0,0.5
60,35,1,1,27.499707,10,0.567871,30,0.02539683,10,1.0,1.0,1.0
60,3,0,1,9.754476,39,0.625,7,0.02502638,11,1.0,1.0,0.5
60,2,0,1,13.340828,28,0.603027,14,0.02487715,12,1.0,1.0,0.6
60,18,,0,11.985204,32,0.597168,17,0.02385658,13,1.0,1.0,0.5
60,91,,0,21.192884,14,0.555176,37,0.02382279,14,1.0,1.0,0.5
60,10,0,1,10.382468,38,0.602539,15,0.02353741,15,1.0,1.0,0.2
60,90,,0,17.33655,20,0.560547,32,0.02336957,16,1.0,1.0,0.5
60,21,0,1,28.77293,9,0.540039,53,0.02334231,17,1.0,0.5,0.5
60,92,,0,15.387584,21,0.563965,31,0.02333469,18,0.75,0.5,0.6
60,36,,0,11.464982,34,0.593262,19,0.02329653,19,1.0,0.5,0.5
60,22,0,1,29.539469,7,0.529297,61,0.02318984,20,1.0,1.0,0.2
60,31,0,1,6.019667,48,0.612305,12,0.02314815,21,1.0,1.0,0.5
60,59,,0,6.642098,46,0.610352,13,0.02313259,22,1.0,1.0,1.0
60,82,,0,9.458508,41,0.602539,16,0.02305888,23,1.0,1.0,0.2
60,64,,0,12.20393,31,0.575195,24,0.02289377,24,0.8125,0.5,0.2
60,88,0,1,45.717408,3,0.496338,83,0.02286602,25,0.25,0.5,0.2
60,85,,0,15.155348,22,0.558594,35,0.02272144,26,1.0,0.5,0.5
60,55,0,1,36.661881,4,0.49292,85,0.02252155,27,1.0,1.0,0.5
60,15,0,1,18.363044,18,0.549805,44,0.0224359,28,1.0,1.0,0.5
60,86,,0,13.994525,26,0.560059,33,0.0223806,29,0.6875,1.0,0.6
60,5,0,1,14.852542,24,0.556152,36,0.02232143,30,1.0,0.5,1.0
60,7,0,1,3.252581,69,0.62207,9,0.02224469,31,1.0,1.0,0.5
60,67,0,1,33.160227,5,0.490479,87,0.02218734,32,1.0,1.0,0.5
60,17,0,1,13.00813,29,0.554688,38,0.02144004,33,1.0,0.5,1.0
60,84,0,1,12.505014,30,0.553711,39,0.02121212,34,0.625,0.5,0.5
60,81,,0,2.120867,82,0.613281,11,0.02112676,35,1.0,0.5,0.5
60,99,0,1,8.589118,44,0.569336,29,0.02085134,36,1.0,1.0,0.5
60,52,,0,20.851596,15,0.509766,74,0.02079602,37,0.625,0.5,0.2
60,43,0,1,26.756401,11,0.469727,94,0.02057801,38,1.0,1.0,0.5
60,1,0,1,3.725468,62,0.581055,21,0.0205424,39,0.875,0.5,0.5
60,70,,0,5.933815,49,0.569824,28,0.02053795,40,1.0,1.0,0.2
60,28,,0,8.755225,43,0.558594,34,0.02034704,41,0.75,0.5,0.2
60,71,,0,4.264084,57,0.572754,25,0.02031171,42,1.0,1.0,1.0
60,87,,0,23.111193,12,0.466553,97,0.02025832,43,0.5625,1.0,0.5
60,20,,0,10.811941,37,0.549316,45,0.01983309,44,0.875,0.5,0.6
60,27,,0,18.014231,19,0.499756,81,0.01975043,45,1.0,1.0,0.5
60,40,,0,3.562173,67,0.570801,26,0.01950192,46,1.0,0.5,0.2
60,60,,0,2.148133,81,0.580566,22,0.01928732,47,0.9375,0.5,0.5
60,95,,0,14.353199,25,0.509277,75,0.01917211,48,1.0,1.0,1.0
60,102,,0,13.590651,27,0.512695,72,0.01907001,49,1.0,1.0,0.5
60,63,,0,8.955296,42,0.546875,49,0.01897823,50,1.0,1.0,0.5
61,51,3,1,92.677839,1,0.713379,1,0.03278689,1,1.0,1.0,0.5
61,49,3,1,60.899224,2,0.665527,4,0.03175403,2,0.7143,0.5,0.5
61,50,3,1,29.474347,6,0.67041,3,0.03102453,3,1.0,1.0,0.6
61,15,2,1,35.267332,4,0.652344,5,0.03100962,4,0.9286,1.0,0.5
61,52,2,1,27.41219,9,0.672852,2,0.03062179,5,1.0,0.5,0.2
61,13,2,1,38.202792,3,0.580566,15,0.02920635,6,0.6429,0.5,0.5
61,4,0,1,20.881332,13,0.586426,10,0.02798434,7,1.0,0.5,0.2
61,14,2,1,25.14926,10,0.581055,14,0.02779923,8,1.0,1.0,0.6
61,87,0,1,17.96522,20,0.639648,6,0.02765152,9,1.0,1.0,0.5
61,16,2,1,29.390539,7,0.569824,19,0.0275836,10,1.0,0.5,0.2
61,86,0,1,14.978807,23,0.606934,8,0.02675408,11,1.0,1.0,0.6
61,29,0,1,11.792335,27,0.589844,9,0.02598701,12,0.6429,0.5,1.0
61,61,0,1,27.787354,8,0.55127,30,0.02581699,13,0.1429,0.5,0.5
61,35,0,1,9.784469,32,0.617188,7,0.02579494,14,0.3571,1.0,1.0
61,94,0,1,30.767308,5,0.534668,38,0.0255887,15,1.0,1.0,0.2
61,31,,0,20.992776,12,0.556152,27,0.02538314,16,1.0,1.0,0.5
61,32,0,1,13.222386,26,0.583496,13,0.02532654,17,1.0,0.5,0.6
61,11,,0,13.660801,25,0.575195,18,0.02458522,18,0.7857,1.0,1.0
61,90,0,1,22.86783,11,0.540527,36,0.02450117,19,0.9286,1.0,0.5
61,26,,0,8.732124,35,0.583496,12,0.0244152,20,0.7857,1.0,0.6
61,30,,0,9.934252,31,0.566406,21,0.02333469,21,1.0,1.0,0.5
61,6,,0,11.282949,28,0.557617,26,0.02299154,22,1.0,1.0,0.5
61,8,,0,20.706619,14,0.520508,49,0.02268783,23,1.0,0.5,0.6
61,10,,0,7.465494,39,0.568359,20,0.02260101,24,0.3571,1.0,0.2
61,55,0,1,14.464108,24,0.542969,34,0.02254306,25,1.0,1.0,0.5
61,27,0,1,4.727569,59,0.578613,17,0.02139037,26,1.0,1.0,0.5
61,72,,0,5.618842,49,0.564453,22,0.02136943,27,1.0,0.5,0.5
61,12,,0,9.540077,33,0.541016,35,0.021279,28,1.0,0.5,0.5
61,84,,0,17.602857,21,0.512695,54,0.02111761,29,1.0,0.5,0.5
61,56,,0,20.554732,15,0.481934,72,0.02090909,30,1.0,0.5,0.6
61,1,0,1,5.36959,52,0.559082,24,0.02083333,31,0.1429,0.5,0.5
61,22,,0,18.284223,19,0.49292,64,0.02072274,32,0.9286,1.0,0.2
61,64,,0,4.877753,56,0.561523,23,0.02066888,33,1.0,0.5,0.2
61,25,0,1,0.0,95,0.586426,11,0.02053612,34,0.2857,0.5,0.5
61,39,,0,9.194193,34,0.52832,42,0.02044222,35,0.6429,1.0,0.5
61,28,,0,2.74373,78,0.579102,16,0.02040427,36,1.0,0.5,0.2
61,38,,0,20.032892,16,0.469727,78,0.02040427,37,0.3571,1.0,0.6
61,82,,0,7.761409,38,0.532227,39,0.02030509,38,1.0,1.0,0.2
61,62,,0,18.330363,18,0.475586,74,0.0202832,39,0.7143,1.0,0.6
61,85,,0,5.947779,47,0.547363,32,0.02021536,40,1.0,0.5,0.5
61,88,,0,5.267814,54,0.552734,28,0.02013557,41,0.7143,0.5,0.2
61,79,,0,19.994487,17,0.459717,86,0.01983633,42,1.0,1.0,0.5
61,78,,0,10.348812,30,0.506348,57,0.01965812,43,1.0,1.0,0.5
61,74,,0,16.606764,22,0.475098,75,0.01960253,44,1.0,1.0,0.6
61,70,,0,4.576361,62,0.552246,29,0.01943268,45,1.0,1.0,0.2
61,20,,0,7.876374,37,0.517578,51,0.01931829,46,1.0,0.5,0.6
61,7,,0,7.056559,42,0.522949,46,0.01923788,47,0.6429,1.0,0.5
61,19,,0,7.039562,43,0.524414,45,0.01923255,48,1.0,1.0,0.5
61,60,,0,3.647186,74,0.559082,25,0.01922739,49,1.0,0.5,0.5
61,57,,0,7.46194,40,0.513184,53,0.01884956,50,0.0,0.5,0.5
62,52,3,1,41.482326,3,0.702148,1,0.03226646,1,1.0,1.0,0.2
62,15,1,1,34.926221,4,0.69873,2,0.03175403,2,0.0,0.5,0.5
62,51,2,1,42.153032,2,0.681641,4,0.03175403,3,0.3333,0.5,0.5
62,14,1,1,52.213252,1,0.624512,7,0.03131882,4,0.0,0.5,0.6
62,16,1,1,28.791428,6,0.65918,5,0.03053613,5,1.0,1.0,0.2
62,13,1,1,27.34843,7,0.632812,6,0.03007689,6,0.0,0.0,0.5
62,50,1,1,23.194402,11,0.686523,3,0.02995752,7,0.0,0.5,0.6
62,11,0,1,30.264227,5,0.580078,13,0.02908325,8,0.0,0.5,1.0
62,10,0,1,25.397967,10,0.598145,10,0.02857143,9,0.0,0.5,0.2
62,49,1,1,17.406694,14,0.600098,8,0.0282194,10,0.0,0.0,0.5
62,29,0,1,14.804103,15,0.599609,9,0.02782609,11,0.0,0.0,1.0
62,9,0,1,26.969394,8,0.54541,20,0.02720588,12,0.0,0.0,0.5
62,32,,0,12.884241,19,0.580566,12,0.02654712,13,1.0,1.0,0.6
62,55,,0,13.008551,18,0.574219,14,0.02633403,14,0.1111,0.5,0.5
62,87,0,1,13.37597,17,0.562988,16,0.02614491,15,1.0,0.5,0.5
62,12,,0,8.54813,23,0.591309,11,0.0261327,16,0.1111,1.0,0.5
62,64,0,1,13.952987,16,0.554199,19,0.02581612,17,0.7778,1.0,0.2
62,61,,0,8.48916,24,0.555176,18,0.02472527,18,0.0,0.0,0.5
62,60,,0,5.555858,33,0.564453,15,0.02408602,19,0.5556,1.0,0.5
62,92,,0,10.724912,21,0.532715,28,0.02370932,20,0.8889,1.0,0.6
62,18,,0,18.841412,13,0.511719,41,0.02359962,21,0.0,0.5,0.5
62,30,0,1,6.70704,29,0.536133,26,0.02286386,22,0.0,0.5,0.5
62,54,,0,5.278885,34,0.543457,22,0.02283342,23,0.0,0.5,0.5
62,4,,0,5.747873,32,0.540039,24,0.02277433,24,0.2222,1.0,0.2
62,96,0,1,23.072959,12,0.491699,54,0.02266082,25,1.0,1.0,0.5
62,88,0,1,26.109167,9,0.476318,65,0.02249275,26,1.0,1.0,0.2
62,91,0,1,4.190177,46,0.557617,17,0.02242098,27,0.0,0.5,0.5
62,86,,0,4.775652,42,0.544434,21,0.0221496,28,1.0,0.5,0.6
62,28,,0,7.528812,28,0.518555,33,0.02211632,29,0.8889,1.0,0.2
62,8,,0,6.159393,31,0.524902,31,0.02197802,30,0.7778,1.0,0.6
62,24,,0,12.532381,20,0.495361,51,0.02150901,31,0.8889,1.0,0.5
62,83,,0,8.365416,25,0.496826,50,0.02085561,32,0.2222,0.5,1.0
62,34,,0,5.131939,37,0.51416,40,0.02030928,33,0.0,0.5,0.2
62,46,0,1,5.182551,36,0.51123,42,0.02022059,34,0.0,0.5,0.2
62,53,,0,3.546401,53,0.52832,29,0.02008551,35,0.0,0.0,1.0
62,26,,0,3.1746,58,0.533203,27,0.01996883,36,0.0,0.5,0.6
62,85,,0,7.888938,26,0.482178,61,0.01989237,37,0.3333,0.0,0.5
62,3,0,1,3.579549,52,0.520996,32,0.01979814,38,0.0,0.5,0.5
62,23,0,1,6.458257,30,0.490967,56,0.0197318,39,0.0,0.5,1.0
62,39,,0,5.026939,39,0.508789,44,0.01971639,40,0.0,0.5,0.5
62,102,,0,9.911452,22,0.453857,78,0.0194415,41,0.0,0.5,0.5
62,35,,0,1.956894,75,0.539551,25,0.01917211,42,0.0,0.5,1.0
62,20,,0,4.379488,44,0.503418,45,0.01913919,43,0.6667,1.0,0.6
62,90,,0,4.406525,43,0.501465,49,0.01888305,44,0.0,0.5,0.5
62,56,,0,5.096902,38,0.485596,58,0.01867866,45,1.0,1.0,0.6
62,21,,0,7.647161,27,0.44751,81,0.01858645,46,0.0,0.0,0.5
62,72,,0,2.685581,67,0.517578,35,0.01840033,47,0.8889,1.0,0.5
62,70,,0,0.0,100,0.541992,23,0.01829819,48,0.0,0.5,0.2
62,48,,0,4.179178,47,0.493652,52,0.01827437,49,0.5556,1.0,0.5
62,84,,0,4.192709,45,0.491455,55,0.01821946,50,1.0,1.0,0.5
63,49,3,1,111.114715,1,0.794922,1,0.03278689,1,1.0,1.0,0.5
63,50,2,1,76.20015,3,0.67334,2,0.03200205,2,1.0,0.5,0.6
63,51,2,1,79.397623,2,0.668457,3,0.03200205,3,0.9286,0.5,0.5
63,52,1,1,53.750278,4,0.661133,4,0.03125,4,0.4286,0.0,0.2
63,85,0,1,34.440393,8,0.61084,6,0.0298574,5,0.9286,1.0,0.5
63,15,0,1,27.813171,13,0.600098,8,0.02840451,6,1.0,0.5,0.5
63,53,0,1,42.861552,6,0.580078,16,0.02830941,7,1.0,1.0,1.0
63,87,0,1,28.769134,11,0.583984,12,0.0279734,8,0.3571,0.5,0.5
63,54,0,1,43.83077,5,0.565918,21,0.02773029,9,1.0,0.5,0.5
63,31,0,1,20.335806,19,0.597168,9,0.02715098,10,1.0,0.5,0.5
63,60,0,1,14.761149,28,0.600586,7,0.02628901,11,0.7857,0.0,0.5
63,86,0,1,42.812725,7,0.548828,29,0.02616133,12,0.5,0.5,0.6
63,10,,0,19.606675,20,0.580078,15,0.02583333,13,1.0,0.5,0.2
63,64,,0,15.040276,25,0.583496,13,0.02546334,14,0.6429,0.0,0.2
63,57,,0,12.57563,33,0.587402,11,0.0248372,15,0.7143,1.0,0.5
63,56,0,1,33.876888,9,0.537109,39,0.02459376,16,0.5,0.0,0.6
63,4,,0,24.518969,15,0.541992,33,0.02408602,17,1.0,0.0,0.2
63,55,0,1,12.363086,35,0.582031,14,0.02403983,18,1.0,0.5,0.5
63,11,0,1,33.657051,10,0.529297,46,0.02371968,19,1.0,0.5,1.0
63,6,,0,12.350847,36,0.575195,17,0.02340368,20,1.0,0.5,0.5
63,47,,0,20.639349,18,0.540039,35,0.02334683,21,1.0,0.5,1.0
63,14,,0,12.443357,34,0.565918,20,0.0231383,22,1.0,0.5,0.6
63,29,0,1,7.333043,69,0.613281,5,0.02313655,23,1.0,1.0,1.0
63,46,,0,14.971568,26,0.557129,27,0.02312216,24,1.0,0.5,0.2
63,32,,0,13.873644,30,0.557617,24,0.02301587,25,0.4286,0.0,0.6
63,66,,0,15.220012,24,0.540527,34,0.02254306,26,1.0,0.5,0.5
63,1,,0,12.592885,32,0.543945,31,0.02185858,27,0.8571,1.0,0.5
63,28,0,1,9.760631,51,0.574219,18,0.02182952,28,0.5714,0.0,0.2
63,94,,0,24.230595,16,0.512695,62,0.02135462,29,1.0,0.5,0.2
63,2,,0,9.383941,55,0.571777,19,0.02135388,30,1.0,0.5,0.6
63,61,0,1,5.356195,82,0.597168,10,0.02132797,31,0.8571,1.0,0.5
63,63,,0,10.909744,46,0.550781,28,0.0207976,32,1.0,0.5,0.5
63,67,,0,14.791495,27,0.52832,48,0.02075351,33,1.0,0.5,0.5
63,7,,0,11.17265,44,0.546875,30,0.0207265,34,1.0,0.5,0.5
63,78,,0,25.035071,14,0.485596,80,0.02065637,35,0.8571,0.5,0.5
63,43,,0,28.528052,12,0.47998,88,0.02064565,36,1.0,0.5,0.5
63,16,,0,17.612867,22,0.504395,68,0.02000762,37,0.5,0.0,0.2
63,33,,0,8.426897,62,0.557617,25,0.01996143,38,0.1429,1.0,0.5
63,81,,0,15.72268,23,0.506348,67,0.01992221,39,1.0,1.0,0.5
63,72,,0,10.973713,45,0.539062,38,0.01972789,40,0.5714,0.0,0.5
63,19,,0,11.196735,43,0.535645,40,0.01970874,41,1.0,0.5,0.5
63,23,,0,23.441301,17,0.468018,93,0.01952296,42,1.0,0.5,1.0
63,26,,0,6.209811,76,0.560547,23,0.01940113,43,1.0,0.5,0.6
63,25,,0,5.975148,79,0.562988,22,0.01938937,44,1.0,1.0,0.5
63,12,,0,12.23454,39,0.526855,49,0.01927532,45,1.0,0.0,0.5
63,70,,0,6.930475,71,0.557617,26,0.01926149,46,1.0,0.5,0.2
63,90,,0,10.24077,48,0.534668,41,0.01916025,47,1.0,0.5,0.5
63,73,0,1,18.221229,21,0.470215,91,0.0189682,48,1.0,1.0,0.5
63,58,,0,10.870572,47,0.529785,45,0.0188696,49,1.0,0.5,0.2
63,3,,0,9.194015,57,0.539551,37,0.01885629,50,1.0,0.5,0.5
64,52,3,1,89.737736,1,0.780762,1,0.03278689,1,1.0,1.0,0.2
64,50,1,1,48.952502,3,0.726562,2,0.03200205,2,0.0,0.5,0.6
64,15,1,1,61.130954,2,0.691895,4,0.03175403,3,0.0,0.5,0.5
64,51,1,1,44.390286,5,0.722168,3,0.03125763,4,0.2222,0.5,0.5
64,16,1,1,48.004552,4,0.609375,9,0.03011775,5,0.8889,1.0,0.2
64,49,1,1,35.603022,8,0.635742,5,0.0300905,6,0.0,0.0,0.5
64,14,1,1,41.985139,7,0.621094,8,0.02963126,7,0.0,0.5,0.6
64,13,1,1,43.437244,6,0.605957,11,0.02923602,8,0.0,0.0,0.5
64,10,0,1,19.473706,13,0.627441,6,0.02885015,9,0.0,0.5,0.2
64,11,0,1,29.845893,9,0.592773,13,0.02819138,10,0.0,0.5,1.0
64,27,0,1,27.881482,10,0.587402,15,0.02761905,11,0.0,0.5,0.5
64,32,,0,18.605317,15,0.583496,16,0.02649123,12,1.0,1.0,0.6
64,87,0,1,11.539105,32,0.623047,7,0.02579494,13,1.0,0.5,0.5
64,9,,0,22.424997,12,0.560547,25,0.02565359,14,0.0,0.0,0.5
64,35,,0,12.216268,31,0.588379,14,0.02450252,15,0.0,0.5,1.0
64,64,,0,18.502183,16,0.551758,29,0.02439385,16,0.6667,1.0,0.2
64,28,,0,10.34365,37,0.603516,12,0.02419817,17,0.7778,1.0,0.2
64,2,,0,14.179537,27,0.567383,22,0.02368937,18,0.0,0.5,0.6
64,25,,0,11.449654,33,0.573242,18,0.0235732,19,0.0,0.0,0.5
64,12,0,1,6.231987,50,0.608887,10,0.02337662,20,0.0,1.0,0.5
64,91,0,1,19.26727,14,0.534668,43,0.02322225,21,0.0,0.5,0.5
64,29,,0,12.967207,30,0.55957,27,0.02260536,22,0.0,0.0,1.0
64,4,,0,8.681905,44,0.578125,17,0.0226024,23,0.1111,1.0,0.2
64,18,,0,14.066009,28,0.543457,35,0.02188995,24,0.0,0.5,0.5
64,72,,0,8.623705,45,0.567871,21,0.02186949,25,0.7778,1.0,0.5
64,60,,0,8.845922,43,0.563477,24,0.0216135,26,0.4444,1.0,0.5
64,36,,0,16.100693,23,0.530762,45,0.021572,27,0.0,1.0,0.5
64,80,0,1,17.750521,20,0.525879,51,0.02150901,28,1.0,1.0,0.6
64,55,,0,13.018303,29,0.541992,38,0.02144004,29,0.0,0.5,0.5
64,40,,0,18.289673,17,0.510254,59,0.02139037,30,0.2222,1.0,0.2
64,88,,0,16.865923,22,0.526367,50,0.02128603,31,1.0,1.0,0.2
64,62,,0,22.82597,11,0.477539,79,0.02127875,32,0.0,0.5,0.6
64,90,,0,17.834756,19,0.511719,58,0.0211328,33,0.0,0.5,0.5
64,70,,0,5.203667,56,0.568848,20,0.02112069,34,0.0,0.5,0.2
64,96,0,1,14.713955,26,0.530762,46,0.02106187,35,1.0,1.0,0.5
64,94,0,1,4.234556,62,0.569336,19,0.02085495,36,0.1111,0.5,0.2
64,6,,0,9.471732,42,0.544922,32,0.02067349,37,0.0,0.5,0.5
64,68,,0,17.916711,18,0.477051,81,0.01991271,38,0.7778,1.0,0.6
64,1,,0,3.603245,68,0.563965,23,0.01986069,39,0.0,0.0,0.5
64,57,,0,9.565206,41,0.531738,44,0.01951637,40,0.0,0.0,0.5
64,84,,0,10.288208,39,0.528809,47,0.0194468,41,1.0,1.0,0.5
64,26,,0,3.800447,65,0.550781,30,0.01911111,42,0.0,0.5,0.6
64,48,,0,10.555336,35,0.512207,57,0.01907332,43,0.4444,1.0,0.5
64,3,,0,3.896401,64,0.547363,31,0.01905353,44,0.0,0.5,0.5
64,20,,0,15.872984,24,0.47168,84,0.01884921,45,0.5556,1.0,0.6
64,34,,0,2.2943,79,0.560547,26,0.01882215,46,0.0,0.5,0.2
64,95,,0,16.928906,21,0.446533,95,0.01879729,47,0.3333,0.5,1.0
64,83,,0,3.607338,67,0.544922,33,0.0186267,48,0.1111,0.5,1.0
64,86,,0,2.387826,78,0.55957,28,0.01861001,49,0.8889,0.5,0.6
64,92,,0,4.992315,58,0.541992,39,0.01857559,50,0.7778,1.0,0.6
65,50,3,1,62.189825,1,0.615723,7,0.03131882,1,1.0,1.0,0.6
65,29,0,1,31.151824,3,0.593262,15,0.02920635,2,0.7857,0.5,1.0
65,4,0,1,21.768032,16,0.620605,5,0.02854251,3,1.0,0.5,0.2
65,32,0,1,22.797389,12,0.600586,11,0.0279734,4,1.0,0.5,0.6
65,3,0,1,17.342601,28,0.664551,1,0.02775708,5,0.5714,1.0,0.5
65,7,0,1,17.100817,29,0.624023,3,0.02710897,6,0.7857,1.0,0.5
65,31,0,1,19.668093,20,0.61377,9,0.02699275,7,1.0,1.0,0.5
65,46,0,1,21.486136,17,0.600586,12,0.0268759,8,0.7857,1.0,0.2
65,44,0,1,22.23454,13,0.589355,18,0.02651914,9,1.0,0.5,0.6
65,2,0,1,15.420891,36,0.623047,4,0.02604167,10,0.9286,1.0,0.6
65,30,0,1,26.815673,6,0.559082,34,0.02578981,11,1.0,1.0,0.5
65,85,0,1,30.850667,4,0.549805,43,0.02533374,12,1.0,0.5,0.5
65,6,0,1,13.087747,49,0.643066,2,0.02530334,13,1.0,1.0,0.5
65,1,0,1,14.433232,42,0.615234,8,0.0245098,14,0.2857,0.5,0.5
65,86,0,1,24.973321,8,0.54834,45,0.02422969,15,1.0,1.0,0.6
65,34,,0,23.831991,11,0.552246,40,0.02408451,16,0.2857,1.0,0.2
65,19,,0,15.866822,35,0.593262,14,0.02403983,17,1.0,1.0,0.5
65,12,,0,16.141285,33,0.59082,16,0.02391058,18,1.0,0.5,0.5
65,18,0,1,11.303668,57,0.619141,6,0.02369852,19,0.8571,1.0,0.5
65,60,0,1,13.84483,44,0.598145,13,0.02331401,20,1.0,0.5,0.5
65,14,1,1,31.615209,2,0.497559,83,0.02312204,21,1.0,1.0,0.6
65,5,0,1,23.9021,10,0.529297,55,0.02298137,22,0.4286,0.5,1.0
65,49,,0,16.849519,30,0.566406,27,0.02260536,23,0.8571,0.5,0.5
65,40,,0,14.040684,43,0.574219,21,0.02205442,24,1.0,0.5,0.2
65,41,0,1,29.674179,5,0.486816,91,0.02200713,25,0.0,0.5,1.0
65,16,1,1,25.528673,7,0.493896,84,0.02186982,26,1.0,0.5,0.2
65,10,,0,11.647741,53,0.590332,17,0.02183657,27,0.5,1.0,0.2
65,48,,0,13.198291,48,0.580078,20,0.02175926,28,1.0,0.5,0.5
65,28,,0,18.413051,23,0.547852,46,0.02148216,29,1.0,0.5,0.2
65,68,,0,20.673909,19,0.531738,54,0.02143016,30,1.0,0.5,0.6
65,64,0,1,7.649524,84,0.612793,10,0.02123016,31,1.0,0.5,0.2
65,96,,0,12.706936,51,0.572754,22,0.02120413,32,0.9286,0.5,0.5
65,72,,0,18.225852,24,0.537109,49,0.02107907,33,1.0,0.5,0.5
65,98,0,1,24.549758,9,0.476074,95,0.02094437,34,0.6429,1.0,0.6
65,51,,0,18.002568,25,0.535645,52,0.02069328,35,1.0,1.0,0.5
65,94,,0,18.534752,22,0.525879,60,0.02052846,36,1.0,1.0,0.2
65,80,,0,21.009713,18,0.513672,70,0.02051282,37,0.8571,0.5,0.6
65,45,,0,10.203204,61,0.572266,23,0.02031266,38,0.2857,0.5,0.5
65,91,,0,13.707439,45,0.561523,33,0.0202765,39,1.0,1.0,0.5
65,89,0,1,21.901154,15,0.489746,86,0.02018265,40,0.4286,0.5,1.0
65,92,,0,15.333844,37,0.549316,44,0.01992466,41,1.0,0.5,0.6
65,71,,0,8.132153,79,0.582031,19,0.01985247,42,1.0,1.0,1.0
65,101,,0,21.987941,14,0.463379,98,0.01984263,43,0.0,0.5,1.0
65,70,,0,11.570404,54,0.564453,31,0.01976094,44,1.0,1.0,0.2
65,43,0,1,18.87597,21,0.504883,77,0.01964495,45,0.5,1.0,0.5
65,33,,0,9.876965,64,0.565918,28,0.01942815,46,0.0,0.5,0.5
65,69,,0,17.430527,27,0.51416,69,0.01924619,47,0.5714,0.5,0.5
65,81,,0,8.651046,77,0.571289,25,0.01906398,48,0.7857,0.5,0.5
65,26,0,1,9.433766,70,0.564453,30,0.01880342,49,0.9286,1.0,0.6
65,36,0,1,6.447849,91,0.571289,24,0.01852728,50,1.0,0.5,0.5
66,53,3,1,101.472731,1,0.707031,2,0.03252247,1,0.7857,0.5,1.0
66,54,3,1,98.552513,2,0.721191,1,0.03252247,2,1.0,1.0,0.5
66,55,2,1,64.380522,3,0.603516,4,0.03149802,3,1.0,1.0,0.5
66,56,1,1,64.185782,4,0.641602,3,0.03149802,4,1.0,0.5,0.6
66,78,1,1,16.621467,22,0.542969,7,0.0271205,5,1.0,1.0,0.5
66,58,0,1,13.086619,28,0.550781,6,0.02651515,6,0.7143,1.0,0.2
66,86,0,1,20.973392,16,0.527832,15,0.02649123,7,1.0,1.0,0.6
66,14,0,1,49.780788,5,0.502441,32,0.02625418,8,1.0,1.0,0.6
66,72,0,1,44.137978,6,0.504883,31,0.02614053,9,1.0,0.5,0.5
66,79,1,1,21.661401,14,0.515625,20,0.02601351,10,1.0,1.0,0.5
66,17,0,1,21.415847,15,0.51709,19,0.02599156,11,0.5714,0.5,1.0
66,8,,0,22.567219,11,0.508301,26,0.02571241,12,1.0,0.5,0.6
66,30,0,1,7.564442,40,0.537109,9,0.02449275,13,1.0,1.0,0.5
66,77,1,1,15.687694,24,0.51416,22,0.02409988,14,1.0,0.5,1.0
66,42,0,1,26.981313,7,0.483154,52,0.02385394,15,0.1429,1.0,0.5
66,51,0,1,26.232416,9,0.480469,55,0.02318841,16,1.0,1.0,0.5
66,69,,0,9.917401,33,0.514648,21,0.02309837,17,0.5714,0.5,0.5
66,20,0,1,7.338299,41,0.525391,16,0.02305888,18,1.0,0.5,0.6
66,9,,0,22.279948,12,0.483643,50,0.0229798,19,0.1429,0.5,0.5
66,49,,0,13.211199,27,0.505859,29,0.02273021,20,0.8571,0.5,0.5
66,64,0,1,2.478769,79,0.560547,5,0.02257886,21,1.0,0.5,0.2
66,29,,0,7.159852,43,0.522461,18,0.02252925,22,0.7857,0.5,1.0
66,10,,0,19.038054,19,0.493896,43,0.02236697,23,0.5,1.0,0.2
66,102,0,1,26.451002,8,0.456787,73,0.02222468,24,0.5714,1.0,0.5
66,44,0,1,2.611783,75,0.539551,8,0.02211329,25,1.0,0.5,0.6
66,40,,0,3.694033,67,0.534668,12,0.0217629,26,1.0,0.5,0.2
66,74,,0,12.399572,30,0.501953,34,0.02174941,27,1.0,1.0,0.6
66,36,0,1,2.732897,74,0.535156,10,0.0217484,28,1.0,0.5,0.5
66,82,0,1,3.768249,65,0.534668,13,0.02169863,29,1.0,1.0,0.2
66,62,0,1,3.751967,66,0.530762,14,0.02145002,30,0.8571,1.0,0.6
66,34,,0,16.719691,21,0.483398,51,0.02135469,31,0.2857,1.0,0.2
66,37,0,1,2.375356,80,0.534668,11,0.02122736,32,0.0,0.5,0.5
66,7,,0,21.788518,13,0.455322,74,0.02116132,33,0.7857,1.0,0.5
66,83,0,1,24.232098,10,0.417725,92,0.02086466,34,1.0,1.0,1.0
66,75,,0,18.388234,20,0.474609,60,0.02083333,35,1.0,1.0,0.5
66,104,,0,8.732363,36,0.5,36,0.02083333,36,1.0,0.5,0.6
66,89,,0,20.962292,17,0.463867,68,0.02079951,37,0.4286,0.5,1.0
66,92,,0,15.77971,23,0.478027,58,0.02052277,38,1.0,0.5,0.6
66,5,,0,19.734711,18,0.45166,77,0.02011978,39,0.4286,0.5,1.0
66,31,,0,7.185279,42,0.498535,38,0.020008,40,1.0,1.0,0.5
66,33,,0,1.873095,87,0.525391,17,0.01978973,41,0.0,0.5,0.5
66,90,,0,7.88131,38,0.490967,46,0.01963804,42,1.0,1.0,0.5
66,88,,0,6.753878,45,0.494629,42,0.01932773,43,0.5714,0.5,0.2
66,4,,0,12.841516,29,0.467773,66,0.01917246,44,1.0,0.5,0.2
66,18,,0,4.812471,53,0.499268,37,0.01915884,45,0.8571,1.0,0.5
66,91,0,1,9.619713,35,0.480469,56,0.01914701,46,1.0,1.0,0.5
66,16,0,1,13.365652,26,0.455322,75,0.01903531,47,1.0,0.5,0.2
66,12,,0,5.945685,48,0.493164,44,0.01887464,48,1.0,0.5,0.5
66,60,0,1,3.243788,70,0.505859,30,0.01880342,49,1.0,0.5,0.5
66,6,,0,1.481104,90,0.509277,24,0.01857143,50,1.0,1.0,0.5
67,55,3,1,166.983613,1,0.825195,1,0.03278689,1,1.0,1.0,0.5
67,53,2,1,66.69986,3,0.662109,2,0.03200205,2,0.4167,0.5,1.0
67,56,2,1,71.975929,2,0.648926,3,0.03200205,3,1.0,0.5,0.6
67,54,2,1,42.050766,6,0.635254,4,0.03077652,4,0.9167,1.0,0.5
67,78,1,1,56.46269,4,0.60791,6,0.03077652,5,1.0,1.0,0.5
67,61,0,1,43.523502,5,0.60791,5,0.03076923,6,0.0,0.5,0.5
67,39,1,1,41.849287,7,0.546387,13,0.028624,7,0.4167,1.0,0.5
67,64,0,1,12.893829,12,0.570312,8,0.02859477,8,1.0,0.5,0.2
67,15,0,1,12.909569,11,0.565918,9,0.02857726,9,0.75,1.0,0.5
67,80,1,1,34.632005,8,0.535645,17,0.0276929,10,1.0,0.5,0.6
67,32,0,1,10.161923,15,0.555176,11,0.02741784,11,1.0,0.5,0.6
67,90,,0,12.578903,14,0.537109,16,0.02667141,12,0.75,1.0,0.5
67,14,0,1,21.138226,10,0.521973,21,0.02663139,13,1.0,1.0,0.6
67,51,,0,8.2369,18,0.541016,15,0.02615385,14,1.0,1.0,0.5
67,62,,0,12.821277,13,0.509766,25,0.02546334,15,0.5,1.0,0.6
67,13,0,1,22.409055,9,0.487061,42,0.02429668,16,0.4167,0.5,0.5
67,86,,0,5.976698,20,0.506836,26,0.02412791,17,1.0,1.0,0.6
67,52,,0,3.3917,39,0.54834,12,0.0239899,18,1.0,0.5,0.2
67,37,,0,4.466373,29,0.525391,19,0.02389418,19,0.0,0.5,0.5
67,50,0,1,2.360335,56,0.571289,7,0.02354606,20,1.0,1.0,0.6
67,63,,0,6.221183,19,0.499512,32,0.02352779,21,0.75,1.0,0.5
67,83,,0,9.159282,17,0.494629,35,0.02351333,22,1.0,1.0,1.0
67,49,0,1,2.769118,49,0.56543,10,0.02346003,23,0.5,0.5,0.5
67,60,,0,5.893724,21,0.499268,33,0.02309837,24,1.0,0.5,0.5
67,77,1,1,5.33193,23,0.49707,34,0.02268649,25,0.8333,0.5,1.0
67,74,0,1,4.256914,31,0.500488,30,0.02210012,26,1.0,1.0,0.6
67,16,,0,3.875255,35,0.505371,28,0.02188995,27,1.0,0.5,0.2
67,35,,0,2.663586,51,0.512207,24,0.02091377,28,0.0833,1.0,1.0
67,8,,0,3.066355,44,0.503418,29,0.02085134,29,1.0,0.5,0.6
67,43,,0,9.476156,16,0.452148,70,0.0208502,30,0.0833,1.0,0.5
67,91,,0,4.574644,27,0.478271,48,0.02075351,31,0.9167,1.0,0.5
67,30,,0,1.841065,64,0.523926,20,0.02056452,32,1.0,1.0,0.5
67,20,,0,3.377161,40,0.493896,36,0.02041667,33,1.0,0.5,0.6
67,58,,0,1.250441,72,0.529785,18,0.02039627,34,0.3333,1.0,0.2
67,11,,0,4.162692,33,0.481934,45,0.0202765,35,0.5833,1.0,1.0
67,69,,0,0.0,93,0.54248,14,0.02004946,36,0.1667,0.5,0.5
67,88,,0,4.275108,30,0.469971,55,0.01980676,37,0.6667,0.5,0.2
67,5,,0,3.630374,37,0.479492,46,0.01974324,38,0.0,0.5,1.0
67,103,,0,5.370192,22,0.448975,75,0.01960253,39,0.4167,1.0,0.5
67,79,,0,4.215853,32,0.468262,57,0.01941657,40,1.0,1.0,0.5
67,87,0,1,1.499762,68,0.506836,27,0.01930675,41,1.0,1.0,0.5
67,12,,0,4.485887,28,0.457764,67,0.01923765,42,1.0,0.5,0.5
67,29,0,1,0.0,86,0.52002,22,0.01904444,43,0.4167,0.5,1.0
67,31,,0,3.338579,41,0.476318,50,0.0189919,44,1.0,1.0,0.5
67,4,,0,3.178515,42,0.470947,52,0.01873249,45,1.0,0.5,0.2
67,104,,0,2.684074,50,0.482178,44,0.01870629,46,1.0,0.5,0.6
67,7,,0,4.7385,24,0.435059,89,0.01861617,47,0.4167,1.0,0.5
67,59,,0,3.709895,36,0.461914,62,0.01861339,48,0.6667,1.0,1.0
67,75,,0,2.982288,48,0.47876,47,0.01860505,49,1.0,1.0,0.5
67,70,,0,0.0,94,0.513184,23,0.0185417,50,0.8333,1.0,0.2
68,53,1,1,140.666143,2,0.74707,1,0.03252247,1,0.0,0.0,1.0
68,56,3,1,168.396704,1,0.725586,2,0.03252247,2,1.0,1.0,0.6
68,54,1,1,51.083708,4,0.71582,3,0.03149802,3,0.0,0.5,0.5
68,55,2,1,91.341187,3,0.657715,4,0.03149802,4,0.1111,0.5,0.5
68,51,0,1,34.342149,6,0.598145,5,0.03053613,5,0.3333,0.5,0.5
68,14,0,1,30.711244,8,0.587891,6,0.0298574,6,0.0,0.5,0.6
68,29,0,1,28.724478,9,0.585449,7,0.02941813,7,0.0,0.0,1.0
68,60,0,1,23.704868,13,0.580566,8,0.02840451,8,0.5556,1.0,0.5
68,23,0,1,50.687813,5,0.524902,21,0.02773029,9,0.0,0.5,1.0
68,30,0,1,27.281813,11,0.538574,18,0.02690502,10,0.0,0.5,0.5
68,89,0,1,31.249311,7,0.506348,31,0.02591438,11,0.0,0.0,1.0
68,58,0,1,14.979066,22,0.552734,13,0.02589375,12,0.0,0.5,0.2
68,69,,0,13.45829,23,0.54541,15,0.02538153,13,0.0,0.0,0.5
68,64,0,1,9.017707,32,0.56543,10,0.02515528,14,0.7778,1.0,0.2
68,16,,0,16.3275,19,0.515137,22,0.02485335,15,1.0,1.0,0.2
68,46,,0,15.383207,20,0.513672,25,0.02426471,16,0.0,0.5,0.2
68,17,,0,18.505922,17,0.510254,29,0.02422297,17,0.0,0.0,1.0
68,79,,0,16.975122,18,0.512695,28,0.02418415,18,0.6667,0.5,0.5
68,8,,0,21.445802,15,0.501465,35,0.02385965,19,0.7778,1.0,0.6
68,78,,0,9.573475,30,0.530273,20,0.02361111,20,0.4444,0.5,0.5
68,77,1,1,11.577294,27,0.515137,23,0.02354245,21,0.0,0.0,1.0
68,5,0,1,24.893662,12,0.46582,64,0.02195341,22,0.0,0.0,1.0
68,74,,0,6.919896,42,0.514648,24,0.02170868,23,0.5556,0.5,0.6
68,38,,0,11.917743,26,0.498779,40,0.02162791,24,0.0,0.5,0.6
68,61,,0,4.760389,55,0.536133,19,0.02135388,25,0.0,0.0,0.5
68,49,,0,2.324196,79,0.562988,11,0.02127875,26,0.0,0.0,0.5
68,62,,0,3.110651,70,0.54541,14,0.02120582,27,0.0,0.5,0.6
68,95,0,1,28.534732,10,0.443359,85,0.02118227,28,0.4444,0.5,1.0
68,52,,0,2.172287,80,0.55957,12,0.02103175,29,1.0,1.0,0.2
68,26,,0,10.389547,29,0.492676,43,0.02094469,30,0.0,0.5,0.6
68,90,,0,13.274703,24,0.482422,51,0.02091377,31,0.0,0.5,0.5
68,9,,0,19.057839,16,0.462891,69,0.02090983,32,0.0,0.0,0.5
68,50,0,1,0.558977,97,0.57666,9,0.02086218,33,0.0,0.5,0.6
68,39,,0,8.266264,37,0.499512,36,0.02072595,34,0.0,0.5,0.5
68,40,,0,2.454013,78,0.541504,17,0.02023339,35,0.3333,1.0,0.2
68,37,,0,1.445175,83,0.543945,16,0.0201509,36,0.0,0.0,0.5
68,72,0,1,7.46843,41,0.498535,41,0.01980198,37,0.8889,1.0,0.5
68,92,,0,8.728727,34,0.483154,50,0.01972921,38,0.8889,1.0,0.6
68,100,,0,23.526198,14,0.388184,103,0.01964848,39,0.5556,1.0,0.2
68,31,,0,8.580408,35,0.476074,53,0.01937587,40,0.2222,0.5,0.5
68,75,,0,8.754621,33,0.475342,56,0.01937338,41,0.7778,0.5,0.5
68,57,,0,12.024966,25,0.455078,76,0.01911765,42,0.0,0.0,0.5
68,21,,0,10.938705,28,0.462402,70,0.01905594,43,0.0,0.0,0.5
68,47,,0,6.067099,44,0.487061,47,0.01896118,44,0.0,0.5,1.0
68,91,,0,5.454519,47,0.492432,44,0.01896118,45,0.0,0.5,0.5
68,73,0,1,3.613528,66,0.505371,33,0.0186892,46,0.0,0.0,0.5
68,42,,0,8.099879,39,0.475098,57,0.01864802,47,0.0,0.5,0.5
68,103,,0,15.043752,21,0.424072,99,0.01863499,48,0.0,0.5,0.5
68,76,,0,8.506515,36,0.466797,63,0.01854675,49,1.0,1.0,0.2
68,33,,0,1.398983,84,0.507812,30,0.01805556,50,0.0,0.0,0.5
69,56,3,1,164.835715,1,0.765625,1,0.03278689,1,0.75,1.0,0.6
69,53,1,1,45.560645,3,0.660645,3,0.03174603,2,0.0,0.0,1.0
69,54,1,1,29.303468,6,0.67334,2,0.03128055,3,0.0,0.5,0.5
69,79,1,1,46.845793,2,0.556152,8,0.03083491,4,0.375,0.5,0.5
69,55,1,1,21.527748,10,0.652832,4,0.02991071,5,0.0,0.5,0.5
69,77,1,1,23.052837,8,0.557129,6,0.0298574,6,0.0,0.0,1.0
69,51,0,1,28.179387,7,0.53418,11,0.02900988,7,0.0,0.5,0.5
69,35,0,1,35.744276,4,0.512207,19,0.02828323,8,0.0,0.5,1.0
69,40,0,1,22.06141,9,0.526855,13,0.02819138,9,0.0,1.0,0.2
69,37,,0,13.281544,26,0.522949,15,0.02496124,10,0.0,0.0,0.5
69,8,,0,16.782769,15,0.490967,27,0.02482759,11,0.5,1.0,0.6
69,29,,0,12.967207,27,0.521973,16,0.02465215,12,0.0,0.0,1.0
69,20,,0,16.656922,16,0.490234,28,0.02452153,13,0.375,1.0,0.6
69,62,,0,13.367673,25,0.496094,22,0.02395983,14,0.0,0.5,0.6
69,43,0,1,21.251331,11,0.465576,42,0.02388843,15,0.0,0.5,0.5
69,39,,0,13.502578,24,0.493652,25,0.02366947,16,0.0,0.5,0.5
69,78,1,1,3.797635,62,0.563477,5,0.02358134,17,0.125,0.5,0.5
69,80,,0,9.551198,32,0.509277,20,0.02336957,18,1.0,1.0,0.6
69,50,0,1,3.81568,61,0.556152,7,0.02318984,19,0.0,0.5,0.6
69,38,0,1,31.46833,5,0.435303,69,0.02313655,20,0.0,0.5,0.6
69,33,,0,15.935269,18,0.473145,37,0.02312979,21,0.0,0.0,0.5
69,87,,0,17.644157,14,0.465088,44,0.0231289,22,1.0,0.5,0.5
69,90,,0,17.9162,13,0.449707,53,0.02254819,23,0.0,0.5,0.5
69,30,0,1,5.513365,47,0.516602,17,0.02233281,24,0.0,0.5,0.5
69,52,,0,3.864794,60,0.530273,12,0.02222222,25,0.875,1.0,0.2
69,86,,0,7.376631,38,0.493896,24,0.02210884,26,0.75,0.5,0.6
69,82,,0,11.210879,31,0.479004,31,0.02197802,27,0.0,0.5,0.2
69,72,,0,7.46843,37,0.491455,26,0.02193719,28,0.625,1.0,0.5
69,61,0,1,2.48915,73,0.535156,10,0.02180451,29,0.0,0.0,0.5
69,26,,0,14.000404,22,0.46167,46,0.02162908,30,0.0,0.5,0.6
69,64,0,1,0.992705,85,0.545898,9,0.02138931,31,0.5,1.0,0.2
69,4,,0,18.70183,12,0.433105,74,0.02135158,32,0.0,1.0,0.2
69,27,,0,14.506553,21,0.448486,55,0.02104133,33,0.0,0.5,0.5
69,49,0,1,1.998395,78,0.524902,14,0.02075989,34,0.0,0.0,0.5
69,11,0,1,16.276322,17,0.43335,73,0.02050581,35,0.0,0.5,1.0
69,1,,0,15.895637,19,0.436035,68,0.02047073,36,0.0,0.0,0.5
69,23,,0,5.282134,50,0.479736,30,0.02020202,37,0.0,0.5,1.0
69,69,,0,1.433325,81,0.513672,18,0.01991271,38,0.0,0.0,0.5
69,25,,0,7.920676,34,0.460449,48,0.01989756,39,0.0,0.0,0.5
69,91,,0,7.869264,35,0.461426,47,0.01987211,40,0.0,0.5,0.5
69,14,0,1,2.29852,74,0.506836,21,0.01980837,41,0.0,0.5,0.6
69,31,,0,12.747058,28,0.439453,62,0.01956036,42,0.0,0.5,0.5
69,15,,0,2.147878,75,0.495117,23,0.0194556,43,0.0,0.5,0.5
69,75,,0,5.627384,45,0.465576,43,0.01923255,44,0.5,0.5,0.5
69,2,,0,11.823352,30,0.438477,64,0.01917563,45,0.0,0.5,0.6
69,104,,0,8.894828,33,0.441895,61,0.01901715,46,0.125,1.0,0.6
69,16,,0,3.77225,63,0.477051,33,0.01888277,47,0.75,1.0,0.2
69,68,,0,14.561947,20,0.386475,98,0.01882911,48,0.625,1.0,0.6
69,70,,0,4.048742,56,0.470215,38,0.01882477,49,0.0,0.5,0.2
69,102,,0,13.675098,23,0.395752,95,0.01849981,50,0.0,0.5,0.5
70,53,3,1,117.224833,1,0.706055,1,0.03278689,1,1.0,1.0,1.0
70,54,2,1,59.153849,3,0.692383,2,0.03200205,2,0.9286,0.5,0.5
70,55,1,1,72.666763,2,0.665527,4,0.03175403,3,0.7857,0.5,0.5
70,56,1,1,40.536871,4,0.668945,3,0.03149802,4,0.2143,0.0,0.6
70,40,0,1,30.26909,5,0.550293,8,0.0300905,5,0.6429,0.0,0.2
70,78,0,1,20.960851,14,0.541016,12,0.0274024,6,0.5714,0.5,0.5
70,35,0,1,15.027727,24,0.530762,18,0.02472527,7,1.0,0.5,1.0
70,30,0,1,6.119033,44,0.554199,7,0.02454076,8,0.8571,0.5,0.5
70,92,0,1,27.843556,10,0.498779,39,0.02438672,9,0.2857,0.0,0.6
70,59,0,1,30.058669,6,0.493164,49,0.02432583,10,1.0,0.5,1.0
70,12,0,1,29.632838,7,0.491455,51,0.02393438,11,0.7857,0.0,0.5
70,91,0,1,24.258508,13,0.499268,38,0.02390271,12,0.9286,0.5,0.5
70,86,,0,11.135804,29,0.521484,21,0.02358163,13,0.2143,0.5,0.6
70,96,,0,20.022281,15,0.497559,41,0.02323432,14,0.0714,0.0,0.5
70,61,,0,6.103316,47,0.537598,13,0.02304442,15,1.0,1.0,0.5
70,90,0,1,26.565615,11,0.48999,54,0.02285644,16,1.0,0.5,0.5
70,37,0,1,4.466373,61,0.548828,10,0.02255018,17,0.7143,1.0,0.5
70,58,0,1,5.41885,50,0.534668,15,0.02242424,18,1.0,0.5,0.2
70,49,0,1,2.416125,83,0.583008,5,0.02237762,19,1.0,1.0,0.5
70,69,0,1,4.003821,68,0.549316,9,0.02230525,20,1.0,1.0,0.5
70,75,,0,7.41381,40,0.515625,23,0.02204819,21,0.3571,0.5,0.5
70,14,,0,6.114951,45,0.523438,20,0.02202381,22,0.8571,0.5,0.6
70,85,0,1,29.188062,8,0.472412,77,0.02200515,23,0.6429,1.0,0.5
70,51,,0,9.689942,31,0.506348,31,0.02197802,24,0.6429,0.5,0.5
70,82,,0,16.10608,23,0.496338,44,0.02166358,25,0.9286,0.5,0.2
70,89,,0,26.5286,12,0.477295,72,0.02146465,26,1.0,1.0,1.0
70,50,,0,3.180934,76,0.547363,11,0.02143745,27,0.8571,0.5,0.6
70,64,0,1,0.0,103,0.56543,6,0.02128648,28,0.3571,0.0,0.2
70,15,,0,9.140425,34,0.501465,35,0.02116461,29,1.0,0.5,0.5
70,104,,0,9.152452,33,0.5,37,0.02106197,30,0.5714,0.0,0.6
70,42,0,1,28.120251,9,0.453857,93,0.0210287,31,1.0,0.5,0.5
70,6,,0,6.360828,41,0.506348,30,0.0210121,32,1.0,0.5,0.5
70,52,0,1,4.226719,64,0.527832,19,0.02072274,33,0.1429,0.0,0.2
70,48,,0,18.926598,17,0.477783,70,0.02067932,34,0.5,0.0,0.5
70,9,,0,5.26178,51,0.510742,27,0.02050326,35,1.0,1.0,0.5
70,95,,0,19.945017,16,0.467041,80,0.02030075,36,0.5714,0.5,1.0
70,29,,0,2.592538,82,0.533691,16,0.02020015,37,1.0,1.0,1.0
70,33,,0,2.632494,80,0.532715,17,0.02012987,38,0.4286,1.0,0.5
70,16,,0,12.28232,27,0.489258,56,0.02011494,39,0.2143,0.0,0.2
70,28,0,1,18.588677,18,0.472168,78,0.02006689,40,0.2857,0.0,0.2
70,80,,0,12.241721,28,0.489746,55,0.02005929,41,0.0,0.0,0.6
70,66,,0,1.544853,94,0.537109,14,0.02000702,42,1.0,0.5,0.5
70,31,,0,13.978574,25,0.484131,62,0.01996143,43,0.7143,0.5,0.5
70,25,,0,17.211688,20,0.472656,76,0.01985294,44,1.0,1.0,0.5
70,11,,0,17.079447,21,0.474365,75,0.01975309,45,1.0,0.5,1.0
70,72,,0,17.851133,19,0.466309,81,0.01975043,46,0.2857,0.0,0.5
70,7,,0,16.910048,22,0.475586,74,0.01965781,47,1.0,0.5,0.5
70,73,,0,3.963719,69,0.514648,24,0.0196567,48,0.8571,1.0,0.5
70,47,,0,5.596586,49,0.500977,36,0.01959098,49,1.0,0.5,1.0
70,26,,0,10.187489,30,0.48584,60,0.01944444,50,1.0,0.5,0.6
71,57,3,1,133.066717,1,0.708008,1,0.03278689,1,0.875,0.5,0.5
71,58,2,1,87.959418,2,0.69873,2,0.03225806,2,1.0,1.0,0.2
71,60,2,1,80.049827,3,0.673828,3,0.03174603,3,0.8125,0.5,0.5
71,1,0,1,24.642215,8,0.635254,6,0.0298574,4,1.0,0.5,0.5
71,3,0,1,25.713847,7,0.590332,15,0.02825871,5,1.0,1.0,0.5
71,4,0,1,22.479298,12,0.59668,11,0.0279734,6,1.0,0.5,0.2
71,70,1,1,16.551328,20,0.640137,5,0.02788462,7,1.0,1.0,0.2
71,92,0,1,29.365164,6,0.582031,20,0.02765152,8,0.625,0.5,0.6
71,71,1,1,45.254385,4,0.574707,24,0.02752976,9,1.0,1.0,1.0
71,59,2,1,15.288234,24,0.620605,7,0.02683014,10,1.0,1.0,1.0
71,69,1,1,18.265255,18,0.592773,13,0.02651914,11,1.0,0.5,0.5
71,19,0,1,39.593573,5,0.55957,32,0.02625418,12,1.0,1.0,0.5
71,12,0,1,14.280925,26,0.613281,9,0.02612066,13,1.0,0.5,0.5
71,2,0,1,21.68383,14,0.577637,22,0.02570864,14,1.0,1.0,0.6
71,61,,0,15.980715,22,0.58252,18,0.02501563,15,1.0,0.5,0.5
71,50,0,1,6.826909,52,0.665527,4,0.02455357,16,1.0,1.0,0.6
71,51,,0,9.247613,35,0.59082,14,0.02403983,17,0.9375,1.0,0.5
71,10,0,1,7.350179,46,0.598145,10,0.02371968,18,1.0,1.0,0.2
71,15,0,1,6.904261,51,0.619629,8,0.02371489,19,1.0,1.0,0.5
71,9,,0,21.838323,13,0.553711,40,0.02369863,20,0.875,0.5,0.5
71,40,0,1,23.362873,10,0.546875,47,0.02363151,21,0.9375,0.5,0.2
71,63,0,1,15.613573,23,0.562988,29,0.02328415,22,1.0,1.0,0.5
71,22,0,1,23.720402,9,0.535645,57,0.02303976,23,1.0,1.0,0.2
71,93,,0,20.929883,15,0.546875,48,0.02259259,24,1.0,0.5,0.5
71,91,0,1,18.881013,17,0.548828,45,0.02251082,25,1.0,1.0,0.5
71,55,,0,11.101745,29,0.560547,31,0.02222497,26,1.0,1.0,0.5
71,90,,0,8.216253,39,0.573242,25,0.02186572,27,1.0,1.0,0.5
71,72,,0,8.790196,37,0.564453,28,0.02167291,28,0.625,0.5,0.5
71,86,,0,9.232286,36,0.5625,30,0.02152778,29,0.5625,1.0,0.6
71,7,,0,16.771192,19,0.541016,53,0.02150779,30,1.0,1.0,0.5
71,49,,0,7.693047,44,0.569824,27,0.02110964,31,1.0,0.5,0.5
71,76,,0,23.03764,11,0.48999,83,0.02107751,32,0.3125,0.5,0.2
71,64,,0,5.797312,61,0.58252,19,0.02092269,33,0.6875,0.5,0.2
71,52,,0,5.131593,70,0.589355,16,0.0208502,34,0.5,0.5,0.2
71,28,,0,8.005718,40,0.557617,34,0.0206383,35,0.625,0.5,0.2
71,97,,0,18.990076,16,0.504395,74,0.02062058,36,0.75,0.5,0.5
71,96,,0,2.922285,91,0.596191,12,0.02051141,37,0.4375,0.5,0.5
71,67,,0,6.361128,54,0.572266,26,0.02039984,38,1.0,1.0,0.5
71,6,0,1,4.675507,77,0.585449,17,0.02028628,39,1.0,1.0,0.5
71,30,0,1,10.030308,32,0.543945,50,0.01996047,40,1.0,1.0,0.5
71,99,0,1,16.51687,21,0.492676,79,0.01953992,41,1.0,1.0,0.5
71,24,,0,14.652386,25,0.516602,70,0.01945701,42,0.625,0.5,0.5
71,29,0,1,6.172473,56,0.559082,33,0.01937338,43,1.0,0.5,1.0
71,14,,0,4.595319,78,0.57666,23,0.01929457,44,1.0,1.0,0.6
71,62,,0,6.586084,53,0.555664,39,0.01895057,45,1.0,1.0,0.6
71,31,,0,5.955232,59,0.557617,35,0.01892968,46,1.0,1.0,0.5
71,95,,0,11.508243,28,0.50293,77,0.01866291,47,0.875,1.0,1.0
71,16,,0,7.948407,41,0.537598,55,0.01859664,48,0.5625,0.5,0.2
71,94,,0,1.759547,100,0.582031,21,0.01859568,49,1.0,1.0,0.2
71,88,,0,10.774732,30,0.503906,75,0.01851852,50,0.125,0.5,0.2
72,58,3,1,148.342179,1,0.729492,1,0.03278689,1,1.0,0.5,0.2
72,69,1,1,93.918769,2,0.615234,3,0.03200205,2,1.0,1.0,0.5
72,59,2,1,63.822676,5,0.615723,2,0.03151365,3,0.875,0.5,1.0
72,17,0,1,92.822461,3,0.608398,6,0.03102453,4,1.0,1.0,1.0
72,96,0,1,45.091582,10,0.61377,4,0.02991071,5,0.0,0.0,0.5
72,92,0,1,57.890766,7,0.608398,7,0.02985075,6,0.125,0.0,0.6
72,20,0,1,70.279916,4,0.571777,14,0.02913851,7,0.25,0.0,0.6
72,93,0,1,38.680372,14,0.608887,5,0.02889813,8,1.0,1.0,0.5
72,89,0,1,40.318769,12,0.572266,13,0.02758752,9,1.0,1.0,1.0
72,95,0,1,43.718611,11,0.571289,15,0.02741784,10,0.375,0.5,1.0
72,8,0,1,24.470981,25,0.595215,8,0.02647059,11,0.1875,0.0,0.6
72,40,,0,36.448805,15,0.557617,18,0.02615385,12,0.4375,0.0,0.2
72,19,0,1,58.679098,6,0.52832,36,0.02556818,13,0.75,0.5,0.5
72,9,0,1,31.315157,18,0.554199,19,0.02547874,14,1.0,1.0,0.5
72,23,0,1,28.441878,23,0.558594,17,0.02503521,15,0.625,0.5,1.0
72,57,3,1,54.442016,8,0.525391,40,0.02470588,16,1.0,1.0,0.5
72,30,0,1,18.507191,37,0.591309,10,0.02459499,17,0.625,0.5,0.5
72,66,1,1,17.382215,41,0.592773,9,0.02439374,18,0.8125,0.5,0.5
72,91,,0,16.772465,43,0.580566,11,0.02379324,19,0.6875,0.5,0.5
72,29,0,1,18.566225,36,0.56543,16,0.02357456,20,1.0,1.0,1.0
72,2,,0,22.041,28,0.54248,22,0.02355876,21,0.9375,0.5,0.6
72,86,0,1,50.983339,9,0.488525,73,0.02201155,22,0.0625,0.5,0.6
72,55,,0,18.066428,38,0.536133,25,0.02196879,23,0.5625,0.5,0.5
72,37,,0,8.959656,65,0.574707,12,0.02188889,24,1.0,1.0,0.5
72,103,,0,30.804517,20,0.51709,47,0.02184579,25,1.0,0.5,0.5
72,61,,0,30.494903,21,0.518066,46,0.02177964,26,1.0,1.0,0.5
72,70,,0,19.771392,32,0.53125,32,0.02173913,27,0.75,0.5,0.2
72,1,0,1,17.798669,40,0.533691,28,0.02136364,28,1.0,1.0,0.5
72,3,,0,18.650761,34,0.52832,35,0.02116461,29,1.0,0.5,0.5
72,53,,0,31.448069,17,0.497314,63,0.02111709,30,1.0,1.0,1.0
72,72,,0,39.77262,13,0.48291,78,0.02094501,31,0.125,0.0,0.5
72,54,,0,17.857835,39,0.530273,34,0.02073931,32,0.6875,0.5,0.5
72,32,,0,20.604816,30,0.518555,44,0.0207265,33,0.0,0.0,0.6
72,12,,0,14.480341,50,0.535645,26,0.02071882,34,0.5625,0.0,0.5
72,71,,0,26.322599,24,0.510742,54,0.02067669,35,0.875,0.5,1.0
72,31,,0,13.014078,56,0.536133,24,0.02052545,36,0.5,0.5,0.5
72,38,,0,31.002077,19,0.490479,69,0.02041017,37,1.0,0.5,0.6
72,39,,0,23.884311,26,0.510254,55,0.02032356,38,1.0,0.5,0.5
72,47,,0,8.508118,69,0.552734,20,0.02025194,39,0.8125,0.5,1.0
72,5,0,1,7.754519,70,0.54834,21,0.02003799,40,1.0,1.0,1.0
72,73,,0,29.623537,22,0.489258,71,0.01982871,41,0.625,1.0,0.5
72,101,0,1,13.191776,55,0.532227,31,0.01968466,42,1.0,1.0,1.0
72,36,,0,15.01476,48,0.52832,37,0.01956854,43,0.625,0.0,0.5
72,62,,0,15.245085,47,0.527344,38,0.01954988,44,1.0,0.5,0.6
72,7,,0,15.488651,46,0.526367,39,0.01953497,45,1.0,0.5,0.5
72,14,,0,21.237579,29,0.50293,61,0.01950042,46,0.625,0.5,0.6
72,51,,0,34.263845,16,0.425781,98,0.01948701,47,0.4375,0.5,0.5
72,33,,0,6.494428,75,0.536621,23,0.0194556,48,0.875,1.0,0.5
72,90,,0,8.556378,67,0.532715,29,0.01910997,49,0.8125,0.5,0.5
72,60,,0,13.254004,54,0.522949,43,0.01848067,50,0.3125,0.0,0.5
73,59,3,1,117.706183,1,0.777832,1,0.03278689,1,1.0,1.0,1.0
73,57,3,1,60.773722,3,0.68457,2,0.03200205,2,1.0,0.5,0.5
73,7,0,1,62.086039,2,0.663086,4,0.03175403,3,1.0,1.0,0.5
73,58,2,1,31.1616,12,0.677734,3,0.0297619,4,1.0,1.0,0.2
73,19,0,1,45.159856,7,0.633789,8,0.02963126,5,1.0,1.0,0.5
73,93,0,1,52.189015,5,0.616211,11,0.02946912,6,1.0,0.5,0.5
73,96,0,1,32.494392,11,0.651855,5,0.02946912,7,0.3125,0.5,0.5
73,94,0,1,56.150319,4,0.581055,21,0.02797068,8,0.875,1.0,0.2
73,99,0,1,46.316845,6,0.581543,20,0.02765152,9,1.0,1.0,0.5
73,3,0,1,18.08196,23,0.650391,6,0.02719971,10,1.0,1.0,0.5
73,100,0,1,44.407223,8,0.577637,22,0.026901,11,0.6875,0.5,0.2
73,95,0,1,39.55337,9,0.577148,23,0.02654095,12,0.75,1.0,1.0
73,31,0,1,16.969219,26,0.628418,9,0.02612066,13,0.875,1.0,0.5
73,50,,0,22.345662,18,0.586914,18,0.02564103,14,1.0,1.0,0.6
73,29,,0,19.961304,21,0.587402,17,0.02533269,15,1.0,0.5,1.0
73,5,,0,30.330263,13,0.569824,29,0.02493459,16,1.0,0.5,1.0
73,63,0,1,13.763415,34,0.59668,15,0.02397163,17,1.0,1.0,0.5
73,6,0,1,10.73278,44,0.626953,10,0.0239011,18,1.0,1.0,0.5
73,60,1,1,8.516821,53,0.644531,7,0.02377493,19,0.6875,0.5,0.5
73,70,,0,11.042958,41,0.613281,13,0.02359962,20,1.0,1.0,0.2
73,98,0,1,35.964144,10,0.543945,48,0.02354497,21,1.0,1.0,0.6
73,97,0,1,29.56259,15,0.555176,39,0.02343434,22,0.875,0.5,0.5
73,61,,0,16.305672,29,0.57373,25,0.02300066,23,1.0,0.5,0.5
73,64,,0,10.4773,47,0.588379,16,0.02250369,24,0.5625,0.5,0.2
73,69,1,1,5.273623,62,0.614258,12,0.02208561,25,1.0,0.5,0.5
73,66,,0,7.55702,57,0.601074,14,0.02206052,26,1.0,1.0,0.5
73,4,,0,29.933423,14,0.532227,58,0.02198809,27,0.875,0.5,0.2
73,71,,0,10.347014,48,0.582031,19,0.02191749,28,1.0,1.0,1.0
73,49,,0,12.940018,37,0.570312,28,0.02167291,29,1.0,0.5,0.5
73,81,,0,16.39834,28,0.558105,37,0.02167291,30,1.0,0.5,0.5
73,32,,0,15.477039,32,0.5625,35,0.02139588,31,0.375,0.5,0.6
73,40,0,1,18.441769,22,0.542969,49,0.02136943,32,0.8125,0.5,0.2
73,20,,0,24.807696,17,0.528809,61,0.02125148,33,0.625,0.5,0.6
73,28,0,1,16.633564,27,0.549316,44,0.02110964,34,0.5,0.5,0.2
73,1,,0,9.589571,51,0.574219,24,0.02091377,35,1.0,0.5,0.5
73,8,0,1,15.534431,31,0.553223,41,0.02089,36,0.5625,0.5,0.6
73,36,,0,17.01068,25,0.539551,52,0.02069328,37,1.0,0.5,0.5
73,55,,0,17.376966,24,0.536621,54,0.02067669,38,0.9375,1.0,0.5
73,78,,0,28.757574,16,0.49585,79,0.02035214,39,0.75,1.0,0.5
73,2,0,1,10.511888,46,0.56543,32,0.02030353,40,1.0,1.0,0.6
73,18,,0,7.728335,55,0.571777,27,0.02018991,41,1.0,1.0,0.5
73,10,,0,9.863827,49,0.566406,31,0.02016332,42,1.0,1.0,0.2
73,15,,0,7.482433,58,0.572266,26,0.02010248,43,1.0,1.0,0.5
73,30,0,1,12.3646,38,0.547852,45,0.01972789,44,1.0,1.0,0.5
73,62,,0,13.279154,35,0.541992,50,0.01961722,45,1.0,1.0,0.6
73,103,,0,21.29398,20,0.483887,84,0.01944444,46,1.0,1.0,0.5
73,11,,0,21.426152,19,0.454102,94,0.01915173,47,1.0,1.0,1.0
73,90,,0,10.74377,43,0.547363,46,0.0191427,48,1.0,1.0,0.5
73,68,0,1,11.871334,40,0.53418,57,0.01854701,49,0.5,0.5,0.6
73,13,,0,16.088735,30,0.500488,77,0.01841038,50,1.0,0.5,0.5
74,60,3,1,110.239492,1,0.724121,1,0.03278689,1,0.9,1.0,0.5
74,70,1,1,27.902781,8,0.613281,2,0.03083491,2,0.2,0.5,0.2
74,32,0,1,26.732136,9,0.606934,5,0.02987737,3,1.0,1.0,0.6
74,31,0,1,25.782935,10,0.571777,13,0.02798434,4,0.6,0.5,0.5
74,50,1,1,15.141938,26,0.611816,3,0.02750092,5,0.4,0.5,0.6
74,3,0,1,16.813668,24,0.598145,6,0.02705628,6,0.0,0.5,0.5
74,14,1,1,37.110649,3,0.537598,32,0.02674258,7,0.4,0.5,0.6
74,28,0,1,17.885272,22,0.586914,9,0.02668788,8,1.0,1.0,0.2
74,96,0,1,12.26476,32,0.608887,4,0.02649457,9,1.0,1.0,0.5
74,57,1,1,47.572313,2,0.52832,38,0.02633311,10,0.0,0.0,0.5
74,29,0,1,17.625135,23,0.577148,11,0.0261327,11,0.0,0.0,1.0
74,20,0,1,36.258456,4,0.529785,36,0.02604167,12,1.0,1.0,0.6
74,102,0,1,21.93958,12,0.547852,25,0.02565359,13,0.0,0.5,0.5
74,104,0,1,34.225435,7,0.529297,37,0.02523465,14,0.8,1.0,0.6
74,26,0,1,18.119098,21,0.557617,18,0.02516619,15,0.0,0.5,0.6
74,12,0,1,19.778618,16,0.54834,24,0.02506266,16,0.5,1.0,0.5
74,64,1,1,8.581565,39,0.596191,7,0.02502638,17,1.0,1.0,0.2
74,16,,0,19.715412,18,0.550293,22,0.02501563,18,1.0,1.0,0.2
74,6,0,1,7.95084,44,0.588379,8,0.02432127,19,0.2,0.5,0.5
74,13,1,1,34.857015,5,0.505859,57,0.02393162,20,0.0,0.0,0.5
74,40,0,1,34.560057,6,0.509277,55,0.02384717,21,0.7,1.0,0.2
74,15,1,1,7.10708,48,0.585938,10,0.02354497,22,0.1,0.5,0.5
74,4,0,1,9.917967,35,0.560059,17,0.02351333,23,0.6,1.0,0.2
74,63,,0,24.426667,11,0.519531,48,0.02334377,24,0.1,0.5,0.5
74,52,,0,8.331909,43,0.571777,14,0.02322225,25,1.0,1.0,0.2
74,86,,0,18.198174,20,0.530273,35,0.02302632,26,1.0,0.5,0.6
74,51,0,1,8.369947,42,0.5625,16,0.02296182,27,0.7,0.5,0.5
74,36,,0,19.761541,17,0.522949,43,0.02269575,28,0.4,1.0,0.5
74,18,0,1,6.284007,58,0.57666,12,0.02236347,29,0.0,0.5,0.5
74,68,,0,21.198162,14,0.509277,56,0.0221342,30,1.0,1.0,0.6
74,25,,0,21.230515,13,0.496582,65,0.02169863,31,0.0,0.0,0.5
74,1,0,1,6.880119,51,0.555664,19,0.02166724,32,0.0,0.0,0.5
74,19,0,1,8.502926,40,0.547363,26,0.02162791,33,0.2,0.5,0.5
74,7,,0,5.722072,62,0.570312,15,0.02153005,34,0.0,0.5,0.5
74,27,,0,13.722818,30,0.523438,41,0.0210121,35,0.3,0.5,0.5
74,90,,0,6.19877,60,0.55127,21,0.02067901,36,0.1,0.5,0.5
74,72,,0,7.46843,46,0.541016,31,0.02042297,37,1.0,1.0,0.5
74,23,0,1,19.350533,19,0.48584,72,0.02023399,38,0.4,0.5,1.0
74,91,,0,4.555625,70,0.553223,20,0.02019231,39,0.3,0.5,0.5
74,39,,0,10.377685,34,0.521973,45,0.02016211,40,0.0,0.5,0.5
74,80,,0,6.447258,54,0.544434,28,0.02013557,41,1.0,1.0,0.6
74,5,,0,11.13012,33,0.519531,47,0.02009848,42,0.0,0.0,1.0
74,2,,0,14.836088,27,0.500488,61,0.01975872,43,0.0,0.5,0.6
74,59,,0,7.706813,45,0.524414,39,0.01962482,44,0.0,0.5,1.0
74,46,,0,5.507286,63,0.544922,27,0.01962433,45,0.0,0.5,0.2
74,22,,0,20.792249,15,0.43335,99,0.01962264,46,0.1,0.5,0.2
74,99,,0,9.85722,36,0.51709,50,0.01950758,47,0.0,0.5,0.5
74,33,,0,3.3569,77,0.549805,23,0.01934746,48,0.0,0.0,0.5
74,71,,0,5.0899,65,0.541504,30,0.01911111,49,0.0,0.5,1.0
74,11,,0,15.392119,25,0.462891,82,0.01880696,50,0.0,0.5,1.0
75,58,3,1,81.321479,1,0.787598,1,0.03278689,1,1.0,1.0,0.2
75,57,2,1,38.13234,5,0.648438,4,0.03100962,2,0.75,0.5,0.5
75,14,0,1,26.803808,9,0.670898,2,0.03062179,3,1.0,1.0,0.6
75,59,2,1,33.065325,6,0.642578,5,0.03053613,4,1.0,1.0,1.0
75,29,0,1,42.54403,3,0.62793,9,0.03036577,5,1.0,0.5,1.0
75,93,0,1,30.25449,7,0.619629,11,0.02900988,6,1.0,0.5,0.5
75,51,0,1,19.141858,14,0.641602,6,0.02866503,7,1.0,1.0,0.5
75,30,0,1,42.993443,2,0.60498,20,0.02862903,8,1.0,1.0,0.5
75,60,2,1,16.599782,21,0.665527,3,0.02821869,9,0.9375,0.5,0.5
75,95,0,1,42.162841,4,0.600586,22,0.02782012,10,1.0,1.0,1.0
75,96,0,1,29.699368,8,0.610352,19,0.02736411,11,0.5625,0.5,0.5
75,4,0,1,14.892417,25,0.623047,10,0.02605042,12,1.0,0.5,0.2
75,62,,0,22.824759,11,0.586914,28,0.02544814,13,1.0,1.0,0.6
75,3,,0,19.642326,13,0.591797,26,0.02532654,14,1.0,1.0,0.5
75,15,0,1,13.55059,27,0.616699,13,0.02519288,15,1.0,1.0,0.5
75,67,,0,16.144928,24,0.61377,16,0.02506266,16,1.0,1.0,0.5
75,16,0,1,24.064389,10,0.576172,35,0.02481203,17,0.6875,0.5,0.2
75,69,,0,11.650316,32,0.617188,12,0.02475845,18,1.0,0.5,0.5
75,5,0,1,9.316585,42,0.629883,7,0.02472929,19,1.0,0.5,1.0
75,92,,0,16.715602,19,0.596191,25,0.02442293,20,0.75,0.5,0.6
75,52,0,1,13.150935,29,0.613281,17,0.02422297,21,0.625,0.5,0.2
75,1,0,1,9.986323,36,0.61377,15,0.02375,22,0.875,0.5,0.5
75,2,0,1,10.093037,35,0.598633,23,0.02257451,23,1.0,1.0,0.6
75,47,,0,17.494231,17,0.557617,50,0.02207792,24,1.0,1.0,1.0
75,64,,0,8.54367,44,0.603516,21,0.02196106,25,0.8125,0.5,0.2
75,18,,0,21.400564,12,0.537109,64,0.02195341,26,1.0,1.0,0.5
75,49,,0,16.342613,23,0.568848,42,0.02185211,27,1.0,0.5,0.5
75,98,,0,18.788656,15,0.541992,62,0.02153005,28,1.0,1.0,0.6
75,53,,0,12.125995,31,0.575684,36,0.02140568,29,1.0,0.5,1.0
75,70,,0,5.689892,58,0.612305,18,0.02129509,30,1.0,1.0,0.2
75,50,0,1,1.387659,95,0.628418,8,0.0211575,31,1.0,1.0,0.6
75,6,,0,7.433275,50,0.597656,24,0.02099567,32,1.0,1.0,0.5
75,72,,0,17.143916,18,0.537109,65,0.02082051,33,0.75,0.5,0.5
75,74,,0,11.052127,33,0.569824,41,0.02065368,34,0.9375,1.0,0.6
75,55,,0,12.864315,30,0.562012,45,0.02063492,35,1.0,1.0,0.5
75,32,,0,13.508277,28,0.553223,52,0.02029221,36,0.625,0.5,0.6
75,63,,0,2.421164,91,0.614258,14,0.02013603,37,1.0,1.0,0.5
75,31,,0,9.444309,39,0.572266,40,0.02010101,38,1.0,1.0,0.5
75,103,,0,18.402495,16,0.507324,87,0.01996062,39,1.0,1.0,0.5
75,40,,0,6.593411,53,0.583496,31,0.01983857,40,1.0,0.5,0.2
75,101,,0,16.605909,20,0.518555,80,0.01964286,41,0.625,0.5,1.0
75,8,,0,9.676948,38,0.55957,47,0.01954988,42,0.8125,0.5,0.6
75,66,,0,6.458317,56,0.578613,32,0.01949025,43,1.0,1.0,0.5
75,9,0,1,9.40509,40,0.560547,46,0.01943396,44,0.75,0.5,0.5
75,94,,0,3.841672,67,0.590332,27,0.01936827,45,1.0,1.0,0.2
75,54,,0,4.729397,62,0.584961,30,0.01930783,46,1.0,1.0,0.5
75,12,,0,6.217984,57,0.578125,33,0.0192997,47,1.0,0.5,0.5
75,19,,0,6.876717,51,0.573242,39,0.01911002,48,1.0,1.0,0.5
75,86,0,1,16.438407,22,0.507812,86,0.01904444,49,0.6875,1.0,0.6
75,46,,0,7.927751,47,0.562012,44,0.01896118,50,1.0,1.0,0.2
76,61,3,1,151.952973,1,0.688965,1,0.03278689,1,1.0,1.0,0.5
76,62,2,1,74.776101,2,0.590332,3,0.03200205,2,1.0,0.5,0.6
76,64,2,1,45.361364,4,0.653809,2,0.03175403,3,0.1875,0.0,0.2
76,63,1,1,69.601697,3,0.563965,7,0.03079839,4,0.8125,0.5,0.5
76,78,0,1,29.29798,8,0.587402,4,0.03033088,5,0.375,0.5,0.5
76,90,1,1,32.412098,7,0.564941,5,0.03030999,6,0.8125,0.5,0.5
76,37,0,1,26.798239,9,0.514648,12,0.02838164,7,1.0,1.0,0.5
76,39,1,1,24.885461,11,0.526367,10,0.02837022,8,1.0,0.5,0.5
76,55,0,1,15.087159,19,0.554688,8,0.02736411,9,0.5625,0.5,0.5
76,15,0,1,19.768572,14,0.507324,19,0.02617174,10,0.8125,0.5,0.5
76,103,0,1,33.58437,5,0.487305,36,0.02580128,11,1.0,0.5,0.5
76,35,0,1,5.332447,32,0.509277,16,0.02402746,12,1.0,0.5,1.0
76,29,0,1,2.592538,50,0.526855,9,0.02358366,13,1.0,1.0,1.0
76,3,,0,13.698864,20,0.490967,33,0.02325269,14,1.0,0.5,0.5
76,51,,0,2.420093,54,0.522949,11,0.02285644,15,0.4375,0.5,0.5
76,5,0,1,8.896257,26,0.492432,32,0.02249747,16,1.0,1.0,1.0
76,31,,0,16.141774,17,0.479492,46,0.02242098,17,0.5,0.5,0.5
76,43,0,1,25.023233,10,0.456787,67,0.02215973,18,1.0,0.5,0.5
76,18,,0,13.2097,21,0.483398,42,0.0221496,19,1.0,0.5,0.5
76,12,0,1,2.372523,56,0.51123,14,0.0221342,20,0.5625,0.0,0.5
76,79,,0,18.762899,16,0.465332,56,0.02177858,21,0.25,0.5,0.5
76,101,0,1,32.667823,6,0.427002,91,0.02177403,22,1.0,1.0,1.0
76,8,,0,19.276517,15,0.464111,59,0.02173669,23,0.1875,0.0,0.6
76,91,,0,9.800521,24,0.481445,43,0.0216135,24,0.6875,0.5,0.5
76,50,0,1,0.0,95,0.563965,6,0.02160313,25,0.625,0.5,0.6
76,82,,0,15.550302,18,0.465576,55,0.02151616,26,0.6875,0.5,0.2
76,14,0,1,3.090548,45,0.499512,24,0.02142857,27,0.625,0.5,0.6
76,20,,0,3.964788,39,0.494629,29,0.02133697,28,0.25,0.0,0.6
76,10,,0,2.046412,64,0.507324,18,0.02088503,29,1.0,0.5,0.2
76,76,,0,7.036569,28,0.478271,47,0.02070943,30,0.0,0.0,0.2
76,94,,0,23.172303,13,0.432129,87,0.02050135,31,0.5,0.5,0.2
76,30,,0,2.577867,51,0.496094,28,0.02037265,32,0.625,0.5,0.5
76,96,,0,9.036341,25,0.464355,58,0.02023928,33,0.0,0.0,0.5
76,49,,0,1.893266,67,0.504883,21,0.02021969,34,1.0,1.0,0.5
76,98,,0,24.576382,12,0.404297,98,0.020218,35,1.0,0.5,0.6
76,58,,0,2.306392,59,0.49707,25,0.02016807,36,1.0,0.5,0.2
76,27,,0,3.678739,41,0.486572,38,0.02010507,37,0.6875,0.5,0.5
76,74,,0,0.0,99,0.512695,13,0.01998794,38,0.3125,0.5,0.6
76,13,,0,5.185182,33,0.476807,49,0.019927,39,1.0,1.0,0.5
76,32,,0,0.0,92,0.509277,15,0.01991228,40,0.0,0.0,0.6
76,53,,0,10.581936,23,0.453857,70,0.0197405,41,1.0,1.0,1.0
76,2,0,1,0.823339,89,0.507812,17,0.01969842,42,0.9375,0.5,0.6
76,34,,0,5.010933,35,0.474121,51,0.01953532,43,1.0,0.5,0.2
76,4,,0,1.437779,78,0.503418,22,0.0194415,44,0.5,0.0,0.2
76,47,,0,1.720537,71,0.496826,26,0.01926149,45,0.8125,0.5,1.0
76,52,,0,2.082983,63,0.49292,31,0.01911909,46,0.0,0.0,0.2
76,75,,0,4.266328,38,0.469727,53,0.01905364,47,0.1875,0.5,0.5
76,80,,0,0.0,101,0.507324,20,0.01871118,48,0.0,0.0,0.6
76,11,,0,0.0,91,0.500488,23,0.01867071,49,0.9375,0.5,1.0
76,56,,0,0.963393,83,0.496338,27,0.01848726,50,0.0625,0.0,0.6
77,63,3,1,106.817261,1,0.713379,1,0.03278689,1,1.0,1.0,0.5
77,62,2,1,48.248599,3,0.614746,4,0.03149802,2,1.0,1.0,0.6
77,61,2,1,49.029369,2,0.608398,6,0.03128055,3,0.875,0.5,0.5
77,26,0,1,25.827554,5,0.600586,8,0.0300905,4,1.0,1.0,0.6
77,4,0,1,16.744788,13,0.624512,2,0.02982766,5,1.0,0.5,0.2
77,50,0,1,14.279899,19,0.617676,3,0.02853124,6,1.0,1.0,0.6
77,71,0,1,20.488745,8,0.572266,19,0.02736411,7,1.0,1.0,1.0
77,12,0,1,15.880719,14,0.583008,13,0.02721214,8,1.0,0.5,0.5
77,3,0,1,13.925213,21,0.586914,10,0.02663139,9,1.0,1.0,0.5
77,57,1,1,26.276125,4,0.561523,33,0.02637769,10,0.75,0.5,0.5
77,94,0,1,11.349882,26,0.586426,11,0.02571241,11,1.0,1.0,0.2
77,24,,0,13.831396,22,0.583008,14,0.02570864,12,0.75,0.5,0.5
77,19,0,1,15.180979,18,0.571289,20,0.02532051,13,1.0,1.0,0.5
77,46,0,1,9.936913,33,0.594727,9,0.02524544,14,1.0,1.0,0.2
77,96,,0,15.61306,17,0.570312,23,0.02503521,15,0.5625,0.5,0.5
77,15,0,1,24.82897,7,0.554688,41,0.02482636,16,1.0,1.0,0.5
77,88,0,1,17.298179,12,0.563477,32,0.02475845,17,0.25,0.5,0.2
77,100,,0,15.709247,16,0.563965,31,0.02414691,18,0.9375,0.5,0.2
77,66,0,1,17.688666,11,0.552734,44,0.02369989,19,1.0,1.0,0.5
77,58,1,1,5.107173,55,0.601562,7,0.02362103,20,1.0,1.0,0.2
77,6,0,1,10.705544,29,0.570312,22,0.02343108,21,1.0,1.0,0.5
77,80,0,1,15.731358,15,0.555176,40,0.02333333,22,0.5,0.5,0.6
77,1,0,1,7.334731,39,0.57959,16,0.0232589,23,0.875,0.5,0.5
77,68,,0,10.008413,32,0.570801,21,0.02321524,24,0.75,0.5,0.6
77,36,0,1,20.232629,9,0.540039,55,0.02318841,25,1.0,0.5,0.5
77,29,0,1,6.930916,43,0.583008,15,0.02304207,26,1.0,0.5,1.0
77,55,,0,10.430265,30,0.567383,26,0.02273902,27,1.0,1.0,0.5
77,64,1,1,2.298987,80,0.61084,5,0.02252747,28,0.8125,0.5,0.2
77,25,0,1,11.07733,28,0.564453,30,0.02247475,29,1.0,0.5,0.5
77,52,,0,6.078384,47,0.573242,17,0.02233281,30,0.625,0.5,0.2
77,20,0,1,18.459697,10,0.529785,66,0.02222222,31,0.875,0.5,0.6
77,7,,0,12.354959,25,0.559082,37,0.02207398,32,1.0,1.0,0.5
77,43,0,1,25.086533,6,0.455078,101,0.0213627,33,1.0,1.0,0.5
77,90,,0,5.43412,49,0.567383,27,0.02066856,34,1.0,1.0,0.5
77,60,,0,1.313716,90,0.585449,12,0.02055556,35,0.9375,0.5,0.5
77,67,,0,13.458882,23,0.537109,58,0.02052277,36,1.0,1.0,0.5
77,34,0,1,11.331622,27,0.535156,60,0.01982759,37,0.875,1.0,0.2
77,65,,0,14.217251,20,0.511719,77,0.01979927,38,1.0,0.5,1.0
77,92,,0,5.424878,50,0.561523,34,0.01972921,39,0.75,0.5,0.6
77,32,,0,1.863249,86,0.572754,18,0.01966983,40,0.625,0.5,0.6
77,30,0,1,3.252005,70,0.568848,24,0.01959707,41,1.0,1.0,0.5
77,35,0,1,9.41757,35,0.541992,52,0.01945489,42,1.0,1.0,1.0
77,93,,0,7.311383,41,0.552734,45,0.0194248,43,1.0,0.5,0.5
77,82,,0,12.638315,24,0.514648,73,0.01942356,44,1.0,1.0,0.2
77,31,,0,3.278981,67,0.566406,28,0.01923765,45,1.0,1.0,0.5
77,47,0,1,3.370487,65,0.564941,29,0.01923596,46,1.0,1.0,1.0
77,91,0,1,2.514791,79,0.568359,25,0.01895895,47,1.0,1.0,0.5
77,104,,0,7.328791,40,0.538574,56,0.01862069,48,1.0,0.5,0.6
77,51,,0,6.331129,46,0.544922,49,0.01860827,49,1.0,1.0,0.5
77,72,,0,3.683936,64,0.55957,36,0.01848118,50,0.75,0.5,0.5
78,62,3,1,167.967524,1,0.741211,1,0.03278689,1,1.0,1.0,0.6
78,61,2,1,57.867136,2,0.586914,3,0.03200205,2,0.75,0.5,0.5
78,64,1,1,28.147447,5,0.598145,2,0.03151365,3,0.9375,0.5,0.2
78,63,2,1,47.954626,3,0.581543,4,0.03149802,4,1.0,1.0,0.5
78,17,0,1,43.431966,4,0.569336,7,0.03055037,5,1.0,0.5,1.0
78,50,0,1,23.626308,6,0.544434,15,0.02848485,6,1.0,1.0,0.6
78,30,0,1,11.496868,22,0.57959,5,0.02757974,7,1.0,1.0,0.5
78,53,0,1,15.888001,15,0.546875,12,0.02722222,8,1.0,0.5,1.0
78,6,0,1,20.968862,7,0.531738,24,0.02683014,9,1.0,1.0,0.5
78,2,0,1,18.767538,10,0.532227,23,0.02633391,10,1.0,1.0,0.6
78,56,0,1,12.078717,21,0.54541,14,0.02585919,11,0.8125,0.5,0.6
78,46,0,1,17.280593,13,0.518066,30,0.02480974,12,1.0,1.0,0.2
78,40,0,1,8.152992,37,0.558105,9,0.02480203,13,1.0,0.5,0.2
78,54,0,1,6.026827,49,0.578125,6,0.02432583,14,1.0,1.0,0.5
78,96,,0,14.708026,16,0.509766,36,0.02357456,15,0.6875,0.5,0.5
78,58,1,1,6.596685,46,0.551758,11,0.02351847,16,1.0,1.0,0.2
78,12,,0,7.621011,39,0.540527,17,0.02308802,17,1.0,0.5,0.5
78,20,,0,6.948403,41,0.541504,16,0.02305888,18,1.0,0.5,0.6
78,88,0,1,16.604377,14,0.501953,47,0.02285931,19,0.375,0.5,0.2
78,92,,0,8.287565,36,0.535156,21,0.02276235,20,0.875,0.5,0.6
78,91,,0,10.018363,27,0.521973,29,0.02273021,21,1.0,1.0,0.5
78,29,0,1,3.577295,65,0.560547,8,0.02270588,22,1.0,0.5,1.0
78,78,,0,6.914838,42,0.536133,19,0.02246215,23,1.0,1.0,0.5
78,55,,0,10.272659,26,0.51123,33,0.0223806,24,1.0,1.0,0.5
78,8,,0,4.239455,59,0.54541,13,0.02210199,25,0.9375,0.5,0.6
78,80,,0,6.852318,44,0.532715,22,0.02181051,26,0.625,0.5,0.6
78,79,0,1,2.64742,75,0.555176,10,0.02169312,27,1.0,1.0,0.5
78,26,,0,10.765103,25,0.504395,41,0.0216657,28,1.0,1.0,0.6
78,94,0,1,18.498861,11,0.471191,72,0.02166026,29,1.0,1.0,0.2
78,81,,0,14.207169,18,0.496338,55,0.02151616,30,1.0,0.5,0.5
78,44,,0,9.072003,31,0.509766,35,0.02151533,31,1.0,0.5,0.6
78,22,,0,18.334883,12,0.46875,73,0.02140769,32,1.0,1.0,0.2
78,42,0,1,20.306082,8,0.433594,95,0.0211575,33,0.625,1.0,0.5
78,90,,0,10.844307,23,0.501465,50,0.0211391,34,1.0,1.0,0.5
78,21,,0,13.160245,20,0.492432,60,0.02083333,35,1.0,0.5,0.5
78,95,0,1,19.944154,9,0.424561,99,0.02078206,36,1.0,1.0,1.0
78,18,,0,5.631461,52,0.527832,25,0.02069328,37,1.0,1.0,0.5
78,36,,0,3.19578,71,0.538574,18,0.0204541,38,1.0,0.5,0.5
78,82,0,1,10.838952,24,0.492676,59,0.02030812,39,1.0,1.0,0.2
78,24,,0,9.849815,28,0.499023,52,0.02029221,40,0.875,0.5,0.5
78,37,,0,3.359354,70,0.535645,20,0.02019231,41,0.375,0.5,0.5
78,85,,0,14.39641,17,0.453857,81,0.02007921,42,1.0,0.5,0.5
78,4,,0,4.752983,57,0.527344,27,0.02004126,43,1.0,0.5,0.2
78,104,,0,6.906848,43,0.505859,38,0.01991282,44,1.0,0.5,0.6
78,31,,0,4.05115,61,0.527832,26,0.01989237,45,1.0,1.0,0.5
78,93,,0,13.924121,19,0.456787,79,0.01985247,46,1.0,0.5,0.5
78,86,,0,8.466609,34,0.501465,49,0.01981261,47,0.8125,1.0,0.6
78,66,,0,9.249668,30,0.493408,58,0.01958569,48,1.0,1.0,0.5
78,3,,0,4.010005,62,0.522461,28,0.01956036,49,1.0,1.0,0.5
78,77,0,1,5.967368,50,0.507324,37,0.01940019,50,1.0,0.5,1.0
79,64,3,1,88.468879,1,0.82373,1,0.03278689,1,1.0,1.0,0.2
79,62,1,1,62.525442,2,0.671875,3,0.03200205,2,0.0,0.5,0.6
79,61,1,1,49.879174,4,0.708008,2,0.03175403,3,0.0,0.0,0.5
79,96,0,1,52.110636,3,0.603516,8,0.0305789,4,1.0,1.0,0.5
79,63,1,1,19.960914,11,0.598633,9,0.02857726,5,0.1,0.5,0.5
79,52,0,1,20.393638,10,0.583008,11,0.02837022,6,1.0,1.0,0.2
79,32,0,1,9.841256,22,0.635742,5,0.02757974,7,1.0,1.0,0.6
79,15,0,1,22.782298,9,0.554199,20,0.02699275,8,0.1,0.5,0.5
79,94,0,1,38.362511,6,0.543457,28,0.02651515,9,0.6,0.5,0.2
79,91,0,1,29.51144,8,0.543945,26,0.02633379,10,0.3,0.5,0.5
79,80,,0,11.092639,20,0.557617,18,0.02532051,11,1.0,1.0,0.6
79,60,0,1,5.986516,41,0.607422,6,0.02505251,12,0.9,1.0,0.5
79,50,0,1,4.251729,49,0.646484,4,0.02479931,13,0.4,0.5,0.6
79,51,,0,7.657923,29,0.560547,17,0.02422297,14,0.7,0.5,0.5
79,26,0,1,8.709348,24,0.553223,22,0.02409988,15,0.0,0.5,0.6
79,3,0,1,5.77923,42,0.587402,10,0.02408964,16,0.0,0.5,0.5
79,31,,0,5.687762,43,0.566406,13,0.02340737,17,0.6,0.5,0.5
79,55,,0,10.187175,21,0.541504,31,0.02333469,18,0.5,0.5,0.5
79,46,,0,7.710646,27,0.547852,25,0.02325896,19,0.0,0.5,0.2
79,76,,0,6.098112,39,0.56543,16,0.0232589,20,1.0,1.0,0.2
79,74,0,1,5.43882,45,0.565918,15,0.02285714,21,0.9,0.5,0.6
79,54,,0,6.593074,36,0.554199,21,0.02276235,22,0.3,0.5,0.5
79,90,,0,16.044885,13,0.52002,51,0.02270764,23,0.1,0.5,0.5
79,95,0,1,45.096684,5,0.494141,78,0.02263099,24,0.8,0.5,1.0
79,19,,0,6.645657,35,0.54834,24,0.02243108,25,0.2,0.5,0.5
79,93,0,1,34.189176,7,0.499268,74,0.02238806,26,0.0,0.0,0.5
79,49,,0,7.493254,30,0.542969,29,0.02234707,27,0.0,0.0,0.5
79,16,,0,12.431914,17,0.519531,52,0.02191558,28,1.0,1.0,0.2
79,47,,0,7.724533,26,0.532715,39,0.02172892,29,0.1,0.5,1.0
79,81,,0,11.928945,18,0.519531,53,0.02167007,30,0.0,0.0,0.5
79,6,,0,5.598633,44,0.550293,23,0.02166358,31,0.2,0.5,0.5
79,40,,0,8.8694,23,0.526367,44,0.02166358,32,0.7,1.0,0.2
79,29,0,1,1.188632,89,0.605469,7,0.02163678,33,0.0,0.0,1.0
79,18,0,1,7.127465,31,0.53418,37,0.02129829,34,0.0,0.5,0.5
79,30,0,1,2.456894,69,0.565918,14,0.02126545,35,0.4,0.5,0.5
79,88,,0,16.865923,12,0.496826,76,0.02124183,36,1.0,1.0,0.2
79,56,,0,6.1218,38,0.534668,34,0.02084238,37,1.0,1.0,0.6
79,36,,0,0.0,94,0.570801,12,0.0203824,38,0.4,1.0,0.5
79,27,0,1,12.785064,16,0.48999,79,0.02035214,39,0.3,0.5,0.5
79,24,0,1,6.991335,32,0.520996,49,0.02004388,40,1.0,1.0,0.5
79,21,,0,12.876815,15,0.466553,90,0.02,41,0.0,0.0,0.5
79,84,,0,3.475276,58,0.543457,27,0.01996883,42,1.0,1.0,0.5
79,7,,0,2.118341,77,0.555664,19,0.0199575,43,0.0,0.5,0.5
79,5,,0,6.168621,37,0.523438,46,0.01974324,44,0.0,0.0,1.0
79,103,0,1,14.005627,14,0.403809,103,0.01964848,45,0.0,0.5,0.5
79,25,,0,8.236968,25,0.506836,67,0.01963872,46,0.0,0.0,0.5
79,10,,0,4.867818,46,0.52832,41,0.01933495,47,0.0,0.5,0.2
79,20,,0,6.863336,33,0.514648,58,0.01922726,48,1.0,1.0,0.6
79,102,,0,11.425409,19,0.440674,98,0.01898734,49,0.0,0.5,0.5
79,4,,0,6.745911,34,0.509277,61,0.01890276,50,0.6,1.0,0.2
80,62,2,1,106.918429,1,0.641113,1,0.03278689,1,1.0,1.0,0.6
80,61,3,1,51.309188,3,0.633301,2,0.03200205,2,1.0,0.5,0.5
80,63,2,1,65.380081,2,0.603516,6,0.03128055,3,1.0,1.0,0.5
80,64,1,1,31.499914,9,0.626465,3,0.03036577,4,0.6875,0.5,0.2
80,40,0,1,50.322441,4,0.588379,8,0.03033088,5,0.9375,0.5,0.2
80,20,0,1,32.149378,7,0.607422,5,0.03030999,6,0.75,0.5,0.6
80,58,1,1,39.995167,5,0.575684,12,0.0292735,7,1.0,1.0,0.2
80,86,0,1,31.861812,8,0.574219,13,0.02840451,8,0.5625,1.0,0.6
80,88,0,1,26.950629,10,0.570312,15,0.02761905,9,0.125,0.5,0.2
80,29,0,1,20.769225,19,0.603027,7,0.0275836,10,1.0,0.5,1.0
80,30,0,1,17.520335,26,0.60791,4,0.02725291,11,1.0,1.0,0.5
80,31,0,1,20.466988,20,0.587891,9,0.02699275,12,1.0,1.0,0.5
80,19,,0,22.062551,16,0.572266,14,0.02667141,13,1.0,1.0,0.5
80,12,,0,23.656087,14,0.56543,18,0.02633403,14,1.0,0.5,0.5
80,104,,0,21.523314,17,0.559082,23,0.02503521,15,0.875,0.5,0.6
80,18,,0,19.30148,21,0.561035,19,0.02500391,16,1.0,1.0,0.5
80,4,,0,20.800025,18,0.558594,24,0.02472527,17,1.0,0.5,0.2
80,36,,0,25.514011,12,0.535645,37,0.02419817,18,1.0,0.5,0.5
80,80,,0,18.002427,24,0.559082,22,0.02409988,19,0.375,0.5,0.6
80,68,0,1,34.694201,6,0.517578,52,0.02408009,20,0.625,0.5,0.6
80,32,0,1,11.931322,45,0.585938,10,0.02380952,21,0.5,0.5,0.6
80,44,,0,26.832998,11,0.524902,44,0.02369989,22,1.0,0.5,0.6
80,24,,0,24.284422,13,0.525391,43,0.02340737,23,0.625,0.5,0.5
80,59,,0,23.625224,15,0.521484,47,0.02267913,24,1.0,1.0,1.0
80,2,0,1,10.977384,47,0.567871,16,0.02250369,25,1.0,1.0,0.6
80,8,,0,16.458301,31,0.553223,27,0.02248326,26,0.6875,0.5,0.6
80,39,,0,17.386524,27,0.538574,33,0.02224694,27,1.0,1.0,0.5
80,46,,0,10.777409,49,0.560059,20,0.02167431,28,1.0,1.0,0.2
80,90,,0,13.216508,41,0.557617,25,0.0216657,29,1.0,1.0,0.5
80,55,,0,14.726054,38,0.55127,28,0.02156772,30,1.0,1.0,0.5
80,100,,0,18.273808,22,0.515137,53,0.02104468,31,0.8125,0.5,0.2
80,50,,0,12.30449,44,0.546387,29,0.02085134,32,1.0,1.0,0.6
80,47,,0,2.09433,89,0.575684,11,0.02079592,33,1.0,1.0,1.0
80,78,,0,6.629783,61,0.55957,21,0.02061014,34,0.875,1.0,0.5
80,56,,0,18.162509,23,0.506836,59,0.02045155,35,0.5625,0.5,0.6
80,92,0,1,16.601797,29,0.518555,51,0.02024496,36,0.625,0.5,0.6
80,6,0,1,2.701463,82,0.56543,17,0.02002927,37,1.0,1.0,0.5
80,82,,0,8.376234,56,0.54541,30,0.0197318,38,1.0,1.0,0.2
80,49,,0,15.091128,36,0.520996,48,0.01967593,39,1.0,0.5,0.5
80,54,,0,14.985058,37,0.52002,49,0.01948359,40,1.0,1.0,0.5
80,34,,0,16.32367,32,0.507324,58,0.01934414,41,1.0,1.0,0.2
80,3,0,1,7.590104,60,0.539062,32,0.0192029,42,1.0,1.0,0.5
80,26,,0,8.186334,58,0.536621,35,0.01900089,43,1.0,1.0,0.6
80,37,,0,3.630846,76,0.554199,26,0.01898085,44,0.625,0.5,0.5
80,66,0,1,16.14875,34,0.50293,62,0.01883502,45,1.0,1.0,0.5
80,69,,0,17.295877,28,0.483398,78,0.01861001,46,1.0,0.5,0.5
80,101,,0,15.496397,35,0.500977,64,0.01859083,47,0.75,0.5,1.0
80,71,0,1,17.904523,25,0.470459,89,0.01847612,48,1.0,1.0,1.0
80,72,0,1,13.926291,39,0.501465,63,0.01823109,49,0.625,0.5,0.5
80,51,0,1,16.596712,30,0.47876,82,0.01815336,50,0.9375,1.0,0.5
81,66,3,1,84.517754,2,0.678223,1,0.03252247,1,1.0,0.5,0.5
81,65,3,1,90.402335,1,0.612793,5,0.03177806,2,1.0,1.0,1.0
81,94,0,1,39.081542,6,0.674805,2,0.03128055,3,0.875,0.5,0.2
81,7,0,1,47.067998,4,0.606934,7,0.03055037,4,1.0,0.5,0.5
81,67,2,1,28.48278,13,0.623535,3,0.02957165,5,1.0,0.5,0.5
81,63,0,1,53.842208,3,0.58252,15,0.02920635,6,1.0,0.5,0.5
81,31,0,1,23.694361,16,0.622559,4,0.02878289,7,0.875,0.5,0.5
81,68,1,1,28.5324,12,0.594238,9,0.02838164,8,0.5,0.0,0.6
81,59,0,1,44.340398,5,0.562988,29,0.02662057,9,1.0,0.5,1.0
81,74,0,1,38.056997,8,0.564941,25,0.02647059,10,0.6875,0.5,0.6
81,10,0,1,35.189348,9,0.559082,32,0.02536232,11,1.0,0.5,0.2
81,49,,0,22.225562,17,0.568848,23,0.02503521,12,1.0,1.0,0.5
81,3,,0,32.706915,11,0.549805,36,0.02450117,13,1.0,0.5,0.5
81,50,0,1,7.160773,43,0.594238,8,0.02441462,14,1.0,0.5,0.6
81,15,,0,20.680161,20,0.568359,24,0.02440476,15,1.0,0.5,0.5
81,19,,0,19.497818,24,0.576172,20,0.02440476,16,1.0,0.5,0.5
81,57,0,1,34.326752,10,0.54248,41,0.0241867,17,1.0,1.0,0.5
81,95,0,1,11.283715,31,0.582031,16,0.02414691,18,0.75,0.5,1.0
81,5,0,1,11.683455,28,0.577148,19,0.02402186,19,1.0,1.0,1.0
81,73,0,1,38.712139,7,0.530762,50,0.02401628,20,1.0,1.0,0.5
81,97,,0,22.02128,18,0.562988,30,0.02393162,21,0.875,1.0,0.5
81,2,0,1,25.23099,15,0.552246,35,0.02385965,22,1.0,0.5,0.6
81,6,0,1,6.410646,46,0.589844,10,0.02371968,23,1.0,0.5,0.5
81,93,,0,10.974849,33,0.573242,21,0.02309837,24,1.0,1.0,0.5
81,1,0,1,20.078314,23,0.561035,31,0.0230372,25,1.0,1.0,0.5
81,85,,0,20.251234,22,0.546387,38,0.0223992,26,0.8125,1.0,0.5
81,29,0,1,1.494521,88,0.61084,6,0.02190827,27,1.0,1.0,1.0
81,12,,0,10.617401,36,0.562988,28,0.0217803,28,0.9375,0.0,0.5
81,78,,0,5.569998,54,0.578125,18,0.02159244,29,0.75,0.5,0.5
81,88,,0,11.124844,32,0.553223,34,0.02150786,30,0.0,0.0,0.2
81,45,,0,28.389351,14,0.509766,67,0.02138753,31,1.0,1.0,0.5
81,32,,0,2.578766,83,0.587402,11,0.02107751,32,0.375,0.0,0.6
81,72,,0,14.054572,27,0.533203,47,0.02084005,33,0.5,0.0,0.5
81,64,0,1,3.571471,77,0.584473,14,0.02081278,34,0.5625,0.0,0.2
81,99,,0,21.970506,19,0.515137,63,0.02078831,35,1.0,0.5,0.5
81,70,,0,5.765114,52,0.564453,26,0.02055648,36,1.0,0.5,0.2
81,9,,0,15.474949,25,0.526855,54,0.02053664,37,1.0,1.0,0.5
81,80,,0,1.07153,92,0.585449,12,0.02046784,38,0.25,0.0,0.6
81,87,,0,20.417743,21,0.512207,66,0.02028219,39,0.3125,0.5,0.5
81,52,,0,0.0,101,0.584961,13,0.01990981,40,0.375,0.0,0.2
81,30,,0,1.486064,89,0.581543,17,0.01969842,41,1.0,0.5,0.5
81,37,,0,10.668356,34,0.527832,53,0.01948786,42,0.75,1.0,0.5
81,71,,0,7.211638,42,0.536133,45,0.01932773,43,1.0,0.5,1.0
81,90,0,1,6.177875,49,0.537598,42,0.01897823,44,1.0,0.5,0.5
81,51,,0,3.940105,74,0.563477,27,0.01895694,45,0.8125,0.5,0.5
81,86,,0,14.644211,26,0.502441,77,0.01892718,46,0.4375,0.5,0.6
81,58,,0,10.650726,35,0.52002,60,0.01885965,47,1.0,0.5,0.2
81,4,,0,5.160136,59,0.549805,37,0.01871264,48,0.875,0.0,0.2
81,18,,0,5.992469,50,0.536133,44,0.01870629,49,1.0,0.5,0.5
81,96,0,1,0.965391,94,0.570801,22,0.01868863,50,0.3125,0.0,0.5
82,66,3,1,48.231387,3,0.73584,1,0.03226646,1,1.0,1.0,0.5
82,65,3,1,43.134257,5,0.657715,2,0.03151365,2,0.7143,0.5,1.0
82,68,2,1,44.595162,4,0.611328,5,0.03100962,3,1.0,0.5,0.6
82,94,0,1,27.672086,11,0.63916,3,0.02995752,4,1.0,1.0,0.2
82,63,0,1,48.917975,2,0.5625,13,0.02982766,5,1.0,1.0,0.5
82,67,2,1,22.112163,15,0.616699,4,0.02895833,6,1.0,1.0,0.5
82,95,0,1,39.878798,6,0.562012,14,0.02866503,7,1.0,1.0,1.0
82,7,0,1,17.090911,25,0.578613,7,0.02669008,8,0.9286,1.0,0.5
82,60,0,1,29.733764,9,0.543945,26,0.02612066,9,1.0,0.5,0.5
82,71,,0,21.837709,16,0.549316,23,0.02520609,10,1.0,1.0,1.0
82,86,0,1,49.367915,1,0.500488,66,0.02432995,11,0.9286,1.0,0.6
82,37,,0,13.94594,30,0.558105,16,0.02426901,12,0.0,0.5,0.5
82,89,0,1,9.820129,41,0.571777,10,0.0241867,13,0.5714,0.5,1.0
82,8,0,1,36.819265,7,0.515137,52,0.02385394,14,1.0,0.5,0.6
82,93,0,1,8.7211,47,0.572266,9,0.02383855,15,1.0,0.5,0.5
82,59,0,1,20.550914,19,0.533691,33,0.02341092,16,1.0,1.0,1.0
82,81,,0,17.412952,24,0.540527,27,0.02339901,17,0.9286,0.5,0.5
82,50,0,1,24.969697,13,0.521484,44,0.02331401,18,1.0,1.0,0.6
82,31,,0,12.448795,34,0.551758,19,0.02329653,19,1.0,1.0,0.5
82,82,,0,8.655529,49,0.570801,11,0.02325882,20,1.0,1.0,0.2
82,92,0,1,6.822074,57,0.577637,8,0.02325289,21,1.0,0.5,0.6
82,19,,0,12.582861,33,0.550781,20,0.02325269,22,1.0,1.0,0.5
82,70,1,1,27.790383,10,0.501953,64,0.02235023,23,1.0,1.0,0.2
82,14,,0,18.228697,23,0.525879,39,0.0221492,24,1.0,1.0,0.6
82,100,,0,23.240907,14,0.505371,61,0.02177798,25,1.0,0.5,0.2
82,46,,0,5.902872,68,0.568848,12,0.02170139,26,0.9286,1.0,0.2
82,47,0,1,2.167371,95,0.590332,6,0.02160313,27,1.0,1.0,1.0
82,23,,0,7.592019,56,0.552246,18,0.0214412,28,1.0,1.0,1.0
82,2,0,1,10.273235,38,0.539062,29,0.02144004,29,1.0,1.0,0.6
82,96,,0,6.254134,64,0.561035,15,0.02139785,30,0.7857,0.5,0.5
82,58,,0,8.742634,46,0.548828,24,0.02133872,31,0.8571,1.0,0.2
82,102,0,1,30.419089,8,0.471191,91,0.0213284,32,0.7143,1.0,0.5
82,97,0,1,8.404765,50,0.549805,22,0.02128603,33,0.1429,0.5,0.5
82,26,,0,27.035261,12,0.495361,76,0.02124183,34,1.0,1.0,0.6
82,6,0,1,6.054863,65,0.555176,17,0.02098701,35,1.0,1.0,0.5
82,29,0,1,6.548875,60,0.549805,21,0.02067901,36,0.9286,0.5,1.0
82,104,,0,15.272654,28,0.516113,48,0.0206229,37,1.0,0.5,0.6
82,62,,0,21.20704,17,0.49707,72,0.02056277,38,1.0,1.0,0.6
82,57,,0,19.350941,21,0.502441,63,0.02047576,39,0.2857,0.5,0.5
82,75,,0,20.964814,18,0.496582,74,0.0202832,40,1.0,1.0,0.5
82,12,,0,15.820607,26,0.510742,56,0.0202486,41,1.0,0.5,0.5
82,5,0,1,8.012468,53,0.540039,28,0.02021319,42,0.5714,0.5,1.0
82,49,0,1,13.003869,32,0.515625,50,0.01996047,43,1.0,0.5,0.5
82,32,,0,9.887381,40,0.524902,41,0.01990099,44,0.8571,0.5,0.6
82,21,,0,10.329207,36,0.51709,46,0.01985063,45,0.8571,0.5,0.5
82,30,0,1,10.289977,37,0.516113,47,0.01965507,46,1.0,1.0,0.5
82,53,0,1,20.191019,20,0.485596,80,0.01964286,47,0.9286,0.5,1.0
82,78,,0,13.061984,31,0.506836,60,0.01932234,48,1.0,1.0,0.5
82,3,,0,8.118235,52,0.525879,38,0.01913265,49,0.7143,1.0,0.5
82,98,,0,18.64194,22,0.472412,90,0.01886179,50,0.7857,1.0,0.6
83,67,3,1,137.475105,1,0.739258,1,0.03278689,1,1.0,1.0,0.5
83,94,1,1,51.99161,2,0.643555,2,0.03225806,2,1.0,1.0,0.2
83,66,2,1,31.482964,5,0.611328,4,0.03100962,3,1.0,1.0,0.5
83,15,0,1,44.985484,3,0.590332,12,0.0297619,4,1.0,1.0,0.5
83,31,0,1,22.668934,13,0.609863,5,0.02908325,5,1.0,1.0,0.5
83,97,0,1,29.52688,8,0.592773,10,0.0289916,6,0.5,0.5,0.5
83,49,0,1,27.728844,9,0.580566,17,0.02747977,7,1.0,0.5,0.5
83,7,0,1,17.261493,19,0.597168,8,0.02736411,8,1.0,1.0,0.5
83,4,0,1,8.715597,35,0.611328,3,0.02639933,9,1.0,0.5,0.2
83,19,0,1,12.308375,29,0.607422,6,0.02638747,10,1.0,1.0,0.5
83,2,0,1,17.735769,18,0.583496,15,0.02615385,11,1.0,1.0,0.6
83,93,1,1,30.969528,7,0.554199,30,0.02603648,12,1.0,0.5,0.5
83,63,,0,22.879364,12,0.570312,23,0.02593708,13,1.0,1.0,0.5
83,68,2,1,31.198279,6,0.546875,38,0.0253556,14,0.875,0.5,0.6
83,57,,0,22.605453,14,0.563477,25,0.02527822,15,0.625,0.5,0.5
83,81,,0,22.438261,15,0.562012,26,0.02496124,16,1.0,0.5,0.5
83,87,0,1,32.679135,4,0.539062,48,0.02488426,17,0.6875,1.0,0.5
83,85,,0,25.463803,11,0.551758,33,0.0248372,18,1.0,0.5,0.5
83,1,,0,12.652024,28,0.57666,19,0.02402186,19,0.75,0.5,0.5
83,52,,0,10.090086,33,0.581543,16,0.02391058,20,0.75,0.5,0.2
83,5,0,1,5.334148,54,0.602051,7,0.0236973,21,0.875,0.5,1.0
83,82,,0,21.364959,16,0.547852,36,0.02357456,22,1.0,1.0,0.2
83,12,,0,6.958597,42,0.584473,14,0.02331744,23,1.0,0.5,0.5
83,29,,0,7.781157,39,0.577148,18,0.02292152,24,1.0,0.5,1.0
83,88,,0,17.088642,21,0.548828,35,0.02287199,25,0.375,0.5,0.2
83,26,0,1,27.487764,10,0.520508,61,0.02255018,26,1.0,1.0,0.6
83,51,,0,14.27698,26,0.553223,32,0.02249747,27,1.0,1.0,0.5
83,10,0,1,3.212744,66,0.597168,9,0.02242926,28,0.9375,1.0,0.2
83,32,,0,20.368714,17,0.541992,46,0.02242098,29,0.75,0.5,0.6
83,18,,0,8.043241,38,0.570312,22,0.0223992,30,1.0,1.0,0.5
83,64,,0,14.626312,23,0.545898,39,0.0221492,31,0.9375,0.5,0.2
83,92,,0,8.730573,34,0.555664,29,0.02187425,32,0.875,0.5,0.6
83,6,,0,1.894346,74,0.592285,11,0.02154719,33,1.0,1.0,0.5
83,96,,0,6.214569,44,0.567871,24,0.02152015,34,0.6875,0.5,0.5
83,14,0,1,1.770368,75,0.585449,13,0.02110604,35,1.0,1.0,0.6
83,50,0,1,5.140427,55,0.571289,21,0.02104133,36,1.0,1.0,0.6
83,59,,0,14.403631,25,0.538086,50,0.02085561,37,1.0,1.0,1.0
83,36,,0,16.243249,22,0.520508,62,0.02039184,38,1.0,0.5,0.5
83,3,,0,1.270631,82,0.571289,20,0.01954225,39,1.0,1.0,0.5
83,80,,0,7.640224,40,0.542969,45,0.01952381,40,0.625,0.5,0.6
83,95,,0,8.314408,37,0.538574,49,0.01948359,41,1.0,1.0,1.0
83,86,,0,11.408101,30,0.522461,60,0.01944444,42,0.8125,1.0,0.6
83,39,,0,6.443629,43,0.543457,43,0.01941748,43,1.0,1.0,0.5
83,47,,0,4.148093,59,0.553711,31,0.01939237,44,1.0,1.0,1.0
83,65,,0,17.190042,20,0.5,86,0.01934932,45,1.0,0.5,1.0
83,90,,0,5.43412,52,0.547852,37,0.01923785,46,1.0,1.0,0.5
83,91,,0,13.29562,27,0.512207,71,0.01912784,47,1.0,1.0,0.5
83,60,,0,5.670899,49,0.543945,42,0.01897823,48,1.0,0.5,0.5
83,25,,0,8.412104,36,0.525391,57,0.01896368,49,0.875,0.5,0.5
83,55,,0,14.508075,24,0.501953,84,0.01884921,50,1.0,1.0,0.5
84,68,3,1,106.371065,1,0.796875,1,0.03278689,1,1.0,1.0,0.6
84,63,0,1,43.754233,3,0.58252,9,0.03036577,2,0.0,0.5,0.5
84,31,0,1,34.985633,8,0.604492,4,0.03033088,3,0.3333,0.5,0.5
84,44,0,1,37.55185,5,0.585449,8,0.0300905,4,0.0,1.0,0.6
84,66,1,1,52.711276,2,0.580078,12,0.03001792,5,0.0,0.5,0.5
84,95,0,1,33.054673,9,0.587891,7,0.02941813,6,0.5556,0.5,1.0
84,19,0,1,39.566911,4,0.575195,14,0.02913851,7,0.0,0.5,0.5
84,85,0,1,22.254544,17,0.620117,2,0.02911605,8,0.4444,0.0,0.5
84,70,1,1,17.152167,27,0.601562,5,0.02687887,9,0.0,0.5,0.2
84,52,0,1,23.357504,13,0.568848,17,0.02668564,10,1.0,1.0,0.2
84,94,0,1,24.465336,12,0.566895,20,0.02638889,11,0.3333,0.5,0.2
84,4,0,1,22.643769,16,0.564941,21,0.02550357,12,0.3333,1.0,0.2
84,40,0,1,16.946039,28,0.580566,11,0.02544814,13,0.4444,1.0,0.2
84,90,0,1,37.532515,6,0.539062,42,0.02495544,14,0.0,0.5,0.5
84,88,,0,16.903768,29,0.580078,13,0.02493459,15,1.0,1.0,0.2
84,7,,0,19.647473,22,0.566895,19,0.02485335,16,0.0,0.5,0.5
84,72,1,1,10.987807,44,0.598633,6,0.0247669,17,1.0,1.0,0.5
84,32,0,1,27.997555,11,0.542969,36,0.02450117,18,1.0,1.0,0.6
84,20,,0,17.860234,25,0.562012,22,0.02395983,19,0.7778,1.0,0.6
84,49,,0,18.808077,24,0.561035,24,0.02380952,20,0.0,0.0,0.5
84,89,0,1,32.414441,10,0.533691,49,0.02346003,21,0.0,0.0,1.0
84,50,,0,21.271989,19,0.540039,38,0.02286231,22,0.1111,0.5,0.6
84,67,,0,22.959414,14,0.536621,47,0.02285931,23,0.1111,0.5,0.5
84,86,,0,10.626834,46,0.571289,15,0.0227673,24,1.0,0.5,0.6
84,46,0,1,1.469434,87,0.606934,3,0.02267574,25,0.0,0.5,0.2
84,59,,0,22.930809,15,0.53418,48,0.02259259,26,0.0,0.5,1.0
84,97,,0,21.613432,18,0.537598,45,0.02234432,27,0.0,0.0,0.5
84,61,0,1,35.588076,7,0.493652,76,0.02227831,28,0.0,0.0,0.5
84,57,,0,19.675232,21,0.539062,41,0.02224667,29,0.0,0.0,0.5
84,92,,0,19.828441,20,0.539062,43,0.02220874,30,1.0,1.0,0.6
84,29,,0,16.233305,33,0.546875,31,0.0217417,31,0.0,0.0,1.0
84,69,,0,17.563851,26,0.540039,39,0.02172892,32,0.0,0.0,0.5
84,6,,0,2.656486,74,0.570312,16,0.02062058,33,0.0,0.5,0.5
84,12,,0,5.558393,53,0.560059,25,0.02061426,34,0.2222,1.0,0.5
84,102,0,1,5.995561,52,0.555664,27,0.02042282,35,0.0,0.5,0.5
84,96,0,1,0.0,103,0.582031,10,0.02042068,36,1.0,1.0,0.5
84,15,,0,13.788973,36,0.539551,40,0.02041667,37,0.0,0.5,0.5
84,104,0,1,5.360515,54,0.556152,26,0.02039984,38,0.5556,1.0,0.6
84,91,,0,8.328391,48,0.544922,33,0.02001195,39,0.0,0.5,0.5
84,3,,0,4.840675,57,0.55127,29,0.01978296,40,0.0,0.5,0.5
84,65,,0,19.138211,23,0.498535,70,0.0197405,41,0.0,0.0,1.0
84,64,0,1,9.703149,47,0.540527,37,0.01965507,42,0.8889,1.0,0.2
84,47,,0,2.774736,73,0.561035,23,0.01956699,43,0.0,0.5,1.0
84,62,,0,16.528894,30,0.50293,67,0.01898513,44,0.0,0.5,0.6
84,100,,0,0.0,104,0.568848,18,0.01891807,45,0.6667,1.0,0.2
84,71,,0,6.925561,49,0.537598,44,0.0187897,46,0.0,0.5,1.0
84,33,,0,3.003651,68,0.54541,32,0.01868207,47,0.0,0.0,0.5
84,93,,0,12.920829,39,0.517578,58,0.01857559,48,0.0,0.0,0.5
84,1,0,1,1.942734,83,0.553223,28,0.01835664,49,0.0,0.0,0.5
84,2,,0,12.618206,41,0.512207,61,0.01816545,50,0.0,0.5,0.6
85,66,2,1,48.350814,2,0.691895,1,0.03252247,1,1.0,1.0,0.5
85,68,1,1,52.871102,1,0.636719,3,0.03226646,2,0.75,0.5,0.6
85,65,3,1,20.078149,5,0.633789,4,0.03100962,3,1.0,0.5,1.0
85,94,0,1,10.30319,14,0.647949,2,0.02964255,4,1.0,1.0,0.2
85,67,2,1,14.267726,9,0.581055,9,0.02898551,5,1.0,1.0,0.5
85,50,0,1,26.82373,3,0.558594,27,0.02736727,6,1.0,1.0,0.6
85,63,0,1,10.05175,15,0.574219,12,0.02722222,7,1.0,1.0,0.5
85,71,1,1,8.428897,26,0.602051,5,0.02701252,8,1.0,1.0,1.0
85,72,1,1,16.239995,8,0.559082,25,0.02647059,9,0.75,0.5,0.5
85,31,,0,10.819794,13,0.56543,19,0.02635686,10,1.0,1.0,0.5
85,82,0,1,9.539979,18,0.570312,15,0.02615385,11,1.0,1.0,0.2
85,59,0,1,8.630402,25,0.575195,11,0.02584921,12,1.0,1.0,1.0
85,29,0,1,12.942844,10,0.553711,30,0.02539683,13,1.0,0.5,1.0
85,40,,0,9.330029,19,0.558594,26,0.02428613,14,1.0,0.5,0.2
85,70,1,1,6.265312,40,0.577637,10,0.02428571,15,1.0,1.0,0.2
85,91,0,1,18.005255,7,0.526855,50,0.02401628,16,1.0,1.0,0.5
85,69,,0,9.319377,20,0.55127,32,0.02336957,17,1.0,0.5,0.5
85,86,0,1,18.007353,6,0.509277,62,0.02334824,18,0.6875,1.0,0.6
85,64,0,1,4.72139,56,0.590332,8,0.02332657,19,0.8125,0.5,0.2
85,32,0,1,7.952703,30,0.561035,22,0.02330623,20,0.625,0.5,0.6
85,19,,0,8.706539,24,0.555664,29,0.02314072,21,1.0,1.0,0.5
85,46,,0,5.619287,47,0.572754,14,0.02285931,22,1.0,1.0,0.2
85,55,,0,11.099561,12,0.521484,53,0.02273845,23,1.0,1.0,0.5
85,7,0,1,3.747324,74,0.591309,7,0.02238806,24,1.0,1.0,0.5
85,95,0,1,12.012681,11,0.512695,61,0.02234897,25,1.0,1.0,1.0
85,77,0,1,22.477517,4,0.473633,89,0.02233641,26,1.0,0.5,1.0
85,34,,0,9.765644,17,0.530273,47,0.02233281,27,0.875,1.0,0.2
85,3,0,1,6.251088,41,0.560059,23,0.02194918,28,1.0,1.0,0.5
85,30,0,1,8.784363,23,0.533691,41,0.02194918,29,1.0,1.0,0.5
85,96,0,1,2.115497,89,0.597656,6,0.02186292,30,0.5625,0.5,0.5
85,18,,0,4.863505,55,0.569824,16,0.02185355,31,1.0,1.0,0.5
85,81,,0,6.083246,45,0.558105,28,0.02088745,32,1.0,0.5,0.5
85,49,,0,8.97829,22,0.51416,60,0.02052846,33,1.0,0.5,0.5
85,6,0,1,3.895055,73,0.567383,17,0.02050581,34,1.0,1.0,0.5
85,4,,0,8.193351,27,0.523438,51,0.02050326,35,1.0,0.5,0.2
85,60,,0,2.148133,88,0.573242,13,0.02045539,36,0.9375,0.5,0.5
85,58,,0,7.612655,33,0.532227,45,0.0202765,37,1.0,1.0,0.2
85,99,0,1,6.097397,44,0.547852,34,0.02025368,38,1.0,1.0,0.5
85,47,,0,4.173376,67,0.563477,21,0.02021969,39,1.0,1.0,1.0
85,33,,0,6.245092,42,0.544434,38,0.020008,40,0.25,0.5,0.5
85,53,,0,9.18444,21,0.495361,72,0.01992144,41,1.0,0.5,1.0
85,36,,0,2.911006,82,0.566895,18,0.01986277,42,1.0,0.5,0.5
85,62,,0,8.018987,29,0.516602,58,0.01971053,43,1.0,1.0,0.6
85,87,,0,9.906421,16,0.459229,96,0.01956815,44,0.5625,1.0,0.5
85,54,,0,5.261852,51,0.54541,36,0.01942568,45,1.0,1.0,0.5
85,93,0,1,3.645541,76,0.560059,24,0.0192577,46,1.0,0.5,0.5
85,90,,0,7.378009,36,0.519531,54,0.0191886,47,1.0,1.0,0.5
85,80,,0,1.472418,97,0.564941,20,0.01886943,48,0.5,0.5,0.6
85,2,0,1,3.953623,72,0.552734,31,0.01856477,49,1.0,1.0,0.6
85,61,,0,7.624206,32,0.500488,70,0.01856187,50,0.875,0.5,0.5
86,69,3,1,137.051896,1,0.744141,1,0.03278689,1,1.0,1.0,0.5
86,36,0,1,52.840557,5,0.619629,4,0.03100962,2,1.0,0.0,0.5
86,71,2,1,82.882129,2,0.610352,9,0.03062179,3,1.0,0.5,1.0
86,58,1,1,71.734448,3,0.61084,8,0.0305789,4,1.0,0.5,0.2
86,72,1,1,41.619837,8,0.622559,3,0.0305789,5,0.5,0.0,0.5
86,33,0,1,35.915976,13,0.615723,7,0.028624,6,0.5,1.0,0.5
86,17,0,1,40.484312,9,0.603516,12,0.02838164,7,1.0,1.0,1.0
86,20,0,1,38.795162,10,0.60791,11,0.02837022,8,0.625,0.0,0.6
86,37,0,1,43.518877,7,0.595703,16,0.02808327,9,0.75,1.0,0.5
86,18,0,1,51.146447,6,0.58252,25,0.02691622,10,1.0,0.5,0.5
86,70,2,1,19.261236,30,0.619141,5,0.02649573,11,1.0,0.5,0.2
86,45,,0,38.224784,12,0.587891,20,0.02638889,12,1.0,1.0,0.5
86,86,,0,28.816744,19,0.590332,19,0.02531646,13,0.4375,0.5,0.6
86,46,0,1,17.171504,33,0.608887,10,0.0250384,14,1.0,0.5,0.2
86,59,,0,38.313277,11,0.564941,33,0.0248372,15,1.0,0.5,1.0
86,34,,0,34.628859,15,0.578613,27,0.02482759,16,1.0,0.5,0.2
86,38,0,1,61.260835,4,0.547852,49,0.02479931,17,1.0,0.5,0.6
86,19,,0,26.25467,21,0.583984,23,0.02439387,18,1.0,0.5,0.5
86,47,0,1,22.52522,25,0.587402,22,0.02395983,19,1.0,0.5,1.0
86,32,0,1,18.175868,32,0.592773,17,0.02385658,20,0.375,0.0,0.6
86,30,0,1,9.323755,60,0.616699,6,0.02348485,21,1.0,0.5,0.5
86,6,0,1,4.785923,77,0.624512,2,0.0234283,22,1.0,0.5,0.5
86,92,,0,33.711428,16,0.562988,38,0.02336198,23,0.5,0.0,0.6
86,91,,0,13.172833,43,0.597168,15,0.02304207,24,1.0,0.5,0.5
86,39,,0,34.634065,14,0.550293,48,0.02277277,25,1.0,0.5,0.5
86,15,,0,25.787289,22,0.551758,44,0.02181051,26,1.0,0.5,0.5
86,7,,0,16.981222,34,0.569824,32,0.02150786,27,1.0,0.5,0.5
86,54,0,1,13.254362,40,0.578125,28,0.02136364,28,1.0,0.5,0.5
86,52,,0,18.498041,31,0.558594,40,0.02098901,29,0.375,0.0,0.2
86,82,,0,22.388251,26,0.551758,47,0.0209737,30,1.0,0.5,0.2
86,48,,0,13.965606,37,0.564453,34,0.02094758,31,0.6875,0.0,0.5
86,21,,0,29.365043,18,0.519531,70,0.02051282,32,1.0,1.0,0.5
86,8,0,1,2.784933,86,0.600098,14,0.02036283,33,0.5625,0.0,0.6
86,14,,0,26.610779,20,0.520996,68,0.0203125,34,1.0,0.5,0.6
86,35,0,1,5.517508,75,0.59082,18,0.02022792,35,1.0,0.5,1.0
86,60,,0,13.525181,39,0.560547,39,0.02020202,36,0.6875,0.0,0.5
86,26,0,1,7.445471,68,0.587402,21,0.02015818,37,1.0,0.5,0.6
86,29,0,1,1.494521,97,0.603027,13,0.02006806,38,1.0,1.0,1.0
86,64,,0,7.837691,65,0.580566,26,0.01962791,39,0.5625,0.0,0.2
86,89,,0,21.459315,27,0.525879,64,0.01955877,40,1.0,1.0,1.0
86,53,,0,19.794634,29,0.529297,61,0.01950042,41,1.0,1.0,1.0
86,73,0,1,32.000134,17,0.460938,97,0.01935644,42,1.0,1.0,0.5
86,68,,0,23.73771,24,0.514648,75,0.01931217,43,0.5,0.0,0.6
86,23,0,1,11.009703,54,0.563965,35,0.01929825,44,1.0,0.5,1.0
86,9,,0,20.7327,28,0.523926,67,0.01923765,45,1.0,1.0,0.5
86,66,,0,12.411476,47,0.556641,42,0.01914972,46,1.0,0.5,0.5
86,67,,0,25.713899,23,0.499756,82,0.01909045,47,1.0,0.5,0.5
86,5,,0,8.539326,62,0.563477,37,0.018506,48,1.0,1.0,1.0
86,31,,0,1.902427,94,0.583008,24,0.01839827,49,0.875,0.5,0.5
86,56,,0,13.254362,41,0.534668,58,0.01837557,50,0.4375,0.0,0.6
87,70,3,1,99.052784,1,0.716309,1,0.03278689,1,1.0,1.0,0.2
87,72,1,1,71.291807,2,0.697754,2,0.03225806,2,0.875,0.5,0.5
87,71,2,1,45.670661,4,0.587891,9,0.03011775,3,1.0,1.0,1.0
87,15,0,1,60.740434,3,0.579102,11,0.02995752,4,1.0,1.0,0.5
87,68,1,1,44.532525,6,0.584961,10,0.02943723,5,0.875,0.5,0.6
87,31,0,1,10.82426,20,0.612793,3,0.02837302,6,1.0,1.0,0.5
87,7,0,1,17.053302,15,0.589844,7,0.02825871,7,1.0,1.0,0.5
87,69,2,1,44.534073,5,0.563965,20,0.02788462,8,1.0,0.5,0.5
87,6,0,1,13.70488,16,0.588379,8,0.02786378,9,1.0,1.0,0.5
87,35,0,1,23.547765,8,0.570312,16,0.02786378,10,0.9375,1.0,1.0
87,28,0,1,19.78877,11,0.576172,13,0.02778314,11,0.875,0.5,0.2
87,96,0,1,5.657937,32,0.59375,4,0.02649457,12,0.6875,0.5,0.5
87,19,,0,10.81531,21,0.574219,14,0.02585919,13,1.0,1.0,0.5
87,51,0,1,5.225901,37,0.592773,5,0.02569389,14,1.0,1.0,0.5
87,66,1,1,23.307473,9,0.537598,31,0.02548176,15,1.0,1.0,0.5
87,86,,0,11.548418,19,0.548828,27,0.02415248,16,0.8125,1.0,0.6
87,50,0,1,6.519263,30,0.569824,17,0.02409812,17,1.0,1.0,0.6
87,65,0,1,19.041032,12,0.52002,38,0.02409297,18,1.0,0.5,1.0
87,30,,0,13.007434,18,0.54248,29,0.02405647,19,1.0,1.0,0.5
87,32,,0,4.782984,40,0.579102,12,0.02388889,20,0.75,0.5,0.6
87,80,,0,8.976306,23,0.550781,25,0.0238129,21,0.625,0.5,0.6
87,29,,0,4.925137,39,0.570312,15,0.02343434,22,1.0,0.5,1.0
87,67,1,1,25.588309,7,0.489502,67,0.02279939,23,1.0,1.0,0.5
87,60,1,1,2.072421,72,0.592773,6,0.02272727,24,1.0,0.5,0.5
87,8,,0,17.78761,14,0.5,55,0.02220917,25,0.9375,0.5,0.6
87,33,,0,10.473534,22,0.515625,40,0.02219512,26,0.125,0.5,0.5
87,5,,0,18.801067,13,0.496826,60,0.02203196,27,0.875,0.5,1.0
87,85,,0,3.92031,44,0.5625,21,0.02196106,28,1.0,0.5,0.5
87,87,,0,4.229512,42,0.558594,23,0.02185211,29,0.6875,1.0,0.5
87,3,,0,3.381799,49,0.565918,19,0.02183254,30,1.0,1.0,0.5
87,40,,0,6.274009,31,0.522461,34,0.02162731,31,1.0,0.5,0.2
87,55,,0,8.636107,24,0.512695,44,0.02152015,32,1.0,1.0,0.5
87,25,,0,13.045941,17,0.498535,58,0.02146159,33,0.875,0.5,0.5
87,94,0,1,3.601061,48,0.560547,22,0.02145438,34,1.0,1.0,0.2
87,11,0,1,20.927089,10,0.447266,88,0.02104247,35,1.0,1.0,1.0
87,26,,0,8.236539,25,0.506348,52,0.02069328,36,1.0,1.0,0.6
87,12,,0,6.595374,29,0.512207,47,0.02058175,37,1.0,0.5,0.5
87,64,0,1,2.064017,73,0.568359,18,0.02033931,38,0.9375,0.5,0.2
87,81,,0,5.548086,34,0.512695,46,0.02007226,39,1.0,0.5,0.5
87,20,0,1,7.035863,26,0.496826,61,0.01989237,40,1.0,0.5,0.6
87,46,0,1,3.134247,51,0.530273,32,0.01987857,41,1.0,1.0,0.2
87,2,,0,6.762419,28,0.496094,62,0.01956036,42,1.0,1.0,0.6
87,13,,0,7.031409,27,0.493652,64,0.01955877,43,1.0,0.5,0.5
87,36,,0,3.725602,47,0.516113,39,0.0194468,44,1.0,0.5,0.5
87,49,,0,2.417129,65,0.542969,28,0.01936364,45,1.0,0.5,0.5
87,59,,0,3.921557,43,0.512695,45,0.01923255,46,1.0,1.0,1.0
87,90,0,1,5.018248,38,0.508789,51,0.01921309,47,1.0,1.0,0.5
87,18,,0,0.932834,87,0.558105,24,0.01870748,48,1.0,1.0,0.5
87,99,0,1,2.544564,63,0.522461,35,0.0186564,49,1.0,1.0,0.5
87,63,,0,2.834966,56,0.515137,42,0.01842461,50,1.0,1.0,0.5
88,71,3,1,160.459136,1,0.769531,1,0.03278689,1,1.0,1.0,1.0
88,3,0,1,54.970546,3,0.658203,2,0.03200205,2,0.875,1.0,0.5
88,69,2,1,64.577812,2,0.634766,3,0.03200205,3,0.875,0.5,0.5
88,4,0,1,47.757017,7,0.633301,4,0.03055037,4,1.0,0.5,0.2
88,24,0,1,48.873661,5,0.616211,6,0.03053613,5,1.0,0.5,0.5
88,99,1,1,54.456904,4,0.592285,12,0.02951389,6,1.0,1.0,0.5
88,6,0,1,36.332545,11,0.612305,8,0.02879039,7,1.0,1.0,0.5
88,36,0,1,34.380585,13,0.614258,7,0.028624,8,1.0,0.5,0.5
88,63,0,1,37.789728,9,0.589355,14,0.02800627,9,1.0,1.0,0.5
88,34,0,1,33.772198,14,0.594727,11,0.02759802,10,0.625,1.0,0.2
88,100,,0,36.28042,12,0.58252,17,0.0268759,11,1.0,0.5,0.2
88,31,0,1,22.015237,22,0.597656,9,0.02668788,12,1.0,1.0,0.5
88,18,0,1,37.689754,10,0.574707,22,0.02648084,13,1.0,1.0,0.5
88,1,0,1,12.311287,34,0.628418,5,0.02602291,14,0.625,0.5,0.5
88,82,,0,29.294047,17,0.580078,18,0.02580753,15,1.0,1.0,0.2
88,26,0,1,29.115627,18,0.579102,19,0.02547874,16,1.0,1.0,0.6
88,37,0,1,48.002061,6,0.523438,50,0.02424242,17,0.25,0.5,0.5
88,19,0,1,7.484233,45,0.59668,10,0.02380952,18,1.0,1.0,0.5
88,59,,0,25.383348,20,0.55957,29,0.02373596,19,1.0,1.0,1.0
88,33,0,1,17.76333,30,0.575684,20,0.02361111,20,0.0,0.5,0.5
88,88,,0,30.977148,16,0.541016,40,0.02315789,21,0.5,0.5,0.2
88,58,,0,19.359312,26,0.554688,33,0.0223806,22,1.0,1.0,0.2
88,10,0,1,6.10086,51,0.584961,15,0.02234234,23,0.8125,1.0,0.2
88,96,,0,8.490161,43,0.575195,21,0.02205442,24,0.8125,0.5,0.5
88,12,,0,19.451101,25,0.541992,39,0.02186572,25,1.0,0.5,0.5
88,38,0,1,40.361694,8,0.466553,86,0.0215552,26,0.8125,1.0,0.6
88,25,0,1,17.293036,31,0.548828,35,0.02151533,27,0.75,0.5,0.5
88,7,,0,3.967757,69,0.589355,13,0.02145057,28,1.0,1.0,0.5
88,70,,0,10.765735,37,0.55957,30,0.02142039,29,1.0,1.0,0.2
88,2,0,1,4.797503,63,0.58252,16,0.02128798,30,1.0,1.0,0.6
88,86,0,1,28.822646,19,0.517578,58,0.0211328,31,0.9375,1.0,0.6
88,39,,0,33.16905,15,0.490967,74,0.02079602,32,1.0,1.0,0.5
88,94,,0,18.606048,28,0.523926,48,0.0206229,33,1.0,1.0,0.2
88,28,,0,5.570553,57,0.569824,23,0.0205952,34,1.0,0.5,0.2
88,84,,0,6.261543,50,0.562012,28,0.02045455,35,0.875,0.5,0.5
88,60,1,1,5.968953,54,0.5625,26,0.02039984,36,1.0,0.5,0.5
88,64,,0,5.987778,53,0.5625,27,0.02034381,37,1.0,0.5,0.2
88,45,,0,11.872027,35,0.532715,44,0.0201417,38,0.625,0.5,0.5
88,15,,0,9.61503,38,0.540039,41,0.02010507,39,1.0,1.0,0.5
88,62,,0,22.807844,21,0.498291,70,0.02003799,40,1.0,1.0,0.6
88,11,,0,16.992285,32,0.520996,53,0.01971912,41,1.0,1.0,1.0
88,93,,0,18.987062,27,0.515137,62,0.01969097,42,1.0,0.5,0.5
88,46,,0,3.229466,73,0.568359,25,0.0192835,43,1.0,1.0,0.2
88,57,,0,11.031283,36,0.520996,54,0.0191886,44,0.5,0.5,0.5
88,92,,0,4.805855,62,0.555664,32,0.01906629,45,1.0,0.5,0.6
88,104,,0,9.212681,39,0.522461,52,0.01902958,46,1.0,0.5,0.6
88,52,,0,8.313742,44,0.530273,47,0.01896118,47,0.875,0.5,0.2
88,76,0,1,17.775958,29,0.496094,71,0.01886954,48,0.6875,0.5,0.2
88,27,0,1,9.169141,41,0.520508,55,0.01859664,49,1.0,1.0,0.5
88,78,,0,21.870045,23,0.444092,93,0.01858414,50,1.0,1.0,0.5
89,72,3,1,142.567884,1,0.835938,1,0.03278689,1,0.8889,1.0,0.5
89,70,1,1,42.925536,3,0.637207,2,0.03200205,2,0.0,0.5,0.2
89,86,1,1,52.822052,2,0.626953,3,0.03200205,3,1.0,0.5,0.6
89,91,0,1,32.149898,4,0.595703,5,0.03100962,4,0.0,0.5,0.5
89,15,0,1,31.184178,6,0.566895,12,0.0290404,5,0.0,0.5,0.5
89,68,1,1,18.803671,11,0.574707,8,0.02879039,6,0.8889,1.0,0.6
89,69,1,1,25.863924,8,0.570801,11,0.02879039,7,0.0,0.0,0.5
89,46,0,1,11.418147,28,0.597656,4,0.02698864,8,0.0,0.5,0.2
89,104,0,1,32.002731,5,0.532715,28,0.02674825,9,0.4444,1.0,0.6
89,40,0,1,16.570934,13,0.545898,20,0.02619863,10,0.3333,1.0,0.2
89,85,1,1,11.563908,26,0.57373,9,0.02612066,11,0.3333,0.0,0.5
89,31,0,1,14.20852,18,0.546387,19,0.02547874,12,0.2222,0.5,0.5
89,71,1,1,19.467947,10,0.529297,30,0.02539683,13,0.0,0.5,1.0
89,92,0,1,12.485612,23,0.554688,16,0.02520609,14,0.8889,1.0,0.6
89,23,0,1,27.597155,7,0.506836,44,0.02454076,15,0.0,0.5,1.0
89,19,,0,16.209617,14,0.51416,36,0.02393018,16,0.0,0.5,0.5
89,50,0,1,5.107174,44,0.5625,14,0.0231289,17,0.0,0.5,0.6
89,100,0,1,20.1669,9,0.494141,56,0.02311344,18,0.5556,1.0,0.2
89,52,0,1,3.007306,55,0.571777,10,0.02298137,19,1.0,1.0,0.2
89,26,,0,4.923097,45,0.556641,15,0.02285714,20,0.0,0.5,0.6
89,32,,0,12.546142,22,0.520996,35,0.02272144,21,1.0,1.0,0.6
89,47,,0,13.645061,19,0.511719,40,0.02265823,22,0.0,0.5,1.0
89,87,1,1,1.437266,74,0.582031,6,0.0226142,23,1.0,0.5,0.5
89,66,0,1,10.623842,30,0.535645,27,0.02260536,24,0.0,0.5,0.5
89,89,0,1,17.735864,12,0.494141,55,0.02258454,25,0.0,0.0,1.0
89,6,,0,9.056085,35,0.537598,23,0.02257451,26,0.0,0.5,0.5
89,51,0,1,5.963651,39,0.540527,21,0.02244669,27,0.3333,0.5,0.5
89,49,0,1,1.475535,73,0.577148,7,0.02244417,28,0.0,0.0,0.5
89,64,,0,9.703149,33,0.536133,26,0.0223806,29,0.7778,1.0,0.2
89,25,,0,6.016199,38,0.536621,24,0.02210884,30,0.0,0.0,0.5
89,58,1,1,6.876832,37,0.536621,25,0.02207398,31,0.0,0.5,0.2
89,20,,0,16.088166,15,0.491943,59,0.02173669,32,0.6667,1.0,0.6
89,88,,0,2.514715,60,0.550293,17,0.02132035,33,1.0,1.0,0.2
89,12,,0,3.721453,50,0.538086,22,0.02128603,34,0.1111,1.0,0.5
89,65,,0,12.125897,24,0.497314,52,0.02083333,35,0.0,0.0,1.0
89,24,,0,11.771993,25,0.496582,53,0.02061426,36,0.8889,1.0,0.5
89,60,1,1,0.0,93,0.564941,13,0.02023458,37,0.5556,1.0,0.5
89,2,,0,9.560826,34,0.505859,45,0.02016211,38,0.0,0.5,0.6
89,90,,0,14.821441,17,0.4729,81,0.02007921,39,0.0,0.5,0.5
89,102,,0,15.71531,16,0.453125,87,0.01996062,40,0.0,0.5,0.5
89,94,,0,5.294844,43,0.513184,39,0.01980975,41,0.2222,0.5,0.2
89,53,,0,5.752444,40,0.507812,43,0.01970874,42,0.0,0.0,1.0
89,35,,0,0.0,88,0.547363,18,0.01957727,43,0.0,0.5,1.0
89,54,,0,2.914784,56,0.526855,32,0.01949025,44,0.0,0.5,0.5
89,10,,0,2.773533,57,0.520996,34,0.01918531,45,0.0,0.5,0.2
89,39,,0,12.812075,20,0.44458,93,0.01903595,46,0.0,0.5,0.5
89,67,,0,10.972846,29,0.485352,69,0.01898789,47,0.0,0.5,0.5
89,8,,0,8.100504,36,0.490234,62,0.01861339,48,0.7778,1.0,0.6
89,103,,0,12.755325,21,0.397217,103,0.01848065,49,0.0,0.5,0.5
89,28,,0,2.456464,61,0.513184,38,0.01846854,50,0.8889,1.0,0.2
90,72,1,1,34.44678,4,0.641113,1,0.03201844,1,0.75,0.5,0.5
90,70,2,1,38.089764,3,0.628906,2,0.03200205,2,1.0,1.0,0.2
90,71,3,1,56.595068,2,0.615234,3,0.03200205,3,1.0,1.0,1.0
90,15,0,1,33.753458,5,0.591797,7,0.03030999,4,1.0,1.0,0.5
90,3,0,1,10.535136,10,0.593262,6,0.02943723,5,1.0,1.0,0.5
90,1,0,1,10.007711,12,0.595703,5,0.0292735,6,0.875,0.5,0.5
90,52,0,1,20.158989,6,0.572754,11,0.02923602,7,0.625,0.5,0.2
90,99,1,1,59.174125,1,0.553223,19,0.02905167,8,1.0,1.0,0.5
90,35,0,1,9.574123,13,0.584473,8,0.02840451,9,1.0,1.0,1.0
90,69,2,1,18.392958,7,0.561523,16,0.02808327,10,1.0,0.5,0.5
90,36,0,1,9.412963,14,0.549805,23,0.02556171,11,1.0,0.5,0.5
90,6,,0,8.068981,17,0.547852,25,0.02475172,12,1.0,1.0,0.5
90,86,,0,5.668413,30,0.56543,15,0.02444444,13,0.6875,1.0,0.6
90,57,1,1,6.255303,24,0.542969,26,0.02353267,14,0.75,0.5,0.5
90,19,,0,7.666228,18,0.533203,35,0.02334683,15,1.0,1.0,0.5
90,5,0,1,11.687742,9,0.501953,53,0.02334231,16,1.0,0.5,1.0
90,26,0,1,6.204626,25,0.541992,27,0.02325896,17,1.0,1.0,0.6
90,76,0,1,15.628028,8,0.494385,60,0.02303922,18,0.4375,0.5,0.2
90,50,0,1,3.371889,55,0.577637,10,0.02298137,19,1.0,1.0,0.6
90,49,0,1,1.579669,76,0.598145,4,0.02297794,20,1.0,0.5,0.5
90,60,1,1,2.593441,61,0.583496,9,0.02275722,21,0.9375,0.5,0.5
90,51,0,1,4.081442,43,0.553711,18,0.02252925,22,1.0,1.0,0.5
90,96,,0,3.202021,56,0.571289,12,0.02250958,23,0.5625,0.5,0.5
90,2,0,1,2.890393,57,0.56543,14,0.02206052,24,1.0,1.0,0.6
90,33,,0,5.509292,33,0.540039,30,0.0218638,25,0.25,0.5,0.5
90,12,0,1,5.14018,36,0.540527,28,0.0217803,26,1.0,0.5,0.5
90,10,,0,3.766398,46,0.551758,21,0.02177964,27,1.0,1.0,0.2
90,65,0,1,10.116246,11,0.483887,72,0.02166026,28,1.0,0.5,1.0
90,13,,0,6.658882,21,0.502441,51,0.02135469,29,1.0,0.5,0.5
90,4,,0,4.603256,39,0.540039,29,0.02133697,30,1.0,0.5,0.2
90,82,,0,6.803719,20,0.501465,55,0.02119565,31,1.0,1.0,0.2
90,64,,0,2.578766,62,0.556152,17,0.02118373,32,0.8125,0.5,0.2
90,91,,0,4.995301,37,0.527832,37,0.02061856,33,1.0,1.0,0.5
90,58,,0,4.12763,42,0.534668,33,0.02055661,34,1.0,1.0,0.2
90,87,0,1,1.209245,86,0.566406,13,0.02054795,35,0.5625,1.0,0.5
90,8,,0,8.921386,15,0.459961,88,0.02009009,36,0.8125,0.5,0.6
90,92,0,1,1.633613,74,0.550293,22,0.01965781,37,0.75,0.5,0.6
90,28,,0,1.257417,82,0.552734,20,0.01954225,38,0.75,0.5,0.2
90,95,,0,6.912762,19,0.462158,86,0.01950754,39,1.0,1.0,1.0
90,53,,0,6.611596,22,0.475098,77,0.01949439,40,1.0,0.5,1.0
90,90,,0,5.69819,29,0.492188,62,0.01943268,41,1.0,1.0,0.5
90,32,,0,3.385434,54,0.53418,34,0.01941023,42,0.625,0.5,0.6
90,42,,0,8.103039,16,0.405762,100,0.01940789,43,0.75,1.0,0.5
90,63,,0,6.143188,26,0.486328,71,0.01926149,44,1.0,1.0,0.5
90,55,,0,5.704933,28,0.488281,67,0.01923765,45,1.0,1.0,0.5
90,59,1,1,5.175154,35,0.498535,56,0.01914701,46,1.0,1.0,1.0
90,100,,0,5.52836,32,0.493652,61,0.01913403,47,0.9375,0.5,0.2
90,46,0,1,1.259459,81,0.549316,24,0.01899696,48,1.0,1.0,0.2
90,67,,0,6.428303,23,0.463867,84,0.01899264,49,1.0,1.0,0.5
90,16,,0,3.675884,50,0.521973,42,0.01889483,50,0.6875,0.5,0.2
91,75,3,1,186.184401,1,0.756836,1,0.03278689,1,1.0,1.0,0.5
91,73,3,1,72.846361,2,0.655273,2,0.03225806,2,0.8333,0.5,0.5
91,74,3,1,59.726691,3,0.647461,3,0.03174603,3,1.0,1.0,0.6
91,77,0,1,26.556942,5,0.577148,5,0.03076923,4,0.6667,0.5,1.0
91,79,0,1,25.622434,6,0.555664,8,0.0298574,5,1.0,1.0,0.5
91,78,0,1,20.967937,10,0.57666,6,0.02943723,6,1.0,1.0,0.5
91,80,0,1,17.183181,19,0.572754,7,0.0275836,7,1.0,0.5,0.6
91,76,1,1,9.468196,34,0.581055,4,0.0262633,8,1.0,0.5,0.2
91,7,0,1,31.222721,4,0.501465,38,0.02582908,9,0.25,1.0,0.5
91,53,0,1,21.165673,9,0.506348,35,0.02501907,10,0.25,0.5,1.0
91,89,,0,18.991702,14,0.518066,27,0.02500777,11,0.0,0.5,1.0
91,93,,0,15.112666,22,0.522461,21,0.0245408,12,0.3333,0.5,0.5
91,23,,0,17.851709,15,0.51416,30,0.02444444,13,0.8333,1.0,1.0
91,90,0,1,6.853715,41,0.545898,10,0.0241867,14,0.5833,1.0,0.5
91,29,0,1,6.545284,42,0.535645,11,0.02388843,15,0.25,0.5,1.0
91,100,0,1,24.136093,7,0.481934,53,0.02377493,16,1.0,0.5,0.2
91,36,,0,15.36068,21,0.515625,29,0.02358163,17,0.8333,0.5,0.5
91,26,0,1,22.815407,8,0.472656,62,0.0229026,18,0.4167,1.0,0.6
91,95,,0,9.000696,35,0.520508,23,0.02257451,19,1.0,1.0,1.0
91,92,,0,5.713288,47,0.528809,16,0.02250369,20,1.0,0.5,0.6
91,54,0,1,5.261852,50,0.528809,15,0.02242424,21,0.75,1.0,0.5
91,15,,0,17.761482,16,0.486816,48,0.02241715,22,0.5833,1.0,0.5
91,66,,0,8.315725,36,0.519043,24,0.02232143,23,0.5833,1.0,0.5
91,9,0,1,6.31703,44,0.522461,20,0.02211538,24,0.0,0.5,0.5
91,81,0,1,19.784258,13,0.476318,59,0.02210199,25,0.25,0.5,0.5
91,8,,0,5.38165,49,0.522949,18,0.02199482,26,1.0,0.5,0.6
91,52,,0,10.948797,27,0.505859,36,0.02191092,27,1.0,0.5,0.2
91,14,0,1,3.646534,60,0.531738,14,0.02184685,28,0.8333,1.0,0.6
91,2,,0,10.522267,31,0.508789,34,0.02162731,29,0.4167,1.0,0.6
91,50,,0,16.680551,20,0.486328,50,0.02159091,30,0.8333,1.0,0.6
91,69,0,1,20.703164,12,0.45874,72,0.02146465,31,0.0,0.5,0.5
91,12,0,1,2.644821,69,0.532715,13,0.02145057,32,0.9167,0.5,0.5
91,18,,0,13.003993,24,0.489502,46,0.02133872,33,0.3333,1.0,0.5
91,25,,0,20.935894,11,0.453125,78,0.02133088,34,0.0,0.5,0.5
91,82,,0,12.377955,25,0.486572,49,0.02093902,35,0.75,1.0,0.2
91,5,,0,4.240219,55,0.521484,22,0.02089077,36,0.0,0.5,1.0
91,91,,0,5.077752,51,0.519043,25,0.02077371,37,0.75,1.0,0.5
91,64,0,1,0.0,100,0.545898,9,0.02074275,38,1.0,0.5,0.2
91,44,,0,2.444774,72,0.526367,17,0.02056277,39,0.75,0.5,0.6
91,43,0,1,10.486738,32,0.49292,44,0.02048495,40,0.0,1.0,0.5
91,96,,0,0.0,103,0.534668,12,0.02002386,41,1.0,0.5,0.5
91,103,,0,17.600943,17,0.449219,84,0.01993146,42,0.25,1.0,0.5
91,6,,0,1.481104,83,0.522461,19,0.01965123,43,0.6667,1.0,0.5
91,21,,0,17.444548,18,0.446533,88,0.01957727,44,0.1667,0.5,0.5
91,58,,0,6.407228,43,0.494141,42,0.01951266,45,0.1667,1.0,0.2
91,32,,0,10.577061,30,0.475342,60,0.01944444,46,1.0,0.5,0.6
91,10,,0,5.984633,46,0.494629,41,0.01933495,47,0.0,1.0,0.2
91,60,,0,10.637254,29,0.468994,67,0.01910997,48,1.0,0.5,0.5
91,3,,0,5.495454,48,0.492188,45,0.01878307,49,0.0,1.0,0.5
91,68,,0,6.921036,39,0.477539,56,0.0187217,50,1.0,0.5,0.6
92,74,3,1,90.554251,1,0.793457,1,0.03278689,1,0.9,1.0,0.6
92,73,2,1,41.356733,2,0.640137,4,0.03175403,2,0.4,0.5,0.5
92,75,2,1,38.346372,3,0.641113,3,0.03174603,3,1.0,1.0,0.5
92,76,1,1,26.154938,6,0.606934,7,0.03007689,4,1.0,0.5,0.2
92,93,0,1,30.822999,4,0.525879,21,0.02797068,5,0.0,0.5,0.5
92,62,0,1,18.795974,13,0.533691,15,0.02703196,6,0.0,1.0,0.6
92,78,0,1,9.548132,32,0.647461,2,0.0269986,7,0.8,1.0,0.5
92,77,0,1,12.589916,25,0.57666,8,0.02647059,8,0.2,0.5,1.0
92,55,0,1,15.472852,19,0.542969,13,0.02635686,9,0.5,1.0,0.5
92,29,,0,19.051607,12,0.520996,23,0.02593708,10,0.0,0.5,1.0
92,2,,0,18.372674,15,0.518555,25,0.02509804,11,0.0,1.0,0.6
92,80,0,1,7.496897,44,0.628906,5,0.025,12,1.0,0.5,0.6
92,35,0,1,20.64617,9,0.500488,37,0.02480203,13,0.0,1.0,1.0
92,79,,0,9.464299,33,0.560547,12,0.02464158,14,1.0,1.0,0.5
92,1,0,1,12.66169,24,0.528809,19,0.02456299,15,0.0,0.5,0.5
92,14,0,1,10.966639,27,0.529785,17,0.02448127,16,0.4,1.0,0.6
92,5,,0,10.270558,30,0.531738,16,0.02426901,17,0.0,0.5,1.0
92,54,0,1,30.382073,5,0.486816,53,0.02423417,18,0.3,1.0,0.5
92,61,,0,7.862853,41,0.5625,11,0.0239855,19,0.0,0.5,0.5
92,32,,0,9.117843,36,0.537598,14,0.02393018,20,1.0,0.5,0.6
92,40,0,1,20.530168,10,0.490479,46,0.02371968,21,0.7,0.5,0.2
92,64,0,1,4.002367,65,0.621094,6,0.02315152,22,1.0,0.5,0.2
92,39,0,1,11.361996,26,0.51709,27,0.02312216,23,0.0,1.0,0.5
92,97,0,1,22.39313,7,0.477783,64,0.02298989,24,0.0,0.5,0.5
92,90,0,1,5.018248,61,0.563965,10,0.02255018,25,0.1,1.0,0.5
92,20,,0,16.962888,16,0.488281,52,0.02208647,26,1.0,0.5,0.6
92,92,,0,18.494079,14,0.481201,60,0.02184685,27,1.0,0.5,0.6
92,71,0,1,21.137884,8,0.458984,81,0.02179808,28,0.0,1.0,1.0
92,15,,0,9.266177,35,0.513672,31,0.02151533,29,0.1,1.0,0.5
92,83,0,1,16.812881,18,0.484863,56,0.0214412,30,0.6,1.0,1.0
92,94,0,1,1.115198,86,0.570801,9,0.02134207,31,0.6,1.0,0.2
92,49,,0,10.490362,29,0.493164,44,0.02085134,32,0.0,0.5,0.5
92,30,,0,6.008505,53,0.519531,24,0.02075432,33,0.4,1.0,0.5
92,103,,0,7.978661,40,0.507324,33,0.02075269,34,0.0,1.0,0.5
92,69,,0,19.245621,11,0.435547,98,0.02041362,35,0.0,0.5,0.5
92,18,,0,8.219528,38,0.499756,38,0.02040816,36,0.0,1.0,0.5
92,95,,0,15.25774,21,0.471436,68,0.02015818,37,0.8,1.0,1.0
92,96,,0,3.522492,69,0.525879,22,0.01994706,38,1.0,0.5,0.5
92,68,0,1,15.408739,20,0.464111,75,0.01990741,39,1.0,0.5,0.6
92,51,0,1,6.331129,50,0.505859,34,0.01972921,40,0.7,1.0,0.5
92,11,,0,16.853953,17,0.450195,90,0.01965368,41,0.0,1.0,1.0
92,82,,0,2.263798,81,0.527344,20,0.0195922,42,0.3,1.0,0.2
92,50,,0,1.079618,88,0.529297,18,0.01957727,43,0.4,1.0,0.6
92,67,,0,9.922783,31,0.483154,59,0.01939237,44,0.4,1.0,0.5
92,100,,0,14.676265,22,0.459473,80,0.01933798,45,0.9,0.5,0.2
92,6,,0,3.370425,71,0.518555,26,0.01926149,46,0.2,1.0,0.5
92,91,,0,5.160703,60,0.510254,32,0.0192029,47,0.3,1.0,0.5
92,4,,0,7.014831,47,0.495361,42,0.01914972,48,0.6,0.5,0.2
92,10,,0,8.062471,39,0.485352,54,0.01887294,49,0.0,1.0,0.2
92,56,,0,6.008505,54,0.498779,40,0.01877193,50,1.0,0.5,0.6
93,73,3,1,115.351929,1,0.782227,1,0.03278689,1,1.0,1.0,0.5
93,74,2,1,62.128749,4,0.688965,2,0.03175403,2,1.0,0.5,0.6
93,75,2,1,65.041407,3,0.661133,3,0.03174603,3,1.0,0.5,0.5
93,66,0,1,75.234719,2,0.583496,9,0.03062179,4,1.0,0.5,0.5
93,95,0,1,28.469543,11,0.588379,5,0.02946912,5,1.0,0.5,1.0
93,76,1,1,18.096652,20,0.591797,4,0.028125,6,0.6429,0.0,0.2
93,58,0,1,28.522708,10,0.543945,17,0.02727273,7,0.8571,0.5,0.2
93,89,0,1,43.172426,6,0.522949,23,0.02719971,8,0.5714,1.0,1.0
93,17,0,1,26.481433,13,0.552734,15,0.02703196,9,0.7143,1.0,1.0
93,9,0,1,38.211547,7,0.520996,26,0.02655328,10,0.2857,1.0,0.5
93,93,,0,22.225711,14,0.540039,20,0.02601351,11,1.0,1.0,0.5
93,8,,0,21.936014,15,0.540527,19,0.02599156,12,1.0,0.0,0.6
93,92,0,1,34.728505,9,0.514648,28,0.02585639,13,1.0,0.0,0.6
93,23,,0,17.049544,23,0.561523,13,0.02574682,14,1.0,0.5,1.0
93,30,0,1,11.652717,36,0.587891,6,0.02556818,15,1.0,0.5,0.5
93,65,0,1,35.54891,8,0.503906,42,0.0245098,16,0.7143,1.0,1.0
93,69,0,1,45.479144,5,0.48999,50,0.02447552,17,0.7143,1.0,0.5
93,77,0,1,7.132772,50,0.586914,7,0.02401628,18,1.0,1.0,1.0
93,53,,0,21.327753,17,0.507812,34,0.02362531,19,0.9286,1.0,1.0
93,5,,0,14.130354,29,0.529297,22,0.02343108,20,0.5714,1.0,1.0
93,22,,0,14.799664,27,0.521484,25,0.02325896,21,1.0,0.5,0.2
93,29,0,1,5.886589,58,0.583984,8,0.02318046,22,0.9286,1.0,1.0
93,79,0,1,6.071607,56,0.579102,10,0.0229064,23,1.0,0.5,0.5
93,78,,0,6.279345,54,0.571289,11,0.02285644,24,1.0,0.5,0.5
93,37,,0,17.117917,22,0.504883,38,0.0223992,25,0.0,1.0,0.5
93,97,,0,26.644674,12,0.483887,58,0.02236347,26,0.1429,1.0,0.5
93,35,,0,18.855762,18,0.481934,61,0.02108498,27,0.6429,0.5,1.0
93,6,,0,4.685121,68,0.545898,16,0.02097039,28,1.0,0.5,0.5
93,33,,0,13.467543,31,0.496094,45,0.02051282,29,0.0,1.0,0.5
93,90,,0,13.3255,32,0.496826,44,0.02048495,30,1.0,0.5,0.5
93,25,,0,18.36789,19,0.464111,68,0.02047073,31,0.5714,1.0,0.5
93,26,,0,15.998156,24,0.483398,59,0.02030812,32,1.0,0.5,0.6
93,94,,0,5.464072,59,0.522461,24,0.02030812,33,1.0,0.5,0.2
93,91,,0,11.87941,35,0.500488,43,0.02023505,34,1.0,0.5,0.5
93,14,,0,8.618349,45,0.506836,35,0.02005013,35,1.0,0.5,0.6
93,64,0,1,0.0,103,0.564941,12,0.02002386,36,1.0,0.0,0.2
93,20,,0,8.871194,42,0.503906,39,0.01990493,37,1.0,0.0,0.6
93,80,,0,0.870721,98,0.55957,14,0.01984263,38,0.7143,0.0,0.6
93,81,,0,15.718612,26,0.476074,65,0.01962791,39,0.9286,1.0,0.5
93,96,,0,2.256424,87,0.541504,18,0.01962323,40,0.7857,0.0,0.5
93,36,,0,7.837691,48,0.505371,37,0.01956854,41,1.0,0.0,0.5
93,101,,0,21.927737,16,0.417969,98,0.01948701,42,0.1429,1.0,1.0
93,42,,0,10.072431,39,0.494629,47,0.0194468,43,0.2857,0.5,0.5
93,72,,0,17.180727,21,0.443115,83,0.01933869,44,1.0,0.0,0.5
93,54,,0,2.20906,88,0.530762,21,0.01910244,45,1.0,0.5,0.5
93,56,0,1,4.856794,67,0.513672,30,0.01898513,46,0.9286,0.0,0.6
93,86,,0,14.390751,28,0.461914,73,0.01888243,47,0.9286,0.5,0.6
93,82,,0,7.927408,46,0.496094,46,0.01886792,48,1.0,0.5,0.2
93,12,,0,5.173883,64,0.507812,33,0.0188172,49,1.0,0.0,0.5
93,100,,0,15.880131,25,0.436279,89,0.01847612,50,1.0,0.0,0.2
94,76,3,1,109.159357,1,0.684082,2,0.03252247,1,1.0,1.0,0.2
94,73,1,1,31.391412,3,0.626465,3,0.03174603,2,0.0,0.0,0.5
94,75,1,1,19.440079,13,0.591797,5,0.02908325,3,0.375,0.5,0.5
94,74,1,1,13.097194,20,0.692871,1,0.02889344,4,0.125,0.5,0.6
94,3,0,1,21.444627,9,0.54541,10,0.02877847,5,0.0,0.5,0.5
94,96,0,1,20.692901,10,0.550293,9,0.02877847,6,0.875,1.0,0.5
94,7,0,1,21.851449,8,0.535645,13,0.02840451,7,0.0,0.5,0.5
94,64,0,1,11.732516,23,0.604492,4,0.02767319,8,0.375,1.0,0.2
94,6,0,1,11.803814,22,0.55127,8,0.026901,9,0.0,0.5,0.5
94,78,0,1,9.789123,30,0.554199,7,0.02603648,10,0.0,0.5,0.5
94,65,0,1,41.504758,2,0.496338,41,0.02603002,11,0.0,0.0,1.0
94,5,0,1,19.449938,12,0.512207,23,0.02593708,12,0.0,0.0,1.0
94,12,0,1,24.315062,7,0.501953,34,0.02556367,13,0.0,1.0,0.5
94,95,,0,11.677762,24,0.520508,19,0.02456299,14,0.0,0.5,1.0
94,100,0,1,29.156107,4,0.483154,58,0.02409958,15,0.125,1.0,0.2
94,82,0,1,24.347787,6,0.483887,57,0.02369852,16,0.0,0.5,0.2
94,63,0,1,17.060366,16,0.497803,39,0.0232589,17,0.0,0.5,0.5
94,80,0,1,4.426063,64,0.578125,6,0.02321603,18,1.0,1.0,0.6
94,19,,0,14.658899,19,0.501953,35,0.02318454,19,0.0,0.5,0.5
94,23,,0,9.10011,31,0.515137,22,0.02318413,20,0.0,0.5,1.0
94,8,0,1,27.906591,5,0.467041,73,0.02290341,21,0.375,1.0,0.6
94,31,,0,7.711755,37,0.519043,20,0.02280928,22,0.0,0.5,0.5
94,99,,0,14.993752,18,0.495605,42,0.02262443,23,0.0,0.5,0.5
94,4,,0,17.845059,15,0.491211,49,0.02250765,24,0.0,1.0,0.2
94,34,0,1,19.621948,11,0.481689,61,0.02234897,25,0.0,0.5,0.2
94,2,,0,6.060254,50,0.521484,17,0.02207792,26,0.0,0.5,0.6
94,52,,0,5.401429,57,0.532715,14,0.02206052,27,0.75,1.0,0.2
94,81,,0,7.024906,43,0.517578,21,0.02205442,28,0.0,0.0,0.5
94,84,,0,7.299092,41,0.510742,25,0.0216657,29,0.75,1.0,0.5
94,90,,0,8.426572,35,0.505859,30,0.02163743,30,0.0,0.5,0.5
94,1,,0,5.261209,59,0.526855,16,0.02156126,31,0.0,0.0,0.5
94,50,,0,3.43113,71,0.538574,12,0.02152248,32,0.0,0.5,0.6
94,94,0,1,2.608917,82,0.544434,11,0.02112676,33,0.0,0.5,0.2
94,32,,0,6.452543,47,0.509766,27,0.02084005,34,0.75,1.0,0.6
94,17,,0,18.216336,14,0.463135,78,0.02075989,35,0.0,0.0,1.0
94,21,,0,11.477038,25,0.489746,52,0.02069328,36,0.0,0.0,0.5
94,68,,0,15.85341,17,0.467529,71,0.0206206,37,0.5,1.0,0.6
94,77,0,1,3.463838,69,0.520508,18,0.02057245,38,0.0,0.0,1.0
94,40,,0,6.03204,51,0.506836,29,0.02024496,39,0.0,1.0,0.2
94,79,,0,6.156764,49,0.502441,33,0.019927,40,0.25,0.5,0.5
94,92,0,1,4.994388,61,0.510742,26,0.01989237,41,0.5,1.0,0.6
94,29,0,1,1.188632,95,0.530273,15,0.01978495,42,0.0,0.0,1.0
94,14,0,1,3.44121,70,0.51123,24,0.01959707,43,0.0,0.5,0.6
94,22,,0,11.926766,21,0.453125,88,0.01910244,44,0.0,0.5,0.2
94,66,,0,3.087865,73,0.508301,28,0.01888243,45,0.0,0.5,0.5
94,26,,0,6.91925,44,0.491455,48,0.01887464,46,0.0,0.5,0.6
94,59,,0,10.195034,28,0.464844,76,0.01871658,47,0.0,0.5,1.0
94,9,,0,10.40194,27,0.456299,82,0.01853651,48,0.0,0.0,0.5
94,18,0,1,5.744834,54,0.495117,43,0.01848067,49,0.0,0.5,0.5
94,60,,0,5.36812,58,0.497314,40,0.01847458,50,0.125,1.0,0.5
95,75,3,1,114.037595,1,0.730469,1,0.03278689,1,1.0,1.0,0.5
95,76,1,1,34.575869,3,0.59082,4,0.03149802,2,1.0,0.5,0.2
95,73,2,1,28.297057,6,0.618652,3,0.03102453,3,0.9167,0.5,0.5
95,74,3,1,25.219493,8,0.631836,2,0.03083491,4,1.0,1.0,0.6
95,12,0,1,13.593488,18,0.525879,13,0.02651914,5,1.0,0.5,0.5
95,43,0,1,22.872057,9,0.506348,26,0.02612066,6,0.0,1.0,0.5
95,3,0,1,10.638022,24,0.524414,14,0.02541828,7,0.0833,1.0,0.5
95,14,0,1,20.590126,12,0.502441,28,0.02525253,8,0.9167,1.0,0.6
95,86,0,1,22.355465,10,0.49585,34,0.02492401,9,1.0,1.0,0.6
95,8,0,1,39.206416,2,0.473389,59,0.02453239,10,1.0,0.5,0.6
95,36,0,1,15.225213,16,0.499023,30,0.02426901,11,0.9167,0.5,0.5
95,26,,0,16.715011,15,0.49707,33,0.02408602,12,0.5,1.0,0.6
95,40,,0,9.181604,27,0.516113,20,0.02399425,13,1.0,0.5,0.2
95,63,0,1,28.390369,5,0.473633,58,0.02385919,14,0.6667,1.0,0.5
95,20,,0,10.0347,25,0.509277,24,0.02366947,15,1.0,0.5,0.6
95,102,0,1,32.039604,4,0.467529,71,0.02325859,16,0.0833,1.0,0.5
95,78,0,1,3.315212,65,0.567871,6,0.02315152,17,1.0,1.0,0.5
95,90,0,1,4.406525,56,0.533203,11,0.0227052,18,0.6667,1.0,0.5
95,104,0,1,14.250153,17,0.485596,43,0.02269575,19,1.0,0.5,0.6
95,80,0,1,2.944836,70,0.565918,7,0.02261768,20,1.0,0.5,0.6
95,7,0,1,18.070034,14,0.478027,51,0.02252252,21,0.3333,1.0,0.5
95,64,0,1,0.992705,81,0.581055,5,0.02247681,22,1.0,0.5,0.2
95,53,0,1,19.128555,13,0.477051,55,0.02239428,23,0.3333,0.5,1.0
95,18,,0,9.015213,28,0.498779,31,0.02235265,24,0.4167,1.0,0.5
95,19,0,1,25.917856,7,0.449219,80,0.02206823,25,0.75,1.0,0.5
95,58,,0,11.983226,21,0.483643,46,0.02177964,26,0.25,1.0,0.2
95,91,0,1,3.152807,67,0.530762,12,0.0217629,27,0.8333,1.0,0.5
95,77,0,1,0.562213,84,0.557617,8,0.02165033,28,0.75,0.5,1.0
95,79,0,1,0.555778,85,0.557617,9,0.02138931,29,1.0,1.0,0.5
95,93,,0,11.530287,22,0.481445,49,0.02136943,30,0.4167,0.5,0.5
95,61,0,1,0.572151,83,0.541504,10,0.02127872,31,0.0,0.5,0.5
95,32,,0,3.686801,61,0.517578,17,0.02125148,32,1.0,0.5,0.6
95,29,0,1,3.140583,68,0.522461,16,0.02097039,33,0.3333,0.5,1.0
95,44,,0,4.485345,54,0.514648,22,0.02096705,34,0.8333,0.5,0.6
95,10,,0,10.773549,23,0.477539,54,0.02082012,35,0.0,1.0,0.2
95,54,,0,4.828374,51,0.506836,25,0.02077371,36,0.8333,1.0,0.5
95,100,,0,20.806287,11,0.42041,94,0.02057801,37,1.0,0.5,0.2
95,92,,0,3.092602,69,0.517578,18,0.02057245,38,1.0,0.5,0.6
95,6,0,1,7.489384,40,0.495117,35,0.02052632,39,0.75,1.0,0.5
95,2,0,1,7.497407,39,0.494141,36,0.02051768,40,0.5,1.0,0.6
95,47,,0,7.822766,36,0.485352,44,0.02003205,41,0.6667,1.0,1.0
95,52,,0,1.8248,76,0.51709,19,0.02001117,42,1.0,0.5,0.2
95,1,0,1,8.347415,32,0.477539,53,0.01971912,43,0.0,0.5,0.5
95,55,,0,7.351609,41,0.486328,42,0.01970491,44,1.0,1.0,0.5
95,50,,0,0.0,97,0.524414,15,0.01970276,45,0.9167,1.0,0.6
95,4,,0,4.962686,49,0.493896,37,0.01948359,46,1.0,0.5,0.2
95,13,,0,13.302333,19,0.431885,87,0.01946095,47,0.3333,0.5,0.5
95,15,,0,3.511981,62,0.500977,29,0.01943268,48,0.6667,1.0,0.5
95,101,,0,12.467193,20,0.435059,85,0.01939655,49,0.0,0.5,1.0
95,31,,0,8.929246,30,0.472412,61,0.01937557,50,1.0,1.0,0.5
96,77,3,1,87.130136,1,0.697754,2,0.03252247,1,0.6667,0.5,1.0
96,78,3,1,59.951348,2,0.709473,1,0.03252247,2,1.0,1.0,0.5
96,79,2,1,54.880361,3,0.661621,3,0.03174603,3,1.0,1.0,0.5
96,56,1,1,54.001151,4,0.626953,5,0.03100962,4,1.0,0.5,0.6
96,55,1,1,33.133274,6,0.599609,9,0.02964427,5,0.9167,1.0,0.5
96,74,0,1,27.817629,11,0.600098,8,0.02879039,6,1.0,1.0,0.6
96,54,1,1,28.526807,10,0.588379,12,0.0281746,7,0.75,1.0,0.5
96,26,0,1,29.729448,9,0.535645,18,0.02731327,8,0.4167,1.0,0.6
96,39,0,1,20.995907,15,0.564453,13,0.02703196,9,0.25,1.0,0.5
96,30,0,1,13.288808,28,0.605469,6,0.02651515,10,0.8333,1.0,0.5
96,53,1,1,20.419654,16,0.549805,15,0.02649123,11,0.25,0.5,1.0
96,73,0,1,34.834303,5,0.51416,31,0.02637363,12,0.8333,0.5,0.5
96,76,0,1,31.955282,8,0.510742,34,0.02534418,13,1.0,0.5,0.2
96,38,0,1,32.52587,7,0.508789,37,0.02523465,14,0.0,1.0,0.6
96,80,1,1,5.607805,46,0.654785,4,0.02505896,15,1.0,0.5,0.6
96,61,,0,15.389562,22,0.53418,19,0.02485335,16,0.0,0.5,0.5
96,8,,0,12.865661,32,0.543457,17,0.02385658,17,1.0,0.5,0.6
96,14,0,1,24.453449,12,0.506836,41,0.02378988,18,0.8333,1.0,0.6
96,17,,0,16.654806,19,0.514648,30,0.02376934,19,0.0,0.5,1.0
96,86,,0,13.286914,29,0.53418,20,0.02373596,20,1.0,1.0,0.6
96,90,,0,24.075623,13,0.504883,43,0.02340737,21,0.5833,1.0,0.5
96,32,0,1,4.479642,53,0.588867,11,0.02293406,22,1.0,0.5,0.6
96,31,,0,12.499949,34,0.527344,24,0.02254306,23,1.0,1.0,0.5
96,43,0,1,14.051551,27,0.512695,32,0.02236382,24,0.0,1.0,0.5
96,91,,0,16.371508,20,0.503418,44,0.02211538,25,0.75,1.0,0.5
96,29,0,1,1.098017,84,0.604004,7,0.02186982,26,0.25,0.5,1.0
96,64,0,1,2.20906,74,0.592285,10,0.0217484,27,1.0,0.5,0.2
96,20,,0,2.970197,60,0.547852,16,0.02149123,28,1.0,0.5,0.6
96,75,,0,5.951219,45,0.524902,25,0.02128852,29,1.0,1.0,0.5
96,94,,0,15.26846,24,0.496826,48,0.02116402,30,1.0,1.0,0.2
96,69,,0,18.539298,18,0.479004,63,0.02095059,31,0.0,0.5,0.5
96,58,,0,16.206085,21,0.487061,58,0.02082026,32,0.1667,1.0,0.2
96,40,,0,1.976774,77,0.5625,14,0.02081278,33,1.0,0.5,0.2
96,13,0,1,22.202281,14,0.453369,88,0.02027027,34,0.25,0.5,0.5
96,4,,0,14.699102,25,0.486816,59,0.02016807,35,1.0,0.5,0.2
96,104,,0,8.741199,40,0.508301,39,0.02010101,36,1.0,0.5,0.6
96,23,,0,2.846574,62,0.521484,26,0.01982463,37,0.8333,1.0,1.0
96,72,,0,5.455409,50,0.509766,35,0.01961722,38,1.0,0.5,0.5
96,51,,0,14.447937,26,0.476562,69,0.01937984,39,1.0,1.0,0.5
96,27,,0,13.239623,30,0.479492,62,0.01930783,40,0.75,1.0,0.5
96,57,,0,20.154973,17,0.431396,99,0.01927632,41,0.0,0.5,0.5
96,18,,0,2.655832,68,0.515625,28,0.01917614,42,0.3333,1.0,0.5
96,12,,0,6.505508,44,0.50293,45,0.01913919,43,0.9167,0.5,0.5
96,11,,0,15.26846,23,0.463623,83,0.0190412,44,0.4167,1.0,1.0
96,62,,0,1.08566,85,0.527832,23,0.01894474,45,0.3333,1.0,0.6
96,37,,0,0.0,98,0.533691,21,0.01867479,46,0.0,0.5,0.5
96,9,,0,7.443845,43,0.493896,52,0.01863731,47,0.0,0.5,0.5
96,25,,0,0.0,96,0.532715,22,0.01860538,48,0.0,0.5,0.5
96,88,,0,4.061619,55,0.505859,42,0.01849957,49,0.8333,0.5,0.2
96,7,,0,11.93155,36,0.477783,65,0.01841667,50,0.25,1.0,0.5
97,78,3,1,143.270774,1,0.775879,1,0.03278689,1,0.8,1.0,0.5
97,77,2,1,81.214719,2,0.647949,2,0.03225806,2,0.2,0.5,1.0
97,80,1,1,56.613902,3,0.633789,3,0.03174603,3,1.0,0.5,0.6
97,55,1,1,51.929872,4,0.598633,5,0.03100962,4,0.5,1.0,0.5
97,79,2,1,42.725374,6,0.611328,4,0.03077652,5,1.0,1.0,0.5
97,39,0,1,44.655898,5,0.588867,6,0.03053613,6,0.0,1.0,0.5
97,54,1,1,33.397221,7,0.564941,9,0.02941813,7,0.3,1.0,0.5
97,56,1,1,27.3729,8,0.56543,8,0.02941176,8,1.0,0.5,0.6
97,90,0,1,18.399151,10,0.550293,14,0.02779923,9,0.1,1.0,0.5
97,103,,0,14.108453,12,0.527832,19,0.02654712,10,0.0,1.0,0.5
97,75,0,1,23.693865,9,0.515625,24,0.02639752,11,1.0,1.0,0.5
97,61,0,1,6.95419,22,0.553223,12,0.02608401,12,0.0,0.5,0.5
97,12,0,1,11.114095,14,0.516113,23,0.02556171,13,0.5,0.5,0.5
97,91,,0,10.99304,15,0.512207,27,0.02482759,14,0.3,1.0,0.5
97,37,0,1,4.466373,36,0.560059,10,0.02470238,15,0.0,0.5,0.5
97,53,,0,10.626838,16,0.507324,29,0.02439385,16,0.0,0.5,1.0
97,14,,0,13.262472,13,0.502441,35,0.02422495,17,0.4,1.0,0.6
97,40,,0,4.671975,33,0.54834,15,0.02408602,18,0.7,0.5,0.2
97,8,,0,7.8189,19,0.510742,28,0.02402186,19,1.0,0.5,0.6
97,62,,0,6.499857,25,0.52002,22,0.02395983,20,0.0,1.0,0.6
97,13,,0,15.33124,11,0.486572,46,0.02351847,21,0.0,0.5,0.5
97,17,,0,4.980794,32,0.521973,20,0.02336957,22,0.0,0.5,1.0
97,29,0,1,3.4047,49,0.551758,13,0.02287294,23,0.0,0.5,1.0
97,20,0,1,1.437302,70,0.566406,7,0.02261768,24,1.0,0.5,0.6
97,86,,0,3.561254,48,0.543945,17,0.02224627,25,1.0,1.0,0.6
97,47,,0,7.372499,21,0.489746,43,0.02205442,26,0.1,1.0,1.0
97,43,,0,6.326907,27,0.497559,38,0.02169833,27,0.0,1.0,0.5
97,32,,0,3.309572,51,0.521484,21,0.02135469,28,1.0,0.5,0.6
97,10,,0,8.72339,18,0.474365,59,0.02122387,29,0.0,1.0,0.2
97,15,,0,5.791271,28,0.491699,42,0.02116756,30,0.1,1.0,0.5
97,72,,0,7.46843,20,0.478516,56,0.02112069,31,1.0,0.5,0.5
97,82,,0,4.365368,38,0.503418,33,0.02095677,32,0.3,1.0,0.2
97,74,0,1,0.549488,89,0.559082,11,0.02079592,33,0.9,1.0,0.6
97,102,,0,6.331711,26,0.482666,52,0.02055648,34,0.0,1.0,0.5
97,30,0,1,0.913626,78,0.543945,16,0.02040427,35,0.4,1.0,0.5
97,51,,0,9.391245,17,0.45874,77,0.02028628,36,0.7,1.0,0.5
97,18,0,1,3.024019,56,0.512207,26,0.0202486,37,0.0,1.0,0.5
97,1,0,1,6.767043,24,0.466064,65,0.01990476,38,0.0,0.5,0.5
97,58,,0,6.941006,23,0.4646,68,0.01986069,39,0.0,1.0,0.2
97,104,,0,1.387659,71,0.513184,25,0.01939829,40,0.8,0.5,0.6
97,92,,0,3.734339,46,0.492188,41,0.01933495,41,1.0,0.5,0.6
97,7,,0,4.593958,35,0.478516,55,0.01922197,42,0.0,1.0,0.5
97,64,,0,0.0,99,0.541504,18,0.01910982,43,1.0,0.5,0.2
97,96,,0,2.256424,62,0.503906,32,0.01906629,44,1.0,0.5,0.5
97,88,,0,4.275108,40,0.483398,51,0.01900901,45,1.0,0.5,0.2
97,9,,0,4.599064,34,0.472168,60,0.01897163,46,0.0,0.5,0.5
97,46,,0,4.338607,39,0.478027,57,0.01864802,47,0.0,1.0,0.2
97,23,,0,1.56277,68,0.50293,34,0.0184508,48,0.4,1.0,1.0
97,4,,0,5.434798,30,0.458252,78,0.01835749,49,0.6,0.5,0.2
97,101,,0,3.017413,58,0.489258,44,0.01808996,50,0.0,0.5,1.0
98,77,3,1,55.006942,3,0.740723,1,0.03226646,1,1.0,1.0,1.0
98,79,3,1,77.671609,1,0.675781,3,0.03226646,2,1.0,0.5,0.5
98,56,1,1,44.431458,4,0.613281,5,0.03100962,3,0.9286,0.0,0.6
98,78,3,1,22.599269,8,0.704102,2,0.03083491,4,1.0,0.5,0.5
98,54,1,1,25.984344,6,0.57666,8,0.0298574,5,1.0,0.5,0.5
98,8,0,1,24.649813,7,0.559082,9,0.02941813,6,1.0,0.0,0.6
98,53,1,1,57.410835,2,0.514648,29,0.02736499,7,0.9286,1.0,1.0
98,75,0,1,19.67305,11,0.538574,17,0.02707152,8,1.0,0.5,0.5
98,80,1,1,8.109351,30,0.652344,4,0.02673611,9,0.7143,0.0,0.6
98,29,0,1,8.415705,29,0.598145,6,0.02638747,10,0.9286,1.0,1.0
98,86,0,1,20.123104,10,0.519531,23,0.02633391,11,0.9286,0.5,0.6
98,17,0,1,10.666589,23,0.552734,11,0.0261327,12,0.7143,1.0,1.0
98,26,0,1,29.710465,5,0.50293,37,0.02569389,13,1.0,0.5,0.6
98,31,,0,12.831854,15,0.530273,21,0.02567901,14,1.0,0.5,0.5
98,30,0,1,5.569545,41,0.59375,7,0.02482636,15,1.0,0.5,0.5
98,55,,0,10.458189,24,0.516602,24,0.02380952,16,1.0,0.5,0.5
98,38,0,1,20.436322,9,0.485107,49,0.02366707,17,0.6429,0.5,0.6
98,81,,0,11.423114,20,0.51416,31,0.02348901,18,0.9286,1.0,0.5
98,7,,0,11.758437,19,0.507812,35,0.02318454,19,0.9286,0.5,0.5
98,12,,0,6.418563,37,0.535645,18,0.02312979,20,1.0,0.0,0.5
98,5,,0,12.951313,14,0.48877,46,0.02294748,21,0.5714,1.0,1.0
98,66,0,1,4.897545,49,0.551758,13,0.02287294,22,1.0,0.5,0.5
98,18,,0,4.769733,52,0.552246,12,0.02281746,23,1.0,0.5,0.5
98,91,,0,9.766283,25,0.510742,34,0.022403,24,1.0,0.5,0.5
98,72,,0,12.186935,17,0.486816,47,0.02233281,25,1.0,0.0,0.5
98,89,0,1,8.613101,28,0.512695,33,0.02211632,26,0.5714,1.0,1.0
98,73,,0,6.449389,36,0.514648,30,0.02152778,27,1.0,1.0,0.5
98,23,,0,4.840947,51,0.53125,20,0.02150901,28,1.0,0.5,1.0
98,32,,0,4.11624,66,0.548828,14,0.02145002,29,0.8571,0.0,0.6
98,9,,0,9.242753,26,0.496094,42,0.02143183,30,0.2857,1.0,0.5
98,43,0,1,7.645258,31,0.506348,36,0.02140568,31,0.6429,0.5,0.5
98,40,,0,4.252931,63,0.546875,16,0.02128798,32,1.0,0.0,0.2
98,90,,0,11.815072,18,0.4646,65,0.02082051,33,1.0,0.5,0.5
98,64,0,1,0.0,101,0.553223,10,0.02049689,34,1.0,0.0,0.2
98,100,,0,15.692873,12,0.400635,98,0.020218,35,1.0,0.0,0.2
98,20,,0,2.483849,87,0.54834,15,0.02013605,36,1.0,0.0,0.6
98,13,0,1,15.482764,13,0.405518,96,0.02010889,37,0.9286,1.0,0.5
98,97,,0,12.437084,16,0.428223,90,0.01982456,38,0.1429,1.0,0.5
98,82,,0,5.52836,42,0.500488,41,0.01970491,39,1.0,0.5,0.2
98,33,,0,5.037565,47,0.502441,38,0.01954988,40,0.0,1.0,0.5
98,95,,0,11.190631,21,0.449219,82,0.01938793,41,1.0,0.5,1.0
98,19,,0,6.723859,35,0.480957,53,0.01937587,42,1.0,0.5,0.5
98,36,,0,5.465793,44,0.493164,43,0.01932412,43,1.0,0.0,0.5
98,58,,0,3.93963,69,0.515625,27,0.01924619,44,0.8571,0.5,0.2
98,74,,0,0.0,103,0.534668,19,0.0187932,45,1.0,0.5,0.6
98,96,,0,5.458445,45,0.485352,48,0.01878307,46,0.7857,0.0,0.5
98,6,,0,2.765272,82,0.515625,26,0.01867016,47,1.0,0.5,0.5
98,37,,0,0.0,99,0.524902,22,0.01848443,48,0.0,1.0,0.5
98,2,,0,1.563036,91,0.516113,25,0.01838722,49,1.0,0.5,0.6
98,27,,0,11.179354,22,0.382812,102,0.01836796,50,1.0,0.5,0.5
99,80,3,1,145.570038,1,0.780273,1,0.03278689,1,1.0,1.0,0.6
99,78,1,1,47.260689,4,0.648926,2,0.03175403,2,0.0,0.5,0.5
99,77,1,1,65.627368,2,0.595215,6,0.03128055,3,0.0,0.0,1.0
99,79,1,1,61.103775,3,0.616211,5,0.03125763,4,0.25,0.5,0.5
99,74,0,1,23.870005,11,0.635254,3,0.02995752,5,0.125,0.5,0.6
99,39,0,1,40.943442,6,0.586914,8,0.0298574,6,0.0,0.5,0.5
99,40,0,1,44.207986,5,0.572754,11,0.02946912,7,0.0,1.0,0.2
99,64,0,1,18.547911,14,0.620605,4,0.02913851,8,0.375,1.0,0.2
99,4,0,1,20.106947,13,0.560547,14,0.02721214,9,0.0,1.0,0.2
99,54,1,1,32.172227,10,0.541016,21,0.02663139,10,0.0,0.5,0.5
99,11,0,1,35.915408,8,0.536621,24,0.02661064,11,0.0,0.5,1.0
99,94,0,1,10.977242,23,0.581543,9,0.02654095,12,0.0,0.5,0.2
99,15,,0,14.150769,17,0.555176,15,0.02632035,13,0.0,0.5,0.5
99,29,0,1,10.373765,24,0.564453,12,0.02579365,14,0.0,0.0,1.0
99,32,0,1,6.461296,34,0.594238,7,0.02556367,15,0.75,1.0,0.6
99,55,,0,17.08336,15,0.538574,22,0.02552846,16,0.0,0.5,0.5
99,87,,0,15.554608,16,0.537109,23,0.02520609,17,0.875,0.5,0.5
99,62,,0,13.518816,19,0.53418,25,0.02442293,18,0.0,0.5,0.6
99,38,0,1,39.849632,7,0.503418,50,0.02401628,19,0.0,0.5,0.6
99,91,0,1,13.272718,21,0.532715,26,0.02397359,20,0.0,0.5,0.5
99,21,0,1,34.913342,9,0.507324,46,0.02392672,21,0.0,0.0,0.5
99,2,,0,13.511568,20,0.523438,33,0.02325269,22,0.0,0.5,0.6
99,75,,0,4.959414,45,0.563965,13,0.02322244,23,0.375,0.5,0.5
99,20,,0,13.871691,18,0.509766,44,0.0224359,24,0.25,1.0,0.6
99,52,,0,6.832145,31,0.529785,28,0.02235265,25,0.75,1.0,0.2
99,90,,0,7.802063,28,0.524414,32,0.0222332,26,0.0,0.5,0.5
99,68,,0,20.520087,12,0.490723,60,0.02222222,27,0.5,1.0,0.6
99,50,,0,4.705069,51,0.552734,16,0.0221669,28,0.0,0.5,0.6
99,14,,0,5.065517,44,0.543457,20,0.02211538,29,0.0,0.5,0.6
99,88,,0,4.234344,53,0.549316,17,0.02183657,30,1.0,1.0,0.2
99,96,,0,7.713921,29,0.510742,43,0.02094469,31,0.875,1.0,0.5
99,76,0,1,0.0,100,0.577148,10,0.02053571,32,1.0,1.0,0.2
99,63,,0,9.563244,25,0.489258,63,0.01989479,33,0.0,0.5,0.5
99,30,,0,0.913626,85,0.547852,18,0.01971706,34,0.0,0.5,0.5
99,86,,0,4.648118,52,0.517578,35,0.01945489,35,0.625,0.5,0.6
99,1,,0,0.0,90,0.54541,19,0.01932489,36,0.0,0.0,0.5
99,26,,0,2.643156,73,0.530273,27,0.01901305,37,0.0,0.5,0.6
99,19,,0,5.514362,42,0.502441,51,0.01881293,38,0.0,0.5,0.5
99,23,,0,6.538833,32,0.486816,66,0.01880607,39,0.0,0.5,1.0
99,56,,0,5.663929,41,0.500977,53,0.01875055,40,0.625,1.0,0.6
99,103,0,1,11.267,22,0.450439,93,0.01873107,41,0.0,0.5,0.5
99,72,0,1,5.418994,43,0.497803,55,0.01840439,42,0.5,1.0,0.5
99,12,,0,1.364102,81,0.525391,30,0.01820331,43,0.0,1.0,0.5
99,25,,0,7.065039,30,0.472412,81,0.01820331,44,0.0,0.0,0.5
99,81,,0,4.904039,48,0.501465,52,0.01818783,45,0.0,0.0,0.5
99,71,,0,5.926909,39,0.487549,65,0.01810101,46,0.0,0.5,1.0
99,83,,0,3.464045,65,0.512695,39,0.01810101,47,0.0,0.5,1.0
99,73,,0,3.176591,67,0.513184,38,0.0180781,48,0.0,0.0,0.5
99,27,,0,6.519081,33,0.4729,78,0.01799906,49,0.0,0.5,0.5
99,65,,0,6.191184,37,0.477051,72,0.01788504,50,0.0,0.0,1.0
100,79,3,1,134.891553,1,0.726074,1,0.03278689,1,1.0,1.0,0.5
100,80,1,1,68.67495,2,0.651367,2,0.03225806,2,1.0,0.5,0.6
100,78,2,1,48.832148,4,0.623535,3,0.03149802,3,1.0,1.0,0.5
100,77,2,1,51.060784,3,0.602539,5,0.03125763,4,0.75,0.5,1.0
100,56,1,1,43.55031,5,0.618652,4,0.03100962,5,1.0,0.5,0.6
100,40,0,1,6.860243,17,0.569824,6,0.02813853,6,1.0,0.5,0.2
100,64,0,1,6.767252,18,0.567871,7,0.02774589,7,1.0,0.5,0.2
100,86,0,1,8.761728,11,0.512207,20,0.02658451,8,1.0,1.0,0.6
100,104,0,1,8.938646,10,0.506348,25,0.02605042,9,1.0,0.5,0.6
100,32,0,1,5.489772,26,0.528809,14,0.02514142,10,1.0,0.5,0.6
100,55,1,1,8.258294,12,0.498779,31,0.0248779,11,1.0,1.0,0.5
100,75,0,1,20.566491,7,0.491211,42,0.02472929,12,1.0,1.0,0.5
100,39,0,1,5.534935,25,0.520508,18,0.02458522,13,0.3333,1.0,0.5
100,17,,0,6.663882,20,0.509277,23,0.02454819,14,0.0833,0.5,1.0
100,20,0,1,4.154447,39,0.547852,10,0.02438672,15,1.0,0.5,0.6
100,9,,0,7.987142,14,0.494629,37,0.02382279,16,0.0,0.5,0.5
100,88,,0,4.295158,35,0.522461,16,0.02368421,17,0.75,0.5,0.2
100,12,,0,4.979738,29,0.510742,22,0.02343108,18,1.0,0.5,0.5
100,4,,0,7.818365,15,0.492676,40,0.02333333,19,1.0,0.5,0.2
100,5,,0,7.999188,13,0.489014,45,0.02322244,20,0.0,0.5,1.0
100,54,1,1,3.573163,45,0.533203,13,0.02322244,21,0.8333,1.0,0.5
100,72,0,1,31.85469,6,0.455078,72,0.02272727,22,1.0,0.5,0.5
100,18,,0,2.782694,54,0.543457,12,0.02266082,23,0.4167,1.0,0.5
100,52,0,1,11.728457,9,0.460938,65,0.02249275,24,1.0,0.5,0.2
100,44,,0,3.670406,43,0.51123,21,0.02205442,25,0.8333,0.5,0.6
100,25,0,1,17.449928,8,0.446533,77,0.02200515,26,0.0,0.5,0.5
100,10,0,1,7.45443,16,0.466309,59,0.02156126,27,0.0,1.0,0.2
100,76,,0,5.642688,23,0.483154,47,0.02139399,28,1.0,0.5,0.2
100,30,0,1,0.0,92,0.564453,8,0.02128483,29,0.9167,1.0,0.5
100,74,0,1,0.718503,81,0.547852,11,0.02117671,30,1.0,1.0,0.6
100,36,,0,4.188486,36,0.497559,33,0.02116935,31,0.9167,0.5,0.5
100,29,0,1,0.0,91,0.548828,9,0.02111527,32,0.3333,0.5,1.0
100,6,,0,0.934535,71,0.525879,15,0.02096692,33,0.75,1.0,0.5
100,7,,0,6.228648,22,0.471191,55,0.02089077,34,0.3333,1.0,0.5
100,38,,0,6.536038,21,0.470947,58,0.02082026,35,0.0,1.0,0.6
100,11,,0,6.713785,19,0.460938,64,0.02072274,36,0.5,1.0,1.0
100,96,0,1,0.965391,70,0.520508,19,0.02035054,37,1.0,0.5,0.5
100,19,,0,4.329887,34,0.484619,46,0.02007226,38,0.75,1.0,0.5
100,47,,0,3.838548,41,0.49292,39,0.020002,39,0.6667,1.0,1.0
100,31,,0,3.040896,48,0.49707,34,0.01989756,40,1.0,1.0,0.5
100,8,,0,1.305024,66,0.508301,24,0.01984127,41,1.0,0.5,0.6
100,24,,0,4.332146,33,0.472168,54,0.01952462,42,1.0,0.5,0.5
100,15,,0,1.364102,64,0.502441,28,0.01942815,43,0.6667,1.0,0.5
100,1,,0,2.842271,51,0.495361,36,0.01942568,44,0.0,0.5,0.5
100,43,,0,0.0,96,0.520996,17,0.01939727,45,0.0,1.0,0.5
100,45,,0,2.172185,59,0.497803,32,0.01927293,46,0.0,0.5,0.5
100,90,,0,5.15028,27,0.457275,69,0.01924619,47,0.6667,1.0,0.5
100,14,0,1,0.924683,72,0.505371,26,0.01920366,48,0.9167,1.0,0.6
100,84,,0,5.549443,24,0.445557,80,0.01904762,49,1.0,0.5,0.5
100,92,,0,4.866621,31,0.455566,71,0.0186226,50,1.0,0.5,0.6
101,81,3,1,78.098202,2,0.769043,1,0.03252247,1,0.7857,0.5,0.5
101,83,3,1,96.866925,1,0.649414,4,0.03201844,2,1.0,1.0,1.0
101,84,1,1,63.073136,3,0.679688,3,0.03174603,3,1.0,0.5,0.5
101,82,2,1,48.587247,5,0.729004,2,0.03151365,4,1.0,1.0,0.2
101,21,0,1,49.976121,4,0.620117,9,0.03011775,5,0.7143,0.5,0.5
101,19,0,1,21.027446,13,0.634277,5,0.02908325,6,1.0,1.0,0.5
101,23,0,1,44.530587,6,0.610352,15,0.02848485,7,1.0,1.0,1.0
101,97,0,1,29.36925,9,0.609863,16,0.02765065,8,0.0,0.5,0.5
101,98,0,1,30.977519,8,0.584961,22,0.026901,9,0.6429,1.0,0.6
101,2,0,1,13.798775,26,0.611328,14,0.02514142,10,0.9286,1.0,0.6
101,45,0,1,10.123587,37,0.621582,8,0.02501516,11,0.2857,0.5,0.5
101,22,0,1,22.136991,12,0.567383,30,0.025,12,1.0,1.0,0.2
101,36,1,1,17.241808,20,0.588379,21,0.02484568,13,1.0,0.5,0.5
101,20,0,1,27.393852,10,0.559082,35,0.02481203,14,1.0,0.5,0.6
101,17,0,1,13.830074,25,0.599609,19,0.02442293,15,0.5714,0.5,1.0
101,40,0,1,33.660203,7,0.527344,46,0.02435934,16,1.0,0.5,0.2
101,85,,0,20.848443,14,0.561035,33,0.0242662,17,1.0,0.5,0.5
101,7,0,1,7.710048,48,0.629883,7,0.02418463,18,0.7857,1.0,0.5
101,1,0,1,8.649153,40,0.618164,11,0.02408451,19,0.2857,0.5,0.5
101,3,,0,9.184891,39,0.614258,12,0.0239899,20,0.5714,1.0,0.5
101,4,,0,10.221228,36,0.60498,17,0.02340368,21,1.0,0.5,0.2
101,10,0,1,10.337857,33,0.592773,20,0.02325269,22,0.5,1.0,0.2
101,86,,0,18.058057,19,0.556641,36,0.02307489,23,1.0,1.0,0.6
101,64,,0,16.530117,23,0.56543,32,0.02291776,24,1.0,0.5,0.2
101,18,0,1,3.680304,75,0.633301,6,0.02255892,25,0.8571,1.0,0.5
101,39,,0,20.502853,15,0.519531,49,0.02250765,26,0.7857,1.0,0.5
101,37,0,1,12.532858,30,0.57373,29,0.02234707,27,0.0,0.5,0.5
101,6,0,1,6.176858,56,0.611816,13,0.02231932,28,1.0,1.0,0.5
101,96,,0,9.551456,38,0.577637,25,0.02196879,29,0.9286,0.5,0.5
101,91,0,1,18.721124,17,0.509766,54,0.02175894,30,1.0,1.0,0.5
101,87,,0,19.553408,16,0.50293,61,0.02142236,31,0.9286,1.0,0.5
101,38,,0,23.416958,11,0.480469,77,0.02138378,32,0.5,1.0,0.6
101,33,1,1,5.103142,60,0.604004,18,0.02115385,33,0.0,0.5,0.5
101,11,,0,16.720765,22,0.510254,52,0.02112369,34,0.9286,1.0,1.0
101,88,,0,13.403199,27,0.536133,44,0.02110964,35,0.5714,0.5,0.2
101,5,,0,7.897996,46,0.575195,26,0.02106187,36,0.4286,0.5,1.0
101,94,,0,6.335629,55,0.584473,23,0.02074384,37,1.0,1.0,0.2
101,29,,0,18.660293,18,0.494385,68,0.02063301,38,0.7857,0.5,1.0
101,34,,0,8.14316,44,0.566406,31,0.0206044,39,0.2857,1.0,0.2
101,48,0,1,1.045975,100,0.620117,10,0.02053571,40,1.0,0.5,0.5
101,31,,0,6.530091,53,0.575195,27,0.02034381,41,1.0,1.0,0.5
101,90,,0,8.648379,41,0.539062,42,0.01970491,42,1.0,1.0,0.5
101,47,,0,5.005768,62,0.574707,28,0.01956036,43,1.0,1.0,1.0
101,71,,0,6.350467,54,0.560059,34,0.01941023,44,1.0,1.0,1.0
101,42,,0,17.173317,21,0.473145,82,0.01938793,45,0.1429,1.0,0.5
101,46,0,1,3.270467,83,0.583496,24,0.01889777,46,0.7857,1.0,0.2
101,52,,0,12.577676,28,0.480469,78,0.01861001,47,1.0,0.5,0.2
101,68,,0,15.679565,24,0.455078,90,0.01857143,48,1.0,0.5,0.6
101,76,0,1,10.36453,32,0.491699,70,0.01856187,49,0.7857,0.5,0.2
101,32,,0,7.063913,49,0.520508,48,0.01843357,50,1.0,0.5,0.6
102,83,2,1,75.325366,1,0.653809,3,0.03226646,1,0.1111,0.5,1.0
102,84,3,1,62.638017,3,0.729004,1,0.03226646,2,1.0,1.0,0.5
102,81,1,1,63.603018,2,0.685547,2,0.03225806,3,0.0,0.0,0.5
102,82,1,1,26.392209,9,0.622559,4,0.03011775,4,0.0,0.5,0.2
102,21,0,1,41.358048,4,0.562988,11,0.02970951,5,0.0,0.0,0.5
102,4,0,1,23.745449,12,0.57959,5,0.0292735,6,0.1111,1.0,0.2
102,23,0,1,21.093056,17,0.574219,6,0.02813853,7,0.0,0.5,1.0
102,19,0,1,22.193155,15,0.569336,8,0.02803922,8,0.0,0.5,0.5
102,15,0,1,24.369916,11,0.54834,18,0.02690502,9,0.0,0.5,0.5
102,86,0,1,20.82977,18,0.55957,12,0.0267094,10,0.8889,0.5,0.6
102,88,0,1,34.750606,5,0.53125,30,0.02649573,11,1.0,1.0,0.2
102,20,0,1,25.723581,10,0.530762,31,0.02527473,12,0.5556,1.0,0.6
102,97,0,1,31.975886,6,0.516113,39,0.02525253,13,0.0,0.0,0.5
102,11,,0,22.717393,13,0.534668,27,0.02519288,14,0.0,0.5,1.0
102,33,1,1,12.676212,41,0.568848,9,0.02439374,15,0.0,0.0,0.5
102,34,1,1,12.680045,40,0.566895,10,0.02428571,16,0.0,0.5,0.2
102,92,0,1,15.855182,24,0.544922,22,0.02409988,17,0.7778,1.0,0.6
102,98,0,1,28.888927,7,0.497803,52,0.02385394,18,0.0,0.5,0.6
102,3,0,1,13.283784,34,0.549805,16,0.02379619,19,0.0,0.5,0.5
102,85,,0,20.639646,19,0.527344,33,0.02341092,20,0.2222,0.0,0.5
102,36,1,1,9.78441,59,0.57373,7,0.02332873,21,0.0,1.0,0.5
102,1,,0,12.515668,43,0.555176,14,0.02322225,22,0.0,0.0,0.5
102,48,,0,13.10256,36,0.543457,23,0.02246486,23,0.4444,1.0,0.5
102,78,0,1,26.588679,8,0.469482,70,0.02239819,24,0.3333,0.5,0.5
102,12,,0,15.44493,25,0.523926,36,0.02218137,25,0.0,1.0,0.5
102,17,,0,12.919434,37,0.541016,25,0.02207398,26,0.0,0.0,1.0
102,6,,0,12.702261,39,0.54248,24,0.02200577,27,0.0,0.5,0.5
102,50,,0,13.746785,30,0.530762,32,0.02198068,28,0.0,0.5,0.6
102,32,,0,20.080875,21,0.50293,50,0.02143659,29,1.0,1.0,0.6
102,2,0,1,8.860517,64,0.55127,15,0.02139785,30,0.0,0.5,0.6
102,94,,0,22.174241,16,0.479492,62,0.02135462,31,0.1111,0.5,0.2
102,39,,0,15.249659,27,0.512695,42,0.02129817,32,0.0,0.5,0.5
102,7,,0,6.508425,75,0.557617,13,0.02110604,33,0.0,0.5,0.5
102,10,,0,8.564172,65,0.54834,17,0.02098701,34,0.0,0.5,0.2
102,26,,0,13.436742,32,0.514648,41,0.02077056,35,0.0,0.5,0.6
102,64,,0,11.94584,47,0.533691,28,0.02070943,36,0.6667,1.0,0.2
102,75,,0,22.604771,14,0.45459,79,0.02070776,37,0.6667,0.5,0.5
102,24,,0,11.873652,48,0.533203,29,0.02049521,38,0.7778,1.0,0.5
102,18,,0,10.505454,54,0.540527,26,0.02039984,39,0.0,0.5,0.5
102,52,,0,15.436077,26,0.496094,54,0.02039984,40,1.0,1.0,0.2
102,31,,0,7.844183,67,0.546387,20,0.02037402,41,0.1111,0.5,0.5
102,40,,0,14.850268,29,0.499512,51,0.02024496,42,0.2222,1.0,0.2
102,22,,0,12.415725,45,0.526855,34,0.02016211,43,0.0,0.5,0.2
102,87,,0,20.350566,20,0.46582,73,0.0200188,44,1.0,0.5,0.5
102,100,,0,15.138943,28,0.487061,57,0.01991064,45,0.4444,1.0,0.2
102,28,0,1,16.298741,23,0.469482,69,0.01980013,46,0.7778,1.0,0.2
102,45,,0,6.340217,77,0.545898,21,0.01964495,47,0.0,0.0,0.5
102,25,0,1,10.400238,55,0.526855,35,0.01922197,48,0.0,0.0,0.5
102,8,,0,12.192106,46,0.511719,44,0.01904935,49,0.6667,1.0,0.6
102,80,,0,13.567462,31,0.476807,65,0.01898901,50,1.0,1.0,0.6
103,82,3,1,171.854078,1,0.819336,1,0.03278689,1,1.0,1.0,0.2
103,81,2,1,20.053143,6,0.662598,2,0.03128055,2,0.9286,0.5,0.5
103,84,1,1,18.962574,8,0.61377,6,0.0298574,3,0.8571,0.5,0.5
103,98,0,1,29.044378,2,0.565918,20,0.02862903,4,0.7857,1.0,0.6
103,83,2,1,19.503739,7,0.588379,13,0.028624,5,1.0,1.0,1.0
103,36,0,1,13.894001,19,0.618164,3,0.02853124,6,1.0,0.5,0.5
103,97,0,1,17.665811,9,0.553711,24,0.02639752,7,0.1429,0.5,0.5
103,23,0,1,15.100014,15,0.570312,17,0.02632035,8,1.0,1.0,1.0
103,21,,0,15.942692,11,0.564941,22,0.02627963,9,0.8571,0.5,0.5
103,37,0,1,11.376987,27,0.609863,8,0.02620014,10,0.0,0.5,0.5
103,86,0,1,11.601914,26,0.602051,11,0.02571241,11,0.9286,1.0,0.6
103,35,0,1,11.715149,25,0.589844,12,0.02565359,12,0.6429,1.0,1.0
103,2,0,1,12.347097,22,0.578613,16,0.02535302,13,1.0,1.0,0.6
103,42,0,1,20.958399,5,0.527832,43,0.02509335,14,0.2857,1.0,0.5
103,27,0,1,27.794115,3,0.505371,51,0.02488202,15,1.0,1.0,0.5
103,34,1,1,10.33609,30,0.585449,14,0.02462462,16,0.4286,1.0,0.2
103,33,0,1,5.61852,53,0.616699,4,0.02447456,17,0.0,0.5,0.5
103,46,0,1,7.027579,45,0.611816,7,0.02444918,18,0.9286,1.0,0.2
103,20,,0,13.513157,20,0.552246,25,0.02426471,19,1.0,0.5,0.6
103,64,,0,15.472595,14,0.530762,39,0.02361452,20,1.0,0.5,0.2
103,47,0,1,4.97672,62,0.614746,5,0.02358134,21,1.0,1.0,1.0
103,96,,0,15.046866,16,0.535156,37,0.02346717,22,0.7857,0.5,0.5
103,17,0,1,14.053755,18,0.539551,34,0.02345881,23,0.7143,0.5,1.0
103,48,0,1,5.792411,52,0.602539,10,0.02321429,24,1.0,0.5,0.5
103,4,,0,7.395849,43,0.584961,15,0.02304207,25,1.0,0.5,0.2
103,54,0,1,16.651403,10,0.50293,55,0.02298137,26,1.0,1.0,0.5
103,52,0,1,21.753253,4,0.469971,81,0.0227172,27,0.8571,0.5,0.2
103,45,0,1,4.814578,64,0.606934,9,0.02255727,28,0.4286,0.5,0.5
103,19,0,1,10.016552,32,0.547852,26,0.02249747,29,1.0,1.0,0.5
103,10,,0,6.228272,49,0.568848,18,0.02199482,30,0.6429,1.0,0.2
103,60,0,1,15.560648,12,0.486328,68,0.02170139,31,1.0,0.5,0.5
103,12,0,1,14.359052,17,0.501953,56,0.0216077,32,1.0,0.5,0.5
103,32,,0,15.472595,13,0.483398,69,0.02145057,33,0.8571,0.5,0.6
103,71,0,1,8.389409,38,0.542969,29,0.02144004,34,1.0,1.0,1.0
103,44,,0,7.350486,44,0.543945,28,0.02097902,35,1.0,0.5,0.6
103,22,,0,9.842572,33,0.532227,38,0.02095677,36,1.0,1.0,0.2
103,90,,0,11.754135,24,0.503906,52,0.02083333,37,1.0,1.0,0.5
103,41,,0,9.371148,34,0.530273,40,0.0206383,38,0.0,0.5,1.0
103,31,,0,6.753464,47,0.541504,31,0.02033481,39,1.0,1.0,0.5
103,18,,0,3.495539,71,0.567383,19,0.02029182,40,1.0,1.0,0.5
103,7,,0,4.929404,63,0.559082,23,0.02017827,41,0.9286,1.0,0.5
103,26,,0,9.250924,35,0.520508,44,0.0201417,42,1.0,1.0,0.6
103,102,,0,12.397389,21,0.482178,71,0.01997927,43,0.7143,1.0,0.5
103,38,,0,10.086933,31,0.503418,53,0.01983857,44,0.6429,1.0,0.6
103,6,,0,2.870281,79,0.56543,21,0.01953992,45,1.0,1.0,0.5
103,39,,0,5.949392,51,0.538574,35,0.01953532,46,0.9286,1.0,0.5
103,100,,0,8.326906,39,0.510254,47,0.0194468,47,1.0,0.5,0.2
103,40,,0,4.671975,66,0.547852,27,0.01943076,48,1.0,0.5,0.2
103,88,,0,5.374224,56,0.540039,33,0.01937338,49,0.4286,0.5,0.2
103,66,,0,10.442464,29,0.490234,65,0.01923596,50,1.0,1.0,0.5
104,83,1,1,89.844148,1,0.731445,1,0.03278689,1,0.2222,0.5,1.0
104,81,1,1,43.810029,2,0.623047,3,0.03200205,2,0.0,0.0,0.5
104,88,2,1,15.932847,9,0.628906,2,0.03062179,3,1.0,1.0,0.2
104,36,0,1,22.773291,4,0.571289,8,0.03033088,4,0.0,1.0,0.5
104,71,0,1,28.534301,3,0.53418,14,0.02938653,5,0.0,0.5,1.0
104,33,0,1,16.252828,8,0.555176,11,0.02879039,6,0.0,0.0,0.5
104,82,3,1,12.211773,13,0.583008,7,0.028624,7,0.0,0.5,0.2
104,86,2,1,10.802564,16,0.595215,5,0.02854251,8,1.0,0.5,0.6
104,18,0,1,20.210746,6,0.525391,17,0.02813853,9,0.0,0.5,0.5
104,34,0,1,17.133974,7,0.526855,16,0.02808327,10,0.0,0.5,0.2
104,85,2,1,8.359523,24,0.618164,4,0.02752976,11,0.3333,0.0,0.5
104,84,2,1,6.593584,33,0.594727,6,0.0259042,12,1.0,1.0,0.5
104,3,,0,8.704731,22,0.532227,15,0.02552846,13,0.0,0.5,0.5
104,64,0,1,14.737752,10,0.505859,29,0.02552167,14,0.7778,1.0,0.2
104,4,0,1,6.565536,34,0.555176,10,0.02492401,15,0.2222,1.0,0.2
104,87,2,1,6.16002,37,0.561523,9,0.02480203,16,1.0,0.5,0.5
104,32,0,1,10.483403,17,0.51416,25,0.02475172,17,1.0,1.0,0.6
104,37,,0,11.229644,15,0.504883,30,0.02444444,18,0.0,0.0,0.5
104,7,,0,6.296826,35,0.541992,12,0.0244152,19,0.0,0.5,0.5
104,90,,0,6.19877,36,0.535156,13,0.0241153,20,0.0,0.5,0.5
104,31,,0,11.697507,14,0.499268,35,0.02403983,21,0.2222,0.5,0.5
104,45,,0,9.893356,19,0.501953,31,0.02364724,22,0.0,0.0,0.5
104,6,0,1,6.909203,32,0.520996,19,0.02352779,23,0.0,0.5,0.5
104,69,0,1,22.625582,5,0.451416,65,0.02338462,24,0.0,0.0,0.5
104,19,,0,7.034328,31,0.505859,28,0.02235265,25,0.0,0.5,0.5
104,96,,0,8.218446,25,0.490479,38,0.02196879,26,1.0,1.0,0.5
104,24,,0,8.609277,23,0.483398,43,0.02175693,27,0.8889,1.0,0.5
104,52,,0,7.58238,29,0.495117,36,0.02165262,28,1.0,1.0,0.2
104,59,,0,13.592207,11,0.444824,74,0.02154719,29,0.0,0.5,1.0
104,100,,0,7.298669,30,0.488037,40,0.02111111,30,0.5556,1.0,0.2
104,63,,0,9.091612,21,0.460205,56,0.02096637,31,0.0,0.5,0.5
104,94,0,1,6.103736,38,0.501465,33,0.02095677,32,0.2222,0.5,0.2
104,39,,0,3.405696,62,0.52002,20,0.02069672,33,0.0,0.5,0.5
104,38,,0,12.963342,12,0.42749,87,0.02069161,34,0.0,0.5,0.6
104,91,,0,5.8893,40,0.500977,34,0.0206383,35,0.0,0.5,0.5
104,2,0,1,3.953623,55,0.514648,24,0.02060041,36,0.0,0.5,0.6
104,47,,0,3.773086,57,0.515625,23,0.0205952,37,0.0,0.5,1.0
104,5,,0,7.768687,26,0.464111,53,0.02047746,38,0.0,0.0,1.0
104,50,0,1,3.990107,54,0.512207,26,0.02039984,39,0.0,0.5,0.6
104,72,,0,9.403337,20,0.447754,69,0.02025194,40,0.8889,1.0,0.5
104,99,,0,4.726031,47,0.501953,32,0.02021536,41,0.0,0.5,0.5
104,46,0,1,2.159738,79,0.525391,18,0.02001476,42,0.0,0.5,0.2
104,49,,0,4.976281,44,0.490723,37,0.01992466,43,0.0,0.0,0.5
104,15,,0,2.850166,72,0.518066,22,0.01977088,44,0.0,0.5,0.5
104,58,,0,10.262364,18,0.431885,85,0.01971706,45,0.0,0.5,0.2
104,10,0,1,3.392283,64,0.509277,27,0.01955877,46,0.0,0.5,0.2
104,60,,0,5.36812,43,0.481201,44,0.01932412,47,0.5556,1.0,0.5
104,1,0,1,1.99407,84,0.519043,21,0.01929012,48,0.0,0.0,0.5
104,55,0,1,7.767884,27,0.445068,73,0.01901305,49,0.1111,0.5,0.5
104,26,,0,7.593644,28,0.445801,72,0.01893939,50,0.0,0.5,0.6
105,81,3,1,96.925285,1,0.741699,1,0.03278689,1,1.0,1.0,0.5
105,82,2,1,52.292842,5,0.680176,2,0.03151365,2,1.0,0.5,0.2
105,21,0,1,57.553739,3,0.635742,4,0.03149802,3,1.0,1.0,0.5
105,23,0,1,53.43271,4,0.621582,6,0.03077652,4,1.0,0.5,1.0
105,97,0,1,52.117949,6,0.599609,9,0.02964427,5,0.875,1.0,0.5
105,98,0,1,60.725197,2,0.555664,20,0.02862903,6,1.0,0.5,0.6
105,17,0,1,28.441158,14,0.608398,8,0.0282194,7,1.0,1.0,1.0
105,6,0,1,31.423998,11,0.587891,13,0.02778314,8,1.0,0.5,0.5
105,84,1,1,36.680985,8,0.560059,18,0.0275264,9,0.375,0.0,0.5
105,83,2,1,48.094728,7,0.515625,33,0.02567806,10,0.875,0.5,1.0
105,19,,0,18.580092,27,0.596191,11,0.02557876,11,1.0,0.5,0.5
105,20,0,1,18.865529,26,0.593262,12,0.0255168,12,0.625,0.0,0.6
105,85,0,1,35.391888,9,0.517578,32,0.02536232,13,0.8125,1.0,0.5
105,37,,0,19.131188,25,0.586914,14,0.02527822,14,0.75,1.0,0.5
105,45,0,1,10.7841,46,0.626465,5,0.02481858,15,1.0,1.0,0.5
105,40,,0,25.590885,15,0.538574,28,0.02469697,16,0.8125,0.0,0.2
105,48,0,1,8.007191,56,0.64502,3,0.02449371,17,0.6875,0.0,0.5
105,38,0,1,28.924917,13,0.509277,34,0.02433693,18,1.0,0.5,0.6
105,22,,0,20.798615,21,0.529297,30,0.02345679,19,1.0,0.5,0.2
105,42,0,1,34.752273,10,0.488525,51,0.02329472,20,1.0,0.5,0.5
105,33,1,1,15.48714,32,0.554688,21,0.02321524,21,0.5,1.0,0.5
105,5,,0,17.011256,30,0.551758,23,0.0231593,22,1.0,1.0,1.0
105,18,0,1,4.882275,78,0.611816,7,0.02217175,23,1.0,0.5,0.5
105,9,,0,17.476427,29,0.498291,38,0.02144004,24,1.0,1.0,0.5
105,100,,0,21.1996,20,0.487793,52,0.02142857,25,0.6875,0.0,0.2
105,49,,0,25.447457,16,0.474365,62,0.02135462,26,1.0,1.0,0.5
105,39,,0,17.62826,28,0.497559,41,0.02126463,27,1.0,0.5,0.5
105,46,,0,11.763608,43,0.541504,27,0.02120299,28,1.0,0.5,0.2
105,47,,0,7.381391,60,0.557617,19,0.02099156,29,1.0,0.5,1.0
105,86,,0,24.790413,18,0.4729,63,0.02095059,30,0.4375,0.5,0.6
105,34,1,1,13.511567,35,0.503418,36,0.02094298,31,1.0,0.5,0.2
105,91,,0,29.152581,12,0.452148,82,0.02093114,32,1.0,0.5,0.5
105,2,0,1,6.033461,69,0.57666,16,0.02090983,33,1.0,0.5,0.6
105,69,,0,20.559936,23,0.482422,55,0.02074384,34,1.0,1.0,0.5
105,7,0,1,2.118341,96,0.599121,10,0.02069597,35,1.0,0.5,0.5
105,14,,0,19.524249,24,0.485352,54,0.02067669,36,1.0,0.5,0.6
105,77,0,1,24.795048,17,0.458496,73,0.02050581,37,1.0,1.0,1.0
105,1,,0,5.521962,75,0.570312,17,0.02039442,38,1.0,1.0,0.5
105,89,,0,24.414838,19,0.462402,70,0.02035054,39,1.0,1.0,1.0
105,4,,0,6.499379,66,0.553711,22,0.02013163,40,0.875,0.0,0.2
105,88,,0,20.635623,22,0.46875,67,0.02006914,41,0.0,0.0,0.2
105,3,,0,3.124364,90,0.581543,15,0.02,42,1.0,0.5,0.5
105,101,,0,16.225065,31,0.481445,57,0.01953602,43,0.875,1.0,1.0
105,36,,0,6.071961,68,0.54541,26,0.01944041,44,1.0,0.0,0.5
105,64,,0,7.588859,59,0.526367,31,0.01939237,45,0.5625,0.0,0.2
105,92,,0,9.439735,51,0.502441,37,0.01931829,46,0.5,0.0,0.6
105,15,,0,10.36891,47,0.497314,42,0.01914972,47,1.0,0.5,0.5
105,30,,0,8.511084,53,0.495117,43,0.0185583,48,1.0,0.5,0.5
105,90,0,1,12.020536,41,0.481934,56,0.01852168,49,1.0,0.5,0.5
105,43,,0,13.869761,34,0.466797,68,0.0184508,50,1.0,0.5,0.5
106,86,3,1,171.673555,1,0.803223,1,0.03278689,1,1.0,1.0,0.6
106,88,1,1,49.588326,2,0.678711,2,0.03225806,2,1.0,0.5,0.2
106,85,3,1,44.661262,3,0.671387,3,0.03174603,3,0.5,0.5,0.5
106,83,0,1,33.85163,5,0.63623,4,0.03100962,4,0.4,1.0,1.0
106,72,0,1,38.609962,4,0.578125,6,0.03077652,5,1.0,0.5,0.5
106,87,2,1,29.620431,6,0.629883,5,0.03053613,6,1.0,1.0,0.5
106,91,0,1,21.57964,11,0.566406,8,0.02879039,7,0.1,1.0,0.5
106,20,0,1,22.760132,10,0.519043,16,0.02744361,8,0.8,0.5,0.6
106,104,0,1,16.007818,16,0.547852,12,0.02704678,9,0.6,0.5,0.6
106,90,0,1,14.696384,18,0.531738,14,0.02633403,10,0.0,1.0,0.5
106,15,,0,14.617705,19,0.516113,18,0.02547874,11,0.0,1.0,0.5
106,81,0,1,6.514597,40,0.571777,7,0.02492537,12,0.0,0.5,0.5
106,46,0,1,7.260891,37,0.565918,9,0.02480203,13,0.0,1.0,0.2
106,60,0,1,19.335573,13,0.48999,31,0.02468764,14,0.7,0.5,0.5
106,40,0,1,24.389052,9,0.480469,41,0.02439374,15,0.5,0.5,0.2
106,96,,0,17.11522,14,0.489746,32,0.02438308,16,1.0,0.5,0.5
106,29,0,1,12.967207,24,0.512207,21,0.02425044,17,0.0,0.5,1.0
106,92,,0,13.747356,21,0.494141,27,0.02383993,18,1.0,0.5,0.6
106,84,,0,5.360892,47,0.544922,13,0.02304442,19,1.0,0.5,0.5
106,68,0,1,25.017545,7,0.460205,66,0.02286188,20,1.0,0.5,0.6
106,11,,0,14.99694,17,0.478027,44,0.0226024,21,0.0,1.0,1.0
106,6,,0,5.173406,49,0.522949,15,0.02250765,22,0.0,1.0,0.5
106,50,,0,4.286575,59,0.549805,11,0.02248787,23,0.2,1.0,0.6
106,30,0,1,6.525921,39,0.51123,22,0.02229613,24,0.2,1.0,0.5
106,89,0,1,11.242245,28,0.489502,33,0.02211632,25,0.0,0.5,1.0
106,4,,0,9.262667,32,0.493652,29,0.02210552,26,0.4,0.5,0.2
106,102,,0,13.446301,23,0.481689,40,0.02204819,27,0.0,1.0,0.5
106,31,,0,6.782768,38,0.502441,25,0.02196879,28,0.4,1.0,0.5
106,93,0,1,24.398728,8,0.439941,79,0.02190013,29,0.0,0.5,0.5
106,82,0,1,2.787092,73,0.557617,10,0.02180451,30,0.1,1.0,0.2
106,64,,0,4.777756,53,0.512695,20,0.02134956,31,0.9,0.5,0.2
106,47,,0,5.355568,48,0.506836,24,0.02116402,32,0.0,1.0,1.0
106,18,,0,3.544111,68,0.516602,17,0.02079951,33,0.0,1.0,0.5
106,99,,0,16.162822,15,0.443359,77,0.0206326,34,0.0,1.0,0.5
106,32,,0,3.787207,66,0.514648,19,0.02059474,35,1.0,0.5,0.6
106,37,,0,11.469025,27,0.471436,52,0.02042282,36,0.0,0.5,0.5
106,65,,0,12.828142,25,0.466797,57,0.02031171,37,0.0,0.5,1.0
106,57,,0,19.741067,12,0.410889,99,0.0201782,38,0.0,0.5,0.5
106,80,,0,4.148012,60,0.496826,26,0.01996124,39,1.0,0.5,0.6
106,2,,0,13.587578,22,0.449707,73,0.01971392,40,0.0,1.0,0.6
106,39,,0,8.791583,35,0.472656,50,0.01961722,41,0.0,1.0,0.5
106,62,,0,13.808397,20,0.437744,81,0.0195922,42,0.0,1.0,0.6
106,49,,0,4.093574,62,0.493896,28,0.01956036,43,0.0,0.5,0.5
106,19,,0,8.921946,34,0.466553,58,0.01911287,44,0.0,1.0,0.5
106,51,,0,7.438674,36,0.46875,55,0.01911232,45,0.5,1.0,0.5
106,16,,0,4.635234,54,0.481934,38,0.01897601,46,1.0,0.5,0.2
106,7,,0,5.702994,45,0.475586,47,0.0188696,47,0.0,1.0,0.5
106,23,,0,10.293321,30,0.449707,74,0.0185738,48,0.2,1.0,1.0
106,45,0,1,0.0,97,0.510742,23,0.01841762,49,0.0,0.5,0.5
106,78,,0,2.383786,77,0.491211,30,0.01841038,50,0.6,1.0,0.5
107,87,3,1,149.972627,1,0.797852,1,0.03278689,1,1.0,1.0,0.5
107,85,2,1,70.890189,2,0.677734,3,0.03200205,2,0.2222,0.5,0.5
107,86,2,1,46.341683,3,0.644531,4,0.03149802,3,0.8889,1.0,0.6
107,52,1,1,26.550554,8,0.602539,6,0.0298574,4,1.0,0.5,0.2
107,49,1,1,27.929713,7,0.578125,7,0.02985075,5,0.0,0.5,0.5
107,88,2,1,19.683539,13,0.693848,2,0.02982766,6,1.0,0.5,0.2
107,51,1,1,32.587391,5,0.53418,11,0.02946912,7,0.2222,1.0,0.5
107,15,0,1,22.829155,9,0.553223,10,0.02877847,8,0.0,1.0,0.5
107,50,1,1,17.011085,16,0.560059,8,0.02786378,9,0.0,1.0,0.6
107,83,0,1,13.519755,23,0.608398,5,0.02743281,10,0.1111,1.0,1.0
107,4,0,1,16.803177,17,0.530273,12,0.0268759,11,0.1111,0.5,0.2
107,68,0,1,32.517817,6,0.481689,35,0.02567783,12,0.7778,0.5,0.6
107,11,0,1,14.756007,22,0.515137,17,0.02518213,13,0.0,1.0,1.0
107,90,,0,7.156276,28,0.527344,13,0.02506227,14,0.0,1.0,0.5
107,29,,0,19.479234,14,0.491943,28,0.02487715,15,0.0,0.5,1.0
107,12,0,1,22.1494,10,0.476562,38,0.0244898,16,0.0,0.5,0.5
107,100,0,1,38.154195,4,0.429199,65,0.023625,17,0.4444,0.5,0.2
107,1,,0,6.544201,30,0.507324,20,0.02361111,18,0.0,0.5,0.5
107,10,0,1,15.389076,20,0.488037,30,0.02361111,19,0.0,1.0,0.2
107,20,,0,20.428956,12,0.463623,47,0.02323468,20,0.5556,0.5,0.6
107,96,,0,21.970662,11,0.460938,50,0.02317542,21,1.0,0.5,0.5
107,32,,0,3.155191,51,0.516602,16,0.0221669,22,1.0,0.5,0.6
107,72,0,1,2.264031,71,0.557617,9,0.02212634,23,0.7778,0.5,0.5
107,60,,0,4.646989,38,0.497803,25,0.02196879,24,0.4444,0.5,0.5
107,35,,0,3.552637,44,0.505859,21,0.02196106,25,0.0,1.0,1.0
107,34,,0,15.550923,19,0.456299,52,0.0215868,26,0.0,1.0,0.2
107,7,,0,15.16815,21,0.46167,49,0.02151999,27,0.0,1.0,0.5
107,39,,0,10.841296,26,0.4646,45,0.02115172,28,0.0,1.0,0.5
107,61,,0,7.253965,27,0.463867,46,0.02092822,29,0.0,0.5,0.5
107,40,,0,18.287827,15,0.419434,72,0.02090909,30,0.2222,0.5,0.2
107,46,,0,1.868248,74,0.519043,15,0.02079602,31,0.0,1.0,0.2
107,28,,0,2.264031,70,0.51416,18,0.02051282,32,0.7778,0.5,0.2
107,2,,0,12.636819,24,0.446045,58,0.02037934,33,0.0,1.0,0.6
107,84,,0,0.940328,86,0.519531,14,0.02036283,34,1.0,0.5,0.5
107,31,,0,3.574864,43,0.486328,34,0.02034704,35,0.1111,1.0,0.5
107,55,,0,5.454328,34,0.465088,44,0.02025368,36,0.0,1.0,0.5
107,26,,0,2.491225,64,0.498535,23,0.02011271,37,0.0,1.0,0.6
107,18,,0,3.217146,49,0.487061,32,0.02004388,38,0.0,1.0,0.5
107,62,,0,16.510782,18,0.404297,81,0.01991271,39,0.0,1.0,0.6
107,13,,0,3.480502,45,0.478516,37,0.01983309,40,0.0,0.5,0.5
107,92,,0,2.682046,61,0.493896,27,0.01975872,41,0.7778,0.5,0.6
107,8,,0,11.567331,25,0.427979,67,0.01963872,42,0.6667,0.5,0.6
107,30,0,1,4.651909,37,0.460693,51,0.01931829,43,0.0,1.0,0.5
107,19,0,1,3.441832,46,0.469238,42,0.01923788,44,0.0,1.0,0.5
107,94,0,1,1.404808,82,0.504883,22,0.01923738,45,0.1111,1.0,0.2
107,91,,0,2.206127,72,0.497803,26,0.01920366,46,0.0,1.0,0.5
107,82,,0,3.028293,52,0.475098,40,0.01892857,47,0.0,1.0,0.2
107,33,0,1,2.42487,66,0.488037,31,0.01892552,48,0.0,0.5,0.5
107,81,,0,0.867482,101,0.508789,19,0.01886941,49,0.0,0.5,0.5
107,47,,0,3.43792,47,0.463135,48,0.01860505,50,0.0,1.0,1.0
108,85,3,1,178.4561,1,0.824707,1,0.03278689,1,1.0,1.0,0.5
108,88,1,1,164.353487,2,0.786621,2,0.03225806,2,0.5,0.0,0.2
108,86,2,1,100.41766,4,0.671387,3,0.03149802,3,1.0,0.5,0.6
108,83,0,1,75.658021,5,0.642578,4,0.03100962,4,1.0,0.5,1.0
108,87,2,1,108.872721,3,0.628906,7,0.03079839,5,0.9167,0.5,0.5
108,29,0,1,19.026311,10,0.581055,12,0.0281746,6,0.5833,1.0,1.0
108,31,0,1,12.367644,20,0.63916,5,0.02788462,7,1.0,0.5,0.5
108,84,0,1,11.821083,21,0.587402,10,0.02663139,8,1.0,0.0,0.5
108,17,0,1,27.688264,8,0.539551,27,0.02620014,9,0.3333,1.0,1.0
108,6,0,1,11.712242,23,0.57959,13,0.02574682,10,1.0,0.5,0.5
108,49,0,1,10.289306,31,0.602539,8,0.02569489,11,0.6667,1.0,0.5
108,81,0,1,9.66953,36,0.630371,6,0.02556818,12,0.5833,1.0,0.5
108,68,0,1,15.070317,13,0.539062,29,0.02493459,13,1.0,0.0,0.6
108,9,,0,11.420447,24,0.552246,20,0.02440476,14,0.0,1.0,0.5
108,5,,0,12.637274,19,0.539551,26,0.02428613,15,0.1667,1.0,1.0
108,33,,0,8.580294,42,0.562012,15,0.02313725,16,0.0,1.0,0.5
108,25,0,1,21.739219,9,0.502441,58,0.02296733,17,0.1667,1.0,0.5
108,76,0,1,28.441316,7,0.490479,65,0.02292537,18,0.75,0.0,0.2
108,4,,0,8.765112,41,0.556152,19,0.02255922,19,1.0,0.0,0.2
108,91,0,1,31.17794,6,0.472412,81,0.02224371,20,1.0,0.5,0.5
108,67,0,1,17.248786,12,0.498779,61,0.02215335,21,1.0,0.5,0.5
108,34,0,1,10.36903,30,0.536133,31,0.02210012,22,0.0,0.5,0.2
108,15,0,1,4.741482,75,0.597168,9,0.02190016,23,0.9167,0.5,0.5
108,66,,0,12.793237,18,0.514648,52,0.02174908,24,0.9167,0.5,0.5
108,44,,0,17.497902,11,0.484131,71,0.02171809,25,1.0,0.0,0.6
108,7,,0,6.534515,58,0.560547,16,0.02163247,26,0.5833,0.5,0.5
108,10,0,1,4.580242,77,0.581055,11,0.02138378,27,0.25,0.5,0.2
108,82,,0,5.174763,70,0.564453,14,0.02120582,28,1.0,0.5,0.2
108,63,,0,13.071119,17,0.492676,63,0.02111709,29,0.9167,0.5,0.5
108,19,,0,7.14485,53,0.544922,22,0.02104468,30,1.0,0.5,0.5
108,90,,0,10.677912,28,0.518555,46,0.0207976,31,0.9167,0.5,0.5
108,95,,0,13.247271,16,0.478516,79,0.02035214,32,1.0,0.5,1.0
108,50,,0,8.416703,46,0.53418,33,0.02018665,33,1.0,0.5,0.6
108,100,,0,5.860228,63,0.544922,23,0.02017827,34,1.0,0.0,0.2
108,77,,0,13.462536,15,0.451416,87,0.02013605,35,1.0,1.0,1.0
108,57,,0,10.775939,27,0.503906,56,0.02011494,36,0.0,1.0,0.5
108,72,0,1,9.783947,35,0.518555,45,0.02005013,37,1.0,0.0,0.5
108,13,,0,10.638866,29,0.509277,54,0.02000788,38,0.5833,1.0,0.5
108,18,,0,8.558688,44,0.527832,37,0.01992466,39,0.6667,0.5,0.5
108,53,,0,13.754616,14,0.429199,97,0.01988294,40,0.5833,1.0,1.0
108,51,0,1,10.131784,32,0.509766,53,0.01971912,41,1.0,0.5,0.5
108,52,,0,3.013315,90,0.557129,18,0.01948718,42,1.0,0.0,0.2
108,14,,0,8.487432,45,0.52002,41,0.0194248,43,1.0,0.5,0.6
108,32,,0,2.20906,98,0.560547,17,0.01931613,44,1.0,0.0,0.6
108,46,0,1,3.781196,84,0.546875,21,0.01929012,45,0.5833,0.5,0.2
108,3,,0,7.285121,50,0.524414,39,0.01919192,46,0.3333,0.5,0.5
108,97,,0,6.544485,57,0.53125,34,0.01918531,47,0.0,1.0,0.5
108,94,,0,4.66589,76,0.540039,25,0.01911765,48,1.0,0.5,0.2
108,30,,0,3.778796,85,0.540039,24,0.01880131,49,1.0,0.5,0.5
108,21,,0,11.73175,22,0.427979,98,0.01852424,50,0.5,1.0,0.5
109,88,3,1,147.533469,1,0.80957,1,0.03278689,1,1.0,1.0,0.2
109,85,1,1,97.892733,2,0.694336,2,0.03225806,2,0.0,0.0,0.5
109,87,2,1,72.252811,3,0.672363,3,0.03174603,3,0.3333,0.5,0.5
109,86,1,1,54.226334,4,0.610352,4,0.03125,4,0.0,0.5,0.6
109,83,0,1,39.212632,5,0.594727,6,0.03053613,5,0.0,0.5,1.0
109,11,0,1,23.261163,8,0.565918,9,0.02919864,6,0.0,0.5,1.0
109,4,0,1,10.667212,14,0.609863,5,0.02889813,7,0.0,1.0,0.2
109,15,0,1,16.148081,11,0.554199,10,0.02837022,8,0.0,0.5,0.5
109,68,0,1,12.491247,12,0.544434,13,0.02758752,9,0.0,1.0,0.6
109,52,0,1,24.156075,7,0.53125,19,0.0275836,10,0.1667,1.0,0.2
109,100,0,1,26.794001,6,0.520508,24,0.02705628,11,0.0,1.0,0.2
109,44,0,1,17.301882,10,0.525879,22,0.02648084,12,0.0,1.0,0.6
109,19,,0,8.348151,24,0.527344,21,0.02425044,13,0.0,0.5,0.5
109,84,0,1,10.563088,15,0.508301,34,0.02397163,14,0.1667,1.0,0.5
109,90,0,1,4.406525,51,0.587891,7,0.02393438,15,0.0,0.5,0.5
109,104,0,1,10.755424,13,0.503418,40,0.02369863,16,0.0,1.0,0.6
109,82,,0,6.606174,35,0.53418,17,0.02351333,17,0.0,0.5,0.2
109,81,,0,4.904039,44,0.549805,12,0.02350427,18,0.0,0.0,0.5
109,7,,0,9.743294,17,0.503906,38,0.02319109,19,0.0,0.5,0.5
109,80,0,1,3.947203,52,0.55127,11,0.02301308,20,0.5,1.0,0.6
109,18,,0,7.566382,29,0.51709,25,0.02300066,21,0.0,0.5,0.5
109,94,0,1,4.506864,48,0.543945,14,0.02277277,22,0.0,0.5,0.2
109,1,,0,4.923826,43,0.533691,18,0.02252925,23,0.0,0.0,0.5
109,39,0,1,2.2737,69,0.566895,8,0.02245782,24,0.0,0.5,0.5
109,12,,0,8.70218,20,0.490723,47,0.02184579,25,0.0,1.0,0.5
109,3,,0,9.490121,18,0.481445,53,0.02167007,26,0.0,0.5,0.5
109,6,,0,6.14868,40,0.513672,27,0.02149425,27,0.0,0.5,0.5
109,32,0,1,4.689198,46,0.523438,23,0.02148216,28,0.1667,1.0,0.6
109,76,,0,10.111986,16,0.466309,65,0.02115789,29,0.6667,1.0,0.2
109,99,0,1,19.32397,9,0.41333,99,0.02078206,30,0.0,0.5,0.5
109,78,,0,4.538275,47,0.513184,29,0.02058175,31,0.0,0.5,0.5
109,20,,0,3.853065,53,0.515625,26,0.02047746,32,0.0,1.0,0.6
109,31,,0,1.348837,80,0.538086,15,0.02047619,33,0.0,0.5,0.5
109,10,,0,7.512892,30,0.486572,49,0.02028542,34,0.0,0.5,0.2
109,50,,0,0.820599,83,0.536621,16,0.0201509,35,0.0,0.5,0.6
109,75,,0,8.511899,21,0.462402,69,0.02009762,36,0.0,0.5,0.5
109,34,,0,9.336747,19,0.450928,78,0.0199046,37,0.0,0.5,0.2
109,103,,0,8.331309,26,0.465576,66,0.01956441,38,0.0,0.5,0.5
109,2,,0,8.34534,25,0.459717,71,0.01939829,39,0.0,0.5,0.6
109,64,,0,5.446235,42,0.494629,45,0.01932773,40,0.0,1.0,0.2
109,29,,0,0.0,88,0.529297,20,0.01925676,41,0.0,0.0,1.0
109,93,,0,6.606174,36,0.481201,56,0.01903736,42,0.0,0.0,0.5
109,24,,0,8.49837,23,0.437988,86,0.01889751,43,0.0,1.0,0.5
109,60,,0,1.772876,73,0.513184,28,0.01888243,44,0.0,1.0,0.5
109,22,,0,6.68267,34,0.476074,62,0.01883502,45,0.0,0.5,0.2
109,56,0,1,8.500497,22,0.428711,93,0.01873107,46,0.0,1.0,0.6
109,5,,0,2.070159,72,0.51123,31,0.01856477,47,0.0,0.0,1.0
109,40,,0,2.260303,70,0.509277,33,0.018445,48,0.0,1.0,0.2
109,96,,0,3.292284,56,0.499512,43,0.01832943,49,0.3333,1.0,0.5
109,97,,0,6.721586,33,0.456299,74,0.01821537,50,0.0,0.0,0.5
110,86,3,1,165.352699,1,0.819824,1,0.03278689,1,1.0,1.0,0.6
110,72,0,1,43.481012,3,0.561035,9,0.03036577,2,1.0,0.5,0.5
110,91,0,1,27.90663,6,0.577637,7,0.03007689,3,0.2,1.0,0.5
110,40,0,1,46.943101,2,0.546875,13,0.02982766,4,0.6,0.5,0.2
110,87,2,1,16.289773,16,0.583008,5,0.02854251,5,1.0,1.0,0.5
110,88,1,1,13.511696,20,0.625,3,0.02837302,6,1.0,0.5,0.2
110,85,3,1,10.588695,24,0.641602,2,0.02803379,7,0.6,0.5,0.5
110,82,0,1,7.190935,40,0.587891,4,0.025625,8,0.2,1.0,0.2
110,83,0,1,7.540066,38,0.580078,6,0.0253556,9,0.5,1.0,1.0
110,81,0,1,8.107508,35,0.568359,8,0.0252322,10,0.0,0.5,0.5
110,92,,0,16.102725,18,0.51123,26,0.02444842,11,1.0,0.5,0.6
110,37,,0,12.293588,22,0.512695,23,0.02424331,12,0.0,0.5,0.5
110,6,0,1,7.405652,39,0.550781,11,0.02418552,13,0.1,1.0,0.5
110,43,0,1,18.925226,12,0.48877,38,0.02409297,14,0.0,1.0,0.5
110,65,0,1,30.054734,4,0.473877,62,0.02382172,15,0.0,0.5,1.0
110,96,,0,16.149829,17,0.490234,37,0.02329629,16,1.0,0.5,0.5
110,50,,0,12.859724,21,0.496094,32,0.02321524,17,0.3,1.0,0.6
110,104,0,1,6.573319,48,0.540527,14,0.02277277,18,0.7,0.5,0.6
110,93,0,1,25.216927,9,0.475098,61,0.02275722,19,0.0,0.5,0.5
110,36,,0,15.369626,19,0.487061,41,0.02255922,20,0.3,0.5,0.5
110,99,0,1,29.21535,5,0.459717,80,0.02252747,21,0.0,1.0,0.5
110,47,,0,8.487386,33,0.512207,25,0.02251739,22,0.0,1.0,1.0
110,58,0,1,26.163703,7,0.466797,72,0.02250113,23,0.0,1.0,0.2
110,45,,0,6.970936,42,0.527832,19,0.02246215,24,0.0,0.5,0.5
110,46,,0,5.456731,60,0.550781,12,0.02222222,25,0.0,1.0,0.2
110,66,0,1,20.765471,10,0.471191,67,0.02215973,26,0.0,1.0,0.5
110,7,,0,8.829766,32,0.500977,29,0.02210552,27,0.0,1.0,0.5
110,12,0,1,25.29441,8,0.462402,77,0.02200515,28,0.4,0.5,0.5
110,18,,0,6.270084,52,0.533691,18,0.02174908,29,0.0,1.0,0.5
110,78,,0,6.934022,43,0.512695,24,0.0216135,30,0.7,1.0,0.5
110,20,0,1,3.142239,81,0.558105,10,0.02137791,31,0.9,0.5,0.6
110,26,,0,9.175945,27,0.484863,46,0.02092822,32,0.0,1.0,0.6
110,68,,0,18.50562,13,0.455322,81,0.02079083,33,1.0,0.5,0.6
110,5,,0,10.461113,25,0.480225,54,0.02053664,34,0.0,0.5,1.0
110,22,0,1,17.934297,14,0.449463,84,0.02045796,35,0.0,1.0,0.2
110,42,,0,20.761232,11,0.408203,99,0.02037382,36,0.0,1.0,0.5
110,31,,0,2.330433,85,0.535645,16,0.02005445,37,0.5,1.0,0.5
110,30,0,1,2.035552,89,0.537598,15,0.02004474,38,0.3,1.0,0.5
110,55,,0,9.146141,28,0.476318,59,0.019767,39,0.4,1.0,0.5
110,29,,0,1.494521,91,0.534668,17,0.01960953,40,0.0,0.5,1.0
110,48,,0,9.06811,30,0.477295,58,0.01958569,41,0.8,0.5,0.5
110,67,0,1,17.756923,15,0.395264,102,0.01950617,42,0.3,1.0,0.5
110,3,,0,7.932976,36,0.480957,51,0.01942568,43,0.0,1.0,0.5
110,101,0,1,7.092159,41,0.485107,45,0.0194248,44,0.0,0.5,1.0
110,79,,0,9.324711,26,0.46875,69,0.01937984,45,0.9,1.0,0.5
110,19,,0,9.145861,29,0.473389,63,0.01936604,46,0.1,1.0,0.5
110,15,0,1,2.147878,87,0.519043,20,0.01930272,47,0.0,1.0,0.5
110,69,,0,5.429797,61,0.498291,31,0.01925347,48,0.0,0.5,0.5
110,84,,0,2.733443,83,0.517578,22,0.01918813,49,1.0,0.5,0.5
110,77,,0,6.327137,51,0.487793,39,0.01911002,50,0.1,0.5,1.0
111,89,3,1,55.441067,3,0.678711,1,0.03226646,1,0.625,0.5,1.0
111,90,2,1,105.401807,1,0.634277,4,0.03201844,2,1.0,1.0,0.5
111,92,1,1,88.680657,2,0.637207,3,0.03200205,3,1.0,0.5,0.6
111,91,3,1,36.667,5,0.646973,2,0.03151365,4,1.0,1.0,0.5
111,96,0,1,30.963268,8,0.591797,5,0.0300905,5,0.9375,0.5,0.5
111,93,0,1,24.899446,11,0.56543,6,0.02923602,6,1.0,0.5,0.5
111,45,0,1,20.241247,18,0.526855,18,0.02564103,7,0.5,0.5,0.5
111,31,0,1,36.579159,6,0.48877,44,0.0247669,8,1.0,1.0,0.5
111,8,0,1,15.068916,29,0.532227,14,0.02474947,9,1.0,0.5,0.6
111,82,,0,12.786122,35,0.538086,12,0.0244152,10,1.0,1.0,0.2
111,103,0,1,36.70009,4,0.475586,56,0.02424569,11,0.9375,1.0,0.5
111,17,0,1,10.43315,44,0.55127,9,0.02410814,12,0.75,0.5,1.0
111,86,0,1,8.972465,50,0.556641,8,0.02379679,13,1.0,1.0,0.6
111,33,0,1,10.398066,46,0.546875,10,0.02371968,14,0.0,0.5,0.5
111,102,,0,14.618464,30,0.524414,20,0.02361111,15,0.75,1.0,0.5
111,75,,0,21.791635,13,0.489502,43,0.02340737,16,1.0,1.0,0.5
111,5,0,1,18.738262,22,0.504883,31,0.02318413,17,0.625,0.5,1.0
111,47,,0,15.214315,27,0.512207,28,0.02285789,18,1.0,1.0,1.0
111,94,,0,13.362036,34,0.51709,23,0.02268649,19,1.0,1.0,0.2
111,7,,0,13.539926,33,0.51416,24,0.02265745,20,0.9375,1.0,0.5
111,78,0,1,27.926959,9,0.46875,64,0.02255727,21,1.0,1.0,0.5
111,23,,0,14.232872,32,0.512207,27,0.02236382,22,1.0,1.0,1.0
111,101,,0,7.155587,58,0.532715,13,0.02217321,23,0.25,0.5,1.0
111,81,0,1,3.836211,65,0.538086,11,0.02208451,24,0.9375,0.5,0.5
111,83,0,1,12.174838,37,0.513184,25,0.02207398,25,1.0,1.0,1.0
111,53,0,1,32.335922,7,0.455566,80,0.02206823,26,0.9375,0.5,1.0
111,46,,0,7.999998,54,0.530273,16,0.02192982,27,0.9375,1.0,0.2
111,29,0,1,10.430799,45,0.518555,21,0.02186949,28,0.9375,0.5,1.0
111,21,0,1,23.972494,12,0.463867,71,0.02152248,29,0.875,0.5,0.5
111,61,,0,19.653886,20,0.479492,52,0.02142857,30,0.5,0.5,0.5
111,37,0,1,0.0,95,0.564941,7,0.02137699,31,0.125,0.5,0.5
111,3,,0,8.44697,53,0.51709,22,0.02104468,32,0.75,1.0,0.5
111,32,,0,21.148099,16,0.466553,67,0.02103191,33,1.0,0.5,0.6
111,12,,0,15.369621,25,0.482178,49,0.02093902,34,1.0,0.5,0.5
111,84,,0,2.896819,71,0.527832,17,0.0206206,35,1.0,0.5,0.5
111,100,0,1,25.193653,10,0.425537,98,0.02061483,36,1.0,0.5,0.2
111,85,,0,11.875636,39,0.5,36,0.02051768,37,1.0,0.5,0.5
111,19,,0,10.763514,42,0.500488,34,0.02044222,38,1.0,1.0,0.5
111,1,,0,9.177026,49,0.508301,29,0.02041027,39,0.5,0.5,0.5
111,13,,0,21.471601,14,0.440186,88,0.02027027,40,0.9375,0.5,0.5
111,95,,0,19.781737,19,0.463135,72,0.02023399,41,1.0,1.0,1.0
111,30,,0,11.475971,40,0.499268,38,0.02020408,42,1.0,1.0,0.5
111,20,,0,1.437302,86,0.532227,15,0.02018265,43,1.0,0.5,0.6
111,39,,0,15.331283,26,0.474365,57,0.02017492,44,0.9375,1.0,0.5
111,36,,0,2.578766,74,0.525391,19,0.02012091,45,1.0,0.5,0.5
111,55,,0,16.943262,23,0.466309,68,0.01986069,46,1.0,1.0,0.5
111,49,,0,9.613214,48,0.500488,35,0.01978558,47,1.0,0.5,0.5
111,74,,0,21.284571,15,0.426025,96,0.01974359,48,1.0,1.0,0.6
111,4,,0,7.469188,57,0.506348,30,0.01965812,49,1.0,0.5,0.2
111,15,,0,15.919133,24,0.462646,73,0.01942356,50,1.0,1.0,0.5
112,89,3,1,115.339873,1,0.730957,1,0.03278689,1,1.0,1.0,1.0
112,90,2,1,89.97876,2,0.692383,2,0.03225806,2,0.9375,0.5,0.5
112,92,1,1,71.445678,3,0.659668,3,0.03174603,3,0.25,0.0,0.6
112,91,2,1,53.222241,5,0.645508,4,0.03100962,4,0.8125,0.5,0.5
112,101,1,1,36.772224,8,0.5625,11,0.02879039,5,1.0,1.0,1.0
112,103,0,1,52.518105,6,0.551758,17,0.02813853,6,1.0,0.5,0.5
112,20,0,1,35.828729,9,0.552246,15,0.02782609,7,0.375,0.0,0.6
112,104,0,1,22.848581,15,0.561035,12,0.02722222,8,0.5,0.0,0.6
112,96,0,1,14.724652,25,0.608398,5,0.02714932,9,0.0625,0.0,0.5
112,102,0,1,16.674091,21,0.570801,8,0.02705156,10,1.0,0.5,0.5
112,62,,0,26.547454,13,0.538574,25,0.02546334,11,1.0,0.5,0.6
112,37,0,1,12.384578,37,0.584473,6,0.02546079,12,1.0,1.0,0.5
112,8,,0,17.746892,20,0.54248,20,0.025,13,0.3125,0.0,0.6
112,29,0,1,30.572377,10,0.522461,34,0.02492401,14,1.0,1.0,1.0
112,93,,0,15.766881,22,0.54541,19,0.02485335,15,1.0,1.0,0.5
112,61,0,1,41.768043,7,0.504395,53,0.02377493,16,1.0,1.0,0.5
112,78,,0,11.755307,39,0.558105,14,0.02361452,17,0.5,0.5,0.5
112,40,,0,14.26557,27,0.541504,23,0.02354245,18,0.5625,0.0,0.2
112,25,0,1,22.185845,16,0.519043,37,0.02346717,19,1.0,1.0,0.5
112,7,,0,30.244333,11,0.507324,47,0.0234303,20,1.0,0.5,0.5
112,23,,0,12.622574,35,0.54541,18,0.02334683,21,0.75,0.5,1.0
112,46,0,1,7.5381,53,0.563965,10,0.02313527,22,1.0,0.5,0.2
112,66,,0,29.149883,12,0.506836,49,0.0230632,23,0.9375,0.5,0.5
112,68,0,1,64.367174,4,0.477295,76,0.02297794,24,0.25,0.0,0.6
112,17,0,1,4.322003,67,0.57373,7,0.02279939,25,1.0,1.0,1.0
112,36,0,1,6.531409,57,0.559082,13,0.02224564,26,0.75,0.0,0.5
112,47,0,1,11.500867,40,0.541992,22,0.02219512,27,0.9375,0.5,1.0
112,39,0,1,3.889731,70,0.564453,9,0.02218506,28,1.0,0.5,0.5
112,2,,0,15.578126,23,0.516602,39,0.0221492,29,1.0,0.5,0.6
112,9,0,1,24.370646,14,0.499512,57,0.02206052,30,1.0,1.0,0.5
112,82,,0,12.999235,34,0.53418,29,0.02187425,31,0.8125,0.5,0.2
112,12,,0,13.593849,29,0.519043,36,0.02165262,32,0.6875,0.0,0.5
112,3,,0,14.357389,26,0.515625,40,0.02162791,33,1.0,0.5,0.5
112,86,,0,10.039043,43,0.539062,24,0.0216135,34,0.1875,0.5,0.6
112,69,,0,13.444031,31,0.511719,44,0.0206044,35,1.0,1.0,0.5
112,75,,0,13.092371,32,0.51123,45,0.02039337,36,0.3125,0.5,0.5
112,55,,0,8.741341,49,0.528809,31,0.02016332,37,0.6875,0.5,0.5
112,30,,0,7.33709,54,0.53125,30,0.01988304,38,0.75,0.5,0.5
112,94,,0,1.990497,90,0.552246,16,0.01982456,39,0.625,0.5,0.2
112,71,,0,20.083362,18,0.465088,88,0.01957727,40,1.0,0.5,1.0
112,100,0,1,21.328319,17,0.456299,93,0.01952296,41,0.4375,0.0,0.2
112,95,,0,19.926998,19,0.458008,91,0.01928074,42,0.5,0.5,1.0
112,81,,0,13.004455,33,0.499023,58,0.01922726,43,1.0,1.0,0.5
112,26,,0,8.877724,47,0.51416,42,0.01914972,44,1.0,0.5,0.6
112,80,,0,7.693321,52,0.514648,41,0.01882956,45,0.0,0.0,0.6
112,54,,0,0.549488,97,0.54248,21,0.01871511,46,0.8125,0.5,0.5
112,64,0,1,2.911006,79,0.534668,28,0.01855788,47,0.3125,0.0,0.2
112,50,,0,3.739911,72,0.523926,32,0.01844532,48,0.75,0.5,0.6
112,5,,0,9.025392,46,0.505371,51,0.01844297,49,1.0,1.0,1.0
112,14,,0,12.513152,36,0.488281,65,0.01841667,50,0.75,0.5,0.6
113,92,3,1,86.879586,1,0.790527,1,0.03278689,1,1.0,1.0,0.6
113,91,1,1,60.690529,2,0.655762,2,0.03225806,2,0.0,0.5,0.5
113,89,1,1,49.00763,4,0.637695,3,0.03149802,3,0.0,0.0,1.0
113,3,0,1,21.130879,19,0.626953,5,0.02804284,4,0.0,0.5,0.5
113,60,0,1,49.722622,3,0.57666,23,0.02792121,5,0.6667,1.0,0.5
113,2,0,1,22.184398,16,0.608398,8,0.02786378,6,0.0,0.5,0.6
113,90,1,1,41.152233,5,0.583984,21,0.02773029,7,0.0,0.5,0.5
113,23,0,1,19.293239,24,0.61377,7,0.02683014,8,0.1111,0.5,1.0
113,12,0,1,19.578806,23,0.606934,10,0.02633391,9,0.2222,1.0,0.5
113,24,0,1,18.307836,27,0.608398,9,0.02598701,10,1.0,1.0,0.5
113,1,0,1,19.66736,21,0.598145,14,0.02585919,11,0.0,0.0,0.5
113,19,0,1,23.049879,14,0.581543,22,0.02570864,12,0.0,0.5,0.5
113,4,0,1,14.318186,36,0.621582,6,0.02556818,13,0.3333,1.0,0.2
113,21,0,1,27.739187,9,0.564453,33,0.02524544,14,0.0,0.0,0.5
113,52,0,1,37.742765,7,0.553711,42,0.02472929,15,1.0,1.0,0.2
113,104,1,1,18.370298,26,0.589844,18,0.02444842,16,0.5556,1.0,0.6
113,58,0,1,17.053462,29,0.591309,16,0.02439385,17,0.0,0.5,0.2
113,81,,0,21.309317,18,0.570801,28,0.02418415,18,0.0,0.0,0.5
113,47,0,1,20.498683,20,0.57373,26,0.02412791,19,0.0,0.5,1.0
113,40,0,1,13.996802,38,0.599121,13,0.02390271,20,0.4444,1.0,0.2
113,69,,0,17.876039,28,0.585449,20,0.02386364,21,0.0,0.0,0.5
113,18,0,1,23.263402,12,0.549805,43,0.02359763,22,0.0,0.5,0.5
113,32,0,1,38.1637,6,0.521484,60,0.02348485,23,1.0,1.0,0.6
113,84,,0,16.783892,31,0.57666,24,0.02289377,24,1.0,1.0,0.5
113,37,,0,12.447184,41,0.586426,19,0.02255922,25,0.0,0.0,0.5
113,10,0,1,10.522694,45,0.589844,17,0.02251082,26,0.0,0.5,0.2
113,7,,0,15.88694,35,0.576172,25,0.02229102,27,0.0,0.5,0.5
113,101,1,1,22.6871,15,0.531738,52,0.0222619,28,0.0,0.0,1.0
113,36,0,1,2.478769,91,0.630371,4,0.02224752,29,0.1111,1.0,0.5
113,33,,0,6.181651,67,0.605957,11,0.02195852,30,0.0,0.0,0.5
113,100,0,1,24.452467,10,0.503906,72,0.02186147,31,0.6667,1.0,0.2
113,6,,0,12.681933,39,0.570312,29,0.02133697,32,0.0,0.5,0.5
113,75,,0,23.107332,13,0.504395,71,0.02133222,33,0.8889,0.5,0.5
113,103,0,1,36.431371,8,0.465576,94,0.02119939,34,0.0,0.5,0.5
113,57,,0,23.724213,11,0.486816,82,0.02112676,35,0.0,0.0,0.5
113,46,,0,3.711005,81,0.604492,12,0.02098109,36,0.0,0.5,0.2
113,72,,0,16.038864,34,0.556152,38,0.02084238,37,1.0,1.0,0.5
113,102,1,1,16.46624,32,0.555176,41,0.02077056,38,0.0,0.5,0.5
113,26,,0,12.608171,40,0.563965,35,0.02052632,39,0.0,0.5,0.6
113,63,,0,18.901304,25,0.527832,55,0.02046036,40,0.0,0.5,0.5
113,49,,0,19.597086,22,0.52002,63,0.0203252,41,0.0,0.0,0.5
113,17,0,1,1.631196,99,0.592285,15,0.01962264,42,0.0,0.0,1.0
113,5,,0,16.450119,33,0.53125,53,0.01960225,43,0.0,0.0,1.0
113,34,,0,8.653131,54,0.564453,34,0.01941023,44,0.0,0.5,0.2
113,41,,0,21.705219,17,0.452148,99,0.01927632,45,0.0,0.0,1.0
113,45,,0,4.414475,75,0.572754,27,0.01890166,46,0.0,0.0,0.5
113,64,,0,10.122816,47,0.538574,47,0.01869159,47,0.8889,1.0,0.2
113,8,0,1,5.511662,69,0.565918,32,0.0186215,48,0.8889,1.0,0.6
113,48,,0,4.179178,77,0.567871,30,0.01841038,49,0.6667,1.0,0.5
113,35,,0,9.947989,49,0.535156,49,0.01834862,50,0.0,0.5,1.0
114,91,3,1,130.566508,1,0.817871,1,0.03278689,1,1.0,1.0,0.5
114,96,0,1,54.007919,3,0.646484,3,0.03174603,2,0.8125,0.5,0.5
114,92,1,1,40.167895,8,0.669434,2,0.03083491,3,1.0,0.5,0.6
114,90,2,1,43.707585,5,0.624023,5,0.03076923,4,1.0,1.0,0.5
114,89,2,1,38.302701,10,0.645996,4,0.02991071,5,0.75,0.5,1.0
114,94,0,1,41.741892,6,0.590332,9,0.02964427,6,1.0,1.0,0.2
114,93,0,1,36.590834,11,0.600586,7,0.02900988,7,1.0,0.5,0.5
114,61,0,1,47.425824,4,0.553711,15,0.02895833,8,0.625,0.5,0.5
114,64,0,1,31.143128,13,0.585449,10,0.02798434,9,1.0,0.5,0.2
114,95,0,1,40.374338,7,0.537109,26,0.02655328,10,1.0,1.0,1.0
114,46,0,1,17.372625,26,0.59375,8,0.02633379,11,1.0,1.0,0.2
114,86,0,1,17.07131,30,0.615234,6,0.02626263,12,0.9375,1.0,0.6
114,102,0,1,54.855684,2,0.523438,41,0.02603002,13,0.875,1.0,0.5
114,72,,0,21.238861,20,0.556152,14,0.02601351,14,1.0,0.5,0.5
114,83,,0,24.921586,16,0.548828,18,0.02597841,15,1.0,1.0,1.0
114,62,0,1,39.22567,9,0.527832,32,0.02536232,16,1.0,1.0,0.6
114,104,,0,9.497027,49,0.560059,12,0.0230632,17,1.0,0.5,0.6
114,7,,0,16.759578,31,0.544434,23,0.0230372,18,1.0,1.0,0.5
114,84,,0,17.767557,25,0.53125,30,0.02287582,19,0.875,0.5,0.5
114,81,,0,30.525604,14,0.515625,49,0.02268783,20,1.0,0.5,0.5
114,58,0,1,10.164991,45,0.547363,19,0.02218204,21,1.0,1.0,0.2
114,99,0,1,20.056706,23,0.523926,39,0.0221492,22,1.0,1.0,0.5
114,60,,0,20.995748,21,0.521973,43,0.02205442,23,1.0,0.5,0.5
114,37,0,1,13.517956,35,0.531738,29,0.02176227,24,0.25,0.5,0.5
114,29,,0,23.844512,17,0.513672,54,0.02175894,25,1.0,0.5,1.0
114,50,0,1,4.286575,66,0.556152,13,0.02163514,26,1.0,1.0,0.6
114,15,,0,7.054654,59,0.550781,17,0.02139037,27,1.0,1.0,0.5
114,34,,0,9.768332,47,0.541504,24,0.02125056,28,0.625,1.0,0.2
114,63,,0,16.594979,32,0.523438,40,0.02086957,29,1.0,1.0,0.5
114,36,,0,7.43032,57,0.545898,22,0.02074213,30,1.0,0.5,0.5
114,103,,0,34.936156,12,0.475586,87,0.02069161,31,1.0,1.0,0.5
114,6,0,1,2.924882,73,0.55127,16,0.02067669,32,1.0,1.0,0.5
114,40,,0,23.355403,19,0.5,67,0.02053224,33,1.0,0.5,0.2
114,87,,0,20.202887,22,0.504395,60,0.02052846,34,0.8125,1.0,0.5
114,39,,0,23.470514,18,0.49585,70,0.02051282,35,1.0,1.0,0.5
114,11,,0,27.263489,15,0.480713,82,0.02037559,36,1.0,1.0,1.0
114,69,0,1,0.0,99,0.567383,11,0.02037382,37,0.875,0.5,0.5
114,12,,0,7.484621,56,0.536133,28,0.01998433,38,1.0,0.5,0.5
114,26,,0,2.906117,74,0.546387,20,0.01996269,39,1.0,1.0,0.6
114,20,,0,17.14327,28,0.511719,57,0.01991064,40,1.0,0.5,0.6
114,31,,0,13.49152,36,0.51709,47,0.01976246,41,1.0,1.0,0.5
114,3,,0,9.626223,48,0.525879,36,0.01967593,42,0.875,1.0,0.5
114,82,,0,13.86515,34,0.515137,51,0.01964731,43,1.0,1.0,0.2
114,23,,0,7.265858,58,0.527832,31,0.01946359,44,1.0,1.0,1.0
114,47,0,1,11.354544,42,0.517578,46,0.01923788,45,1.0,1.0,1.0
114,52,,0,3.229142,70,0.536621,27,0.01918656,46,0.875,0.5,0.2
114,2,0,1,12.646691,38,0.514648,52,0.01913265,47,1.0,1.0,0.6
114,25,,0,8.840931,52,0.524414,38,0.01913265,48,0.75,0.5,0.5
114,57,,0,18.990259,24,0.486816,79,0.01909901,49,0.5,0.5,0.5
114,28,,0,14.076081,33,0.500977,64,0.0188172,50,1.0,0.5,0.2
115,90,3,1,154.668914,1,0.712402,1,0.03278689,1,1.0,1.0,0.5
115,89,2,1,60.212772,2,0.581543,4,0.03175403,2,0.6875,0.5,1.0
115,92,1,1,35.390174,5,0.605957,2,0.03151365,3,1.0,0.5,0.6
115,91,2,1,33.298109,6,0.595215,3,0.03102453,4,1.0,1.0,0.5
115,103,0,1,41.752885,3,0.559082,11,0.02995752,5,1.0,1.0,0.5
115,104,0,1,18.903775,13,0.568848,6,0.02885015,6,1.0,0.5,0.6
115,78,0,1,30.99131,8,0.557617,12,0.02859477,7,1.0,1.0,0.5
115,101,1,1,33.134103,7,0.546387,15,0.02825871,8,0.3125,0.5,1.0
115,37,0,1,16.958782,18,0.577637,5,0.02820513,9,0.1875,0.5,0.5
115,39,0,1,35.780835,4,0.532227,27,0.02711925,10,1.0,1.0,0.5
115,82,0,1,14.294192,21,0.564453,8,0.02705156,11,1.0,1.0,0.2
115,102,1,1,22.69965,11,0.544434,18,0.02690502,12,0.8125,1.0,0.5
115,4,0,1,13.750205,22,0.563965,9,0.02668788,13,1.0,0.5,0.2
115,36,,0,19.606422,12,0.540527,20,0.02638889,14,1.0,0.5,0.5
115,61,0,1,28.202468,9,0.52832,34,0.02513105,15,0.5625,0.5,0.5
115,7,,0,17.061076,17,0.531738,28,0.02435065,16,1.0,1.0,0.5
115,86,,0,10.305983,33,0.554688,14,0.0242662,17,1.0,1.0,0.6
115,96,0,1,5.982681,53,0.56543,7,0.02377493,18,0.875,0.5,0.5
115,8,0,1,23.283677,10,0.51123,46,0.02371968,19,1.0,0.5,0.6
115,93,,0,9.713227,35,0.544922,17,0.02351333,20,1.0,0.5,0.5
115,15,0,1,10.686874,32,0.540039,21,0.02321524,21,1.0,1.0,0.5
115,75,0,1,5.807919,54,0.559082,10,0.02305764,22,1.0,1.0,0.5
115,47,,0,12.937683,25,0.528809,33,0.02251739,23,1.0,1.0,1.0
115,76,0,1,13.116079,23,0.522949,39,0.0221492,24,0.75,0.5,0.2
115,5,,0,8.918677,37,0.533203,26,0.02193719,25,0.6875,0.5,1.0
115,9,,0,17.872663,16,0.499023,56,0.02177858,26,0.4375,0.5,0.5
115,55,0,1,7.685837,45,0.538574,22,0.02171893,27,1.0,1.0,0.5
115,62,,0,16.290432,20,0.500977,54,0.02127193,28,1.0,1.0,0.6
115,10,0,1,7.390283,47,0.535156,25,0.0211105,29,0.75,1.0,0.2
115,51,,0,12.120692,27,0.51123,47,0.02084005,30,1.0,1.0,0.5
115,43,,0,17.996079,15,0.485596,74,0.02079602,31,0.75,1.0,0.5
115,1,0,1,1.931983,74,0.545898,16,0.02062058,32,0.5625,0.5,0.5
115,18,,0,18.535128,14,0.474365,84,0.02045796,33,1.0,1.0,0.5
115,94,0,1,4.157181,61,0.537598,24,0.02016922,34,1.0,1.0,0.2
115,20,,0,8.83975,39,0.519043,41,0.020002,35,1.0,0.5,0.6
115,66,0,1,13.006119,24,0.492432,65,0.01990476,36,1.0,1.0,0.5
115,81,,0,0.0,102,0.554688,13,0.01987147,37,1.0,0.5,0.5
115,19,,0,5.207479,58,0.529785,30,0.01958569,38,1.0,1.0,0.5
115,21,,0,11.222256,29,0.493896,60,0.01956929,39,0.9375,0.5,0.5
115,3,0,1,8.837971,40,0.51123,45,0.01952381,40,0.8125,1.0,0.5
115,17,,0,8.820589,41,0.515137,44,0.01951637,41,0.8125,0.5,1.0
115,46,0,1,3.37541,66,0.531738,29,0.01917246,42,1.0,1.0,0.2
115,33,,0,6.358942,52,0.522949,38,0.01913265,43,0.0,0.5,0.5
115,53,,0,9.228734,36,0.499268,55,0.01911232,44,1.0,0.5,1.0
115,50,0,1,0.0,95,0.541016,19,0.01910984,45,1.0,1.0,0.6
115,12,,0,12.522336,26,0.484375,75,0.01903531,46,1.0,0.5,0.5
115,14,,0,6.562364,51,0.520508,40,0.01900901,47,1.0,1.0,0.6
115,67,,0,10.989565,30,0.490967,67,0.01898513,48,1.0,1.0,0.5
115,6,,0,8.740228,43,0.509766,48,0.018968,49,1.0,1.0,0.5
115,95,,0,16.424083,19,0.436035,100,0.01890823,50,1.0,1.0,1.0
116,93,3,1,138.266233,1,0.717773,1,0.03278689,1,1.0,1.0,0.5
116,96,1,1,90.977514,2,0.688477,2,0.03225806,2,0.6875,0.0,0.5
116,95,2,1,71.783827,3,0.584961,7,0.03079839,3,1.0,0.5,1.0
116,58,0,1,40.816083,6,0.603516,4,0.03077652,4,1.0,0.5,0.2
116,59,0,1,52.178062,4,0.599609,6,0.03077652,5,1.0,0.5,1.0
116,94,2,1,16.685921,23,0.614746,3,0.02792121,6,1.0,0.5,0.2
116,97,1,1,46.759605,5,0.541992,20,0.02788462,7,0.5,1.0,0.5
116,90,0,1,15.658863,24,0.602539,5,0.02728938,8,1.0,0.5,0.5
116,103,0,1,29.549067,12,0.540527,22,0.02608401,9,1.0,0.5,0.5
116,64,0,1,11.510555,29,0.574219,8,0.02594184,10,0.9375,0.0,0.2
116,100,0,1,37.062784,8,0.527832,35,0.0252322,11,1.0,0.0,0.2
116,69,,0,20.757349,18,0.540527,21,0.02516619,12,1.0,1.0,0.5
116,91,0,1,10.753841,31,0.55957,11,0.02507352,13,1.0,0.5,0.5
116,3,0,1,13.30928,25,0.553223,16,0.0249226,14,1.0,0.5,0.5
116,5,0,1,23.721053,15,0.53418,28,0.02469697,15,0.875,1.0,1.0
116,75,0,1,39.007658,7,0.51709,45,0.02444918,16,0.9375,0.5,0.5
116,92,,0,18.768705,20,0.539062,24,0.02440476,17,0.875,0.0,0.6
116,99,,0,31.381699,11,0.525391,38,0.02428859,18,1.0,0.5,0.5
116,60,,0,10.314411,36,0.557617,13,0.0241153,19,1.0,0.0,0.5
116,18,,0,9.203378,40,0.557617,12,0.02388889,20,1.0,0.5,0.5
116,7,,0,9.118246,41,0.555176,14,0.0234145,21,1.0,0.5,0.5
116,6,0,1,7.096782,50,0.560547,10,0.02337662,22,1.0,0.5,0.5
116,1,0,1,6.299579,57,0.564941,9,0.02303976,23,0.75,1.0,0.5
116,57,0,1,34.62722,10,0.503906,55,0.02298137,24,0.625,1.0,0.5
116,35,0,1,22.418868,16,0.522949,42,0.02296182,25,0.9375,0.5,1.0
116,50,,0,9.397023,39,0.544434,18,0.02292152,26,1.0,0.5,0.6
116,15,0,1,10.660506,33,0.535645,26,0.0223806,27,1.0,0.5,0.5
116,63,,0,12.387564,26,0.528809,34,0.0222662,28,1.0,0.5,0.5
116,78,,0,7.557095,48,0.546387,17,0.02224627,29,1.0,0.5,0.5
116,86,0,1,36.705711,9,0.490234,69,0.02224469,30,0.8125,0.5,0.6
116,10,0,1,8.816684,43,0.539551,23,0.02175693,31,0.9375,0.5,0.2
116,98,,0,18.859477,19,0.509766,50,0.02174914,32,1.0,0.5,0.6
116,76,,0,26.046534,13,0.490479,68,0.02151113,33,0.5625,0.0,0.2
116,71,,0,8.293611,44,0.538574,25,0.02138009,34,1.0,0.5,1.0
116,4,,0,8.839487,42,0.535156,27,0.02129817,35,1.0,0.0,0.2
116,16,,0,6.331719,56,0.543945,19,0.02127892,36,0.8125,0.0,0.2
116,19,,0,9.483603,38,0.529297,32,0.02107365,37,1.0,0.5,0.5
116,70,0,1,4.420382,72,0.554199,15,0.02090909,38,1.0,0.5,0.2
116,55,,0,10.728908,32,0.521973,43,0.0205783,39,1.0,0.5,0.5
116,73,,0,24.887188,14,0.465088,89,0.02022492,40,1.0,1.0,0.5
116,68,,0,17.669748,21,0.486328,72,0.01992144,41,0.875,0.0,0.6
116,104,,0,6.716935,52,0.530273,31,0.01991758,42,1.0,0.0,0.6
116,67,,0,11.622706,28,0.500488,57,0.01991064,43,1.0,0.5,0.5
116,2,,0,11.742734,27,0.499512,59,0.01989761,44,1.0,0.5,0.6
116,46,,0,7.956273,46,0.525879,36,0.01985063,45,1.0,0.5,0.2
116,9,0,1,11.0366,30,0.5,58,0.01958569,46,0.625,1.0,0.5
116,53,,0,20.896971,17,0.456543,92,0.01956596,47,1.0,1.0,1.0
116,31,,0,10.530867,35,0.504883,54,0.01929825,48,1.0,0.5,0.5
116,8,,0,16.991021,22,0.475342,81,0.01928732,49,0.9375,0.0,0.6
116,61,,0,8.191218,45,0.51416,46,0.01895777,50,0.75,1.0,0.5
117,94,3,1,142.88289,1,0.793945,1,0.03278689,1,1.0,1.0,0.2
117,7,0,1,30.548573,6,0.60498,4,0.03077652,2,0.4167,1.0,0.5
117,99,0,1,43.209347,2,0.58252,13,0.02982766,3,0.5833,1.0,0.5
117,67,1,1,28.155348,10,0.599609,7,0.02921109,4,1.0,1.0,0.5
117,63,0,1,25.29995,15,0.602539,5,0.02871795,5,0.75,1.0,0.5
117,87,0,1,26.106318,13,0.597656,8,0.02840451,6,1.0,1.0,0.5
117,93,2,1,27.313954,12,0.59082,9,0.02838164,7,0.5,0.5,0.5
117,66,1,1,24.438813,17,0.600098,6,0.02813853,8,0.75,1.0,0.5
117,96,1,1,11.465522,32,0.616211,2,0.0269986,9,1.0,0.5,0.5
117,100,0,1,29.341274,8,0.562988,23,0.02675408,10,1.0,0.5,0.2
117,50,0,1,10.716437,33,0.609863,3,0.0266257,11,1.0,1.0,0.6
117,65,1,1,42.329075,3,0.550293,37,0.02618229,12,0.1667,0.5,1.0
117,68,1,1,28.912714,9,0.560059,27,0.02598701,13,1.0,0.5,0.6
117,95,2,1,30.076653,7,0.558594,31,0.02591438,14,1.0,1.0,1.0
117,59,0,1,30.649052,5,0.556152,35,0.02591093,15,0.6667,1.0,1.0
117,97,0,1,24.242795,18,0.571777,19,0.02547874,16,0.0,0.5,0.5
117,5,0,1,18.814632,23,0.57373,15,0.02538153,17,0.0,0.5,1.0
117,1,0,1,17.051571,24,0.564941,22,0.02409988,18,0.0,0.5,0.5
117,32,0,1,8.759696,39,0.584473,12,0.0239899,19,1.0,0.5,0.6
117,71,0,1,12.361614,31,0.573242,17,0.02397602,20,0.6667,1.0,1.0
117,27,0,1,24.996281,16,0.556641,34,0.02379619,21,0.9167,1.0,0.5
117,19,0,1,14.329877,28,0.566406,21,0.02370932,22,0.8333,1.0,0.5
117,62,0,1,31.338434,4,0.51416,70,0.02331731,23,0.5,1.0,0.6
117,64,0,1,5.111869,52,0.589355,10,0.02321429,24,1.0,0.5,0.2
117,29,0,1,19.078869,22,0.558105,32,0.02306469,25,0.4167,0.5,1.0
117,15,,0,7.06568,45,0.581055,14,0.02303732,26,0.75,1.0,0.5
117,52,,0,9.06756,36,0.568848,20,0.02291667,27,1.0,0.5,0.2
117,2,0,1,26.011375,14,0.534668,49,0.02268783,28,0.5833,1.0,0.6
117,31,,0,6.313974,46,0.57373,16,0.02259186,29,1.0,1.0,0.5
117,60,,0,8.809546,38,0.5625,24,0.02210884,30,1.0,0.5,0.5
117,10,,0,20.70547,19,0.53418,51,0.02166724,31,0.0833,1.0,0.2
117,98,,0,28.092459,11,0.509766,72,0.02166026,32,0.25,1.0,0.6
117,57,0,1,20.051247,20,0.534668,50,0.02159091,33,0.0,0.5,0.5
117,14,,0,7.452782,43,0.562012,25,0.02147344,34,1.0,1.0,0.6
117,6,,0,1.894346,78,0.584961,11,0.02133088,35,0.8333,1.0,0.5
117,80,0,1,2.543948,70,0.572754,18,0.02051282,36,1.0,0.5,0.6
117,88,,0,5.267814,51,0.559082,30,0.02012012,37,0.6667,0.5,0.2
117,83,,0,8.962562,37,0.540039,44,0.01992466,38,1.0,1.0,1.0
117,4,0,1,3.711823,61,0.560059,26,0.01989237,39,1.0,0.5,0.2
117,82,,0,5.309712,50,0.557617,33,0.0198436,40,0.9167,1.0,0.2
117,28,,0,3.498132,62,0.55957,28,0.01956036,41,1.0,0.5,0.2
117,12,,0,13.587306,30,0.527832,60,0.01944444,42,1.0,0.5,0.5
117,11,,0,15.130128,25,0.491699,79,0.01895895,43,0.5833,1.0,1.0
117,40,,0,14.845995,27,0.498535,77,0.01879352,44,1.0,0.5,0.2
117,20,0,1,15.023029,26,0.491699,80,0.01877076,45,1.0,0.5,0.6
117,90,,0,8.103518,42,0.533203,52,0.01873249,46,0.75,1.0,0.5
117,78,,0,9.633757,34,0.524414,65,0.0186383,47,1.0,1.0,0.5
117,77,,0,19.100208,21,0.44458,99,0.01863499,48,0.8333,0.5,1.0
117,86,,0,8.398241,40,0.530273,56,0.01862069,49,1.0,1.0,0.6
117,51,,0,4.425359,55,0.540039,43,0.01840439,50,1.0,1.0,0.5
118,95,2,1,94.093749,1,0.664062,2,0.03252247,1,0.3333,0.5,1.0
118,96,3,1,79.563693,3,0.720215,1,0.03226646,2,1.0,1.0,0.5
118,93,1,1,87.497204,2,0.661133,3,0.03200205,3,0.0,0.0,0.5
118,59,0,1,61.140088,4,0.646484,4,0.03125,4,0.0,0.5,1.0
118,94,1,1,31.67562,9,0.642578,5,0.02987737,5,0.1111,0.5,0.2
118,64,0,1,35.942328,6,0.578125,13,0.02885015,6,0.6667,1.0,0.2
118,7,0,1,24.901439,15,0.599121,6,0.02848485,7,0.0,0.5,0.5
118,58,0,1,30.908886,10,0.581543,11,0.02837022,8,0.0,0.5,0.2
118,60,0,1,24.363431,17,0.586426,10,0.02727273,9,0.4444,1.0,0.5
118,91,0,1,15.352966,25,0.588379,8,0.02647059,10,0.0,0.5,0.5
118,57,0,1,38.936805,5,0.550293,34,0.02602291,11,0.0,0.0,0.5
118,19,,0,18.511952,22,0.57373,14,0.02570864,12,0.0,0.5,0.5
118,70,0,1,32.550013,8,0.552246,31,0.02569489,13,0.0,0.5,0.2
118,5,0,1,20.616029,19,0.561035,21,0.02500391,14,0.0,0.0,1.0
118,68,,0,27.214214,13,0.543457,40,0.02369863,15,0.7778,1.0,0.6
118,63,0,1,27.807586,12,0.533691,47,0.02323468,16,0.0,0.5,0.5
118,92,0,1,3.724517,62,0.591309,7,0.02312209,17,0.7778,1.0,0.6
118,62,,0,29.670246,11,0.527832,53,0.02293406,18,0.0,0.5,0.6
118,15,,0,12.862161,32,0.55957,24,0.02277433,19,0.0,0.5,0.5
118,61,,0,27.095278,14,0.533203,48,0.02277277,20,0.0,0.0,0.5
118,3,,0,6.642878,43,0.562012,18,0.02252925,21,0.0,0.5,0.5
118,72,0,1,34.944871,7,0.5,75,0.02233278,22,0.7778,1.0,0.5
118,32,0,1,8.708186,40,0.561035,22,0.02219512,23,1.0,1.0,0.6
118,97,,0,3.575812,65,0.581055,12,0.02188889,24,0.0,0.0,0.5
118,6,0,1,2.447052,76,0.586426,9,0.02184569,25,0.0,0.5,0.5
118,12,,0,5.410142,53,0.5625,17,0.02183657,26,0.0,1.0,0.5
118,65,,0,19.758053,20,0.532715,49,0.02167431,27,0.0,0.0,1.0
118,28,,0,13.691792,28,0.543457,38,0.02156772,28,0.7778,1.0,0.2
118,100,,0,6.499592,44,0.55957,25,0.02138009,29,0.4444,1.0,0.2
118,66,,0,5.646992,48,0.560547,23,0.02130745,30,0.0,0.5,0.5
118,26,,0,24.50954,16,0.51416,66,0.0210944,31,0.0,0.5,0.6
118,71,,0,9.001577,38,0.550781,32,0.02107365,32,0.0,0.5,1.0
118,52,,0,6.399005,45,0.557129,28,0.02088745,33,1.0,1.0,0.2
118,76,0,1,15.092788,26,0.529785,52,0.02055648,34,1.0,1.0,0.2
118,103,,0,19.130007,21,0.515137,64,0.0204102,35,0.0,0.5,0.5
118,104,,0,15.865777,24,0.523926,58,0.02037934,36,0.3333,1.0,0.6
118,1,0,1,2.161637,82,0.564941,15,0.02037559,37,0.0,0.0,0.5
118,98,,0,11.344548,35,0.539062,43,0.02023505,38,0.0,0.5,0.6
118,47,0,1,1.891841,86,0.562988,16,0.02000721,39,0.0,0.5,1.0
118,23,,0,13.498252,29,0.524902,55,0.01993161,40,0.0,0.5,1.0
118,29,,0,5.55905,49,0.550293,33,0.019927,41,0.0,0.0,1.0
118,90,0,1,5.105676,56,0.556641,29,0.01985664,42,0.0,0.5,0.5
118,4,,0,8.191759,41,0.538086,44,0.01951637,43,0.1111,1.0,0.2
118,99,0,1,1.991576,85,0.561523,20,0.01939655,44,0.0,0.5,0.5
118,74,,0,23.760357,18,0.466797,95,0.01927213,45,0.4444,0.5,0.6
118,102,,0,12.965432,31,0.521973,61,0.01925347,46,0.0,0.5,0.5
118,10,,0,11.532766,34,0.523926,57,0.01918531,47,0.0,0.5,0.2
118,81,,0,9.391691,37,0.526367,54,0.01908121,48,0.0,0.0,0.5
118,34,,0,4.10361,59,0.547852,35,0.01892968,49,0.0,0.5,0.2
118,46,,0,0.0,101,0.562012,19,0.01886941,50,0.0,0.5,0.2
119,95,3,1,156.183429,1,0.723145,2,0.03252247,1,1.0,1.0,1.0
119,96,2,1,77.186056,3,0.727051,1,0.03226646,2,1.0,0.5,0.5
119,93,2,1,109.792834,2,0.714355,3,0.03200205,3,0.6923,0.5,0.5
119,94,2,1,69.81092,4,0.678711,4,0.03125,4,1.0,1.0,0.2
119,64,0,1,50.826822,5,0.618164,7,0.03030999,5,1.0,0.5,0.2
119,62,0,1,49.996805,6,0.593262,13,0.02885015,6,0.6923,1.0,0.6
119,91,0,1,31.37978,11,0.601562,10,0.02837022,7,1.0,1.0,0.5
119,58,0,1,30.305132,13,0.608398,9,0.02819138,8,0.5385,1.0,0.2
119,5,0,1,20.981049,20,0.618652,6,0.02765152,9,0.2308,0.5,1.0
119,59,0,1,29.825056,14,0.59082,15,0.02684685,10,0.8462,1.0,1.0
119,63,0,1,36.992807,8,0.573242,24,0.02661064,11,0.9231,1.0,0.5
119,17,,0,28.811824,15,0.582031,17,0.02632035,12,0.3846,0.5,1.0
119,29,0,1,13.763547,38,0.609863,8,0.02490996,13,0.6154,0.5,1.0
119,60,,0,19.490745,22,0.577148,19,0.02485335,14,1.0,0.5,0.5
119,61,0,1,49.406286,7,0.554199,42,0.02472929,15,0.0769,0.5,0.5
119,14,0,1,10.359807,49,0.62207,5,0.02455893,16,1.0,1.0,0.6
119,89,,0,25.649128,16,0.564941,32,0.02402746,17,0.2308,0.5,1.0
119,30,,0,13.230132,39,0.592285,14,0.02361452,18,1.0,1.0,0.5
119,70,,0,21.917313,19,0.55957,36,0.02307489,19,1.0,1.0,0.2
119,68,,0,10.323903,50,0.598145,12,0.0229798,20,1.0,0.5,0.6
119,74,,0,9.830902,53,0.599121,11,0.02293406,21,1.0,1.0,0.6
119,90,,0,15.593739,32,0.57373,23,0.02291776,22,0.9231,1.0,0.5
119,23,0,1,34.992083,9,0.530273,62,0.02268947,23,1.0,1.0,1.0
119,103,0,1,33.320399,10,0.530762,61,0.02255018,24,0.6154,1.0,0.5
119,31,,0,14.834124,36,0.568848,26,0.02204457,25,1.0,1.0,0.5
119,47,,0,16.966097,26,0.550293,43,0.02133664,26,0.9231,1.0,1.0
119,46,0,1,15.404606,35,0.563965,33,0.021279,27,0.6154,1.0,0.2
119,92,,0,8.305758,59,0.577637,18,0.02122387,28,1.0,0.5,0.6
119,6,0,1,7.097415,64,0.589355,16,0.02122241,29,1.0,1.0,0.5
119,57,,0,31.083353,12,0.509277,80,0.02103175,30,0.0,0.5,0.5
119,100,,0,16.633473,30,0.554688,41,0.0210121,31,1.0,0.5,0.2
119,7,,0,12.568336,42,0.56543,31,0.02079293,32,0.6154,1.0,0.5
119,98,,0,15.521661,33,0.554688,40,0.02075269,33,0.4615,1.0,0.6
119,102,,0,17.25694,25,0.539551,53,0.02061426,34,0.3846,1.0,0.5
119,19,,0,7.519057,62,0.575684,21,0.0205424,35,1.0,1.0,0.5
119,56,,0,25.459225,17,0.520996,73,0.02050581,36,1.0,0.5,0.6
119,4,,0,16.692111,29,0.546875,48,0.02049521,37,1.0,0.5,0.2
119,53,,0,19.377893,23,0.530762,60,0.02038153,38,0.6154,0.5,1.0
119,9,0,1,20.640939,21,0.515137,76,0.01969862,39,0.0,0.5,0.5
119,72,,0,19.332406,24,0.523438,70,0.01959707,40,1.0,0.5,0.5
119,26,,0,23.05586,18,0.493408,89,0.01953192,41,0.7692,1.0,0.6
119,67,,0,7.845439,61,0.565918,30,0.01937557,42,1.0,1.0,0.5
119,104,,0,10.829,48,0.556152,39,0.01936027,43,1.0,0.5,0.6
119,8,0,1,14.049593,37,0.539551,52,0.01923785,44,1.0,0.5,0.6
119,97,,0,7.051531,65,0.566406,29,0.01923596,45,0.0,0.5,0.5
119,51,0,1,10.101729,52,0.556641,38,0.01913265,46,1.0,1.0,0.5
119,40,,0,8.783134,57,0.562988,35,0.01907332,47,1.0,0.5,0.2
119,16,,0,16.220011,31,0.527344,64,0.01905353,48,1.0,0.5,0.2
119,34,,0,16.711666,28,0.522461,71,0.01899722,49,0.0769,1.0,0.2
119,69,,0,1.872859,96,0.577148,20,0.01891026,50,0.3846,0.5,0.5
120,93,1,1,95.93603,1,0.712891,2,0.03252247,1,0.0,0.0,0.5
120,96,3,1,89.660777,2,0.733887,1,0.03252247,2,1.0,1.0,0.5
120,95,1,1,64.885409,3,0.687988,3,0.03174603,3,0.2222,0.5,1.0
120,59,0,1,49.300795,4,0.67334,4,0.03125,4,0.0,0.5,1.0
120,94,1,1,42.001252,6,0.646484,5,0.03053613,5,0.0,0.5,0.2
120,31,0,1,29.528529,11,0.634766,7,0.02900988,6,0.0,0.5,0.5
120,58,0,1,36.58425,7,0.604004,12,0.02881426,7,0.0,0.5,0.2
120,63,0,1,34.80402,9,0.601074,13,0.02819138,8,0.0,0.5,0.5
120,64,0,1,35.014532,8,0.59668,15,0.02803922,9,0.5556,1.0,0.2
120,57,0,1,45.868592,5,0.581055,21,0.02773029,10,0.0,0.0,0.5
120,97,0,1,23.716084,16,0.628418,9,0.02765065,11,0.0,0.0,0.5
120,3,,0,21.554427,18,0.597168,14,0.02633403,12,0.0,0.5,0.5
120,19,0,1,18.018847,25,0.606934,11,0.02584921,13,0.0,0.5,0.5
120,7,0,1,14.658207,35,0.638672,6,0.02567783,14,0.0,0.5,0.5
120,66,,0,20.879445,20,0.59082,17,0.02548701,15,0.0,0.5,0.5
120,6,0,1,12.83925,39,0.633301,8,0.02480689,16,0.0,0.5,0.5
120,91,,0,19.203147,23,0.586914,19,0.02470642,17,0.0,0.5,0.5
120,69,0,1,17.791925,27,0.59082,18,0.02431477,18,0.0,0.0,0.5
120,85,,0,26.457784,13,0.555176,35,0.02422495,19,0.1111,0.0,0.5
120,62,0,1,30.167992,10,0.550293,41,0.0241867,20,0.0,0.5,0.6
120,92,,0,20.819235,21,0.578125,26,0.02397359,21,0.6667,1.0,0.6
120,5,0,1,14.946259,33,0.595215,16,0.02391058,22,0.0,0.0,1.0
120,49,,0,25.420086,14,0.545898,51,0.02252252,23,0.0,0.0,0.5
120,100,0,1,4.284691,77,0.614258,10,0.02158498,24,0.3333,1.0,0.2
120,10,,0,11.129932,42,0.578125,25,0.02156863,25,0.0,0.5,0.2
120,61,,0,23.151549,17,0.536133,57,0.02153402,26,0.0,0.0,0.5
120,67,,0,21.446708,19,0.541016,54,0.02143016,27,0.0,0.5,0.5
120,2,,0,17.946252,26,0.548828,43,0.02133664,28,0.0,0.5,0.6
120,33,,0,9.015348,54,0.584961,20,0.02127193,29,0.0,0.0,0.5
120,103,,0,27.423236,12,0.494141,82,0.02093114,30,0.0,0.5,0.5
120,81,,0,10.540353,47,0.571289,27,0.02084005,31,0.0,0.0,0.5
120,18,,0,13.689291,37,0.554688,36,0.02072595,32,0.0,0.5,0.5
120,68,,0,17.120211,28,0.547363,48,0.0206229,33,0.6667,1.0,0.6
120,86,,0,19.378819,22,0.522461,64,0.02025964,34,0.7778,0.5,0.6
120,9,0,1,14.858913,34,0.547852,44,0.02025368,35,0.0,0.0,0.5
120,28,,0,14.56743,36,0.549316,42,0.02022059,36,0.6667,1.0,0.2
120,23,,0,15.798347,32,0.547363,47,0.02021536,37,0.0,0.5,1.0
120,15,0,1,16.636323,30,0.545898,50,0.02020202,38,0.0,0.5,0.5
120,1,,0,9.441241,51,0.568359,30,0.02012012,39,0.0,0.0,0.5
120,99,1,1,7.149546,63,0.580566,24,0.02003484,40,0.0,0.5,0.5
120,60,,0,5.552834,72,0.581055,22,0.01977088,41,0.3333,1.0,0.5
120,42,,0,24.037994,15,0.459961,97,0.01970276,42,0.0,0.5,0.5
120,90,,0,9.573417,49,0.554688,37,0.01948359,43,0.0,0.5,0.5
120,89,,0,15.846877,31,0.534668,59,0.01939237,44,0.0,0.0,1.0
120,12,,0,11.64451,41,0.547363,46,0.01933495,45,0.0,1.0,0.5
120,34,,0,7.456967,62,0.565918,31,0.01918573,46,0.0,0.5,0.2
120,88,0,1,19.191079,24,0.495117,80,0.01904762,47,1.0,1.0,0.2
120,29,,0,7.474365,61,0.556152,34,0.01890276,48,0.0,0.0,1.0
120,46,,0,5.431969,73,0.569336,28,0.01888243,49,0.0,0.5,0.2
120,98,,0,2.326308,94,0.581055,23,0.0185417,50,0.0,0.5,0.6
121,97,3,1,62.887684,2,0.697266,1,0.03252247,1,0.75,0.5,0.5
121,100,1,1,72.702623,1,0.635742,3,0.03226646,2,0.8125,0.5,0.2
121,98,3,1,26.969444,4,0.603027,10,0.02991071,3,1.0,1.0,0.6
121,99,2,1,21.72992,7,0.618164,7,0.02985075,4,1.0,1.0,0.5
121,94,1,1,18.604037,11,0.633301,4,0.02970951,5,1.0,1.0,0.2
121,59,0,1,27.822423,3,0.587891,15,0.02920635,6,1.0,1.0,1.0
121,96,1,1,14.036578,17,0.679688,2,0.02911605,7,0.4375,0.5,0.5
121,31,0,1,14.009874,18,0.630371,5,0.02820513,8,1.0,1.0,0.5
121,7,0,1,17.935945,13,0.604004,9,0.02819138,9,1.0,1.0,0.5
121,90,,0,14.898994,15,0.588867,14,0.02684685,10,1.0,1.0,0.5
121,10,0,1,14.895725,16,0.586914,16,0.02631579,11,1.0,1.0,0.2
121,6,0,1,12.321139,27,0.616211,8,0.02620014,12,1.0,1.0,0.5
121,93,1,1,10.760382,31,0.619629,6,0.02614053,13,1.0,0.5,0.5
121,64,,0,12.680052,22,0.586914,17,0.02518213,14,0.6875,0.5,0.2
121,71,,0,10.237879,36,0.591797,12,0.02430556,15,1.0,1.0,1.0
121,86,0,1,21.594985,8,0.528809,57,0.02325289,16,0.5625,1.0,0.6
121,81,,0,12.467723,24,0.562988,29,0.02314072,17,1.0,0.5,0.5
121,1,0,1,10.309678,34,0.575684,20,0.0231383,18,1.0,0.5,0.5
121,57,0,1,24.606539,5,0.521484,69,0.02313655,19,0.875,0.5,0.5
121,15,0,1,11.912125,28,0.565918,25,0.02312834,20,1.0,1.0,0.5
121,63,,0,13.013069,21,0.556641,37,0.02265496,21,1.0,1.0,0.5
121,36,,0,16.808703,14,0.54248,51,0.02252252,22,1.0,0.5,0.5
121,19,,0,8.782162,44,0.586426,18,0.0224359,23,1.0,1.0,0.5
121,3,,0,12.372821,26,0.558594,33,0.0223806,24,1.0,1.0,0.5
121,8,0,1,22.251122,6,0.508301,82,0.02219377,25,0.6875,0.5,0.6
121,95,1,1,8.680889,45,0.58252,19,0.02218204,26,0.875,1.0,1.0
121,78,,0,13.984112,19,0.54834,46,0.02209219,27,0.875,1.0,0.5
121,70,1,1,5.072684,66,0.597656,11,0.02202101,28,1.0,1.0,0.2
121,60,,0,10.099267,39,0.567871,24,0.02200577,29,0.8125,0.5,0.5
121,58,0,1,10.628094,32,0.560059,31,0.02185858,30,1.0,1.0,0.2
121,91,,0,13.592591,20,0.547852,48,0.02175926,31,1.0,1.0,0.5
121,4,,0,10.945138,30,0.558594,34,0.02174941,32,1.0,0.5,0.2
121,28,,0,8.900864,43,0.565918,26,0.02133664,33,0.625,0.5,0.2
121,53,0,1,18.730587,10,0.500977,84,0.02123016,34,1.0,0.5,1.0
121,66,,0,4.782847,73,0.588867,13,0.02121743,35,1.0,1.0,0.5
121,18,,0,12.660447,23,0.544434,50,0.0211391,36,1.0,1.0,0.5
121,68,,0,10.130137,38,0.559082,32,0.02107365,37,0.625,0.5,0.6
121,2,,0,11.007052,29,0.552246,43,0.02094469,38,1.0,1.0,0.6
121,56,0,1,19.976751,9,0.428711,104,0.02059031,39,0.5625,0.5,0.6
121,37,,0,12.456597,25,0.533203,55,0.02046036,40,0.625,0.5,0.5
121,103,,0,9.309282,41,0.558105,35,0.02042731,41,1.0,1.0,0.5
121,50,,0,10.168447,37,0.554199,39,0.02041029,42,1.0,1.0,0.6
121,75,,0,18.015602,12,0.473877,97,0.02025832,43,0.6875,1.0,0.5
121,104,,0,10.284046,35,0.549316,45,0.02005013,44,0.875,0.5,0.6
121,30,0,1,5.272852,65,0.568848,23,0.02004819,45,1.0,1.0,0.5
121,29,,0,4.937761,69,0.568848,22,0.01994706,46,1.0,0.5,1.0
121,5,,0,8.639033,46,0.557617,36,0.01985063,47,1.0,0.5,1.0
121,82,0,1,6.199414,55,0.560547,30,0.01980676,48,1.0,1.0,0.2
121,33,,0,4.183213,77,0.57373,21,0.01964495,49,0.375,0.5,0.5
121,65,0,1,6.560108,51,0.556641,38,0.01921309,50,1.0,0.5,1.0
122,97,3,1,100.225621,1,0.728027,1,0.03278689,1,0.625,0.5,0.5
122,98,3,1,65.761557,2,0.712891,2,0.03225806,2,1.0,1.0,0.6
122,100,1,1,53.566268,4,0.671387,3,0.03149802,3,0.9375,0.5,0.2
122,99,2,1,56.513228,3,0.630859,10,0.03015873,4,1.0,1.0,0.5
122,19,0,1,35.615542,9,0.664062,4,0.03011775,5,1.0,1.0,0.5
122,7,0,1,37.329166,7,0.648438,6,0.03007689,6,1.0,1.0,0.5
122,93,1,1,37.702386,6,0.635742,9,0.02964427,7,1.0,0.5,0.5
122,94,1,1,29.623808,13,0.65332,5,0.02908325,8,1.0,1.0,0.2
122,59,0,1,38.665781,5,0.606445,15,0.02871795,9,1.0,1.0,1.0
122,95,1,1,33.51846,10,0.626953,12,0.0281746,10,1.0,1.0,1.0
122,31,0,1,23.563458,17,0.64209,7,0.02791239,11,1.0,1.0,0.5
122,63,0,1,36.444957,8,0.605469,16,0.02786378,12,1.0,1.0,0.5
122,5,,0,27.843282,14,0.609863,14,0.02702703,13,1.0,0.5,1.0
122,57,,0,31.077685,12,0.590332,28,0.02525253,14,0.75,0.5,0.5
122,66,0,1,15.643355,26,0.602539,18,0.02444842,15,1.0,1.0,0.5
122,49,,0,15.48428,28,0.597656,20,0.02386364,16,1.0,0.5,0.5
122,34,,0,21.571935,19,0.583984,32,0.02352779,17,0.875,1.0,0.2
122,15,,0,17.002514,25,0.591797,26,0.02339261,18,1.0,1.0,0.5
122,46,,0,11.465035,35,0.601562,19,0.02318454,19,1.0,1.0,0.2
122,3,,0,11.559082,34,0.595703,21,0.02298398,20,1.0,1.0,0.5
122,81,,0,7.84684,48,0.612305,13,0.02295789,21,1.0,0.5,0.5
122,68,,0,27.59127,15,0.566895,46,0.0227673,22,0.75,0.5,0.6
122,6,0,1,5.833061,57,0.62793,11,0.02263152,23,1.0,1.0,0.5
122,85,,0,15.586565,27,0.586914,31,0.02248326,24,1.0,0.5,0.5
122,22,,0,32.755994,11,0.547852,63,0.02221459,25,1.0,1.0,0.2
122,67,,0,13.562258,32,0.587891,30,0.02198068,26,1.0,1.0,0.5
122,69,,0,15.396497,29,0.577637,35,0.02176227,27,1.0,0.5,0.5
122,4,,0,10.125795,39,0.59082,27,0.02159526,28,1.0,0.5,0.2
122,52,,0,19.32397,23,0.565918,47,0.02139399,29,0.625,0.5,0.2
122,96,1,1,0.965391,92,0.639648,8,0.02128483,30,0.5625,0.5,0.5
122,18,,0,23.35375,18,0.555176,59,0.02122387,31,1.0,1.0,0.5
122,65,,0,14.977953,30,0.570801,40,0.02111111,32,1.0,0.5,1.0
122,92,,0,20.867615,20,0.550781,62,0.02069672,33,0.75,0.5,0.6
122,104,,0,18.769207,24,0.561035,55,0.02060041,34,1.0,0.5,0.6
122,2,0,1,10.244156,38,0.575195,38,0.02040816,35,1.0,1.0,0.6
122,86,,0,8.398241,44,0.581055,33,0.02036807,36,0.6875,1.0,0.6
122,82,,0,4.778976,65,0.595703,22,0.02019512,37,1.0,1.0,0.2
122,1,0,1,2.501702,84,0.603027,17,0.01993146,38,0.875,0.5,0.5
122,35,,0,19.597818,22,0.53418,71,0.01982871,39,1.0,1.0,1.0
122,9,0,1,9.134231,41,0.568359,42,0.01970491,40,0.75,0.5,0.5
122,73,,0,19.837312,21,0.528809,78,0.01959206,41,1.0,0.5,0.5
122,75,,0,24.33482,16,0.488037,96,0.01956815,42,0.8125,1.0,0.5
122,17,0,1,8.053998,46,0.568359,43,0.0191427,43,1.0,0.5,1.0
122,29,,0,6.436925,53,0.574707,39,0.01895057,44,1.0,0.5,1.0
122,91,,0,6.8017,51,0.570801,41,0.01891,45,1.0,1.0,0.5
122,10,0,1,2.504541,83,0.593262,24,0.01889777,46,1.0,1.0,0.2
122,23,,0,9.225835,40,0.562988,53,0.01884956,47,1.0,1.0,1.0
122,64,,0,3.571471,73,0.588867,29,0.01875475,48,0.8125,0.5,0.2
122,76,0,1,11.316284,36,0.550781,61,0.01868113,49,0.4375,0.5,0.2
122,88,,0,14.260751,31,0.531738,72,0.01856477,50,0.25,0.5,0.2
123,100,3,1,98.935999,1,0.75293,1,0.03278689,1,0.9,1.0,0.2
123,97,1,1,25.359004,7,0.597656,4,0.03055037,2,0.0,0.0,0.5
123,94,1,1,24.815387,8,0.595215,5,0.0300905,3,0.6,0.5,0.2
123,98,1,1,28.302648,3,0.558594,17,0.02886003,4,0.0,0.5,0.6
123,7,0,1,28.294614,4,0.558105,18,0.02844551,5,0.0,0.5,0.5
123,95,1,1,21.940746,14,0.572266,11,0.02759802,6,0.8,0.5,1.0
123,99,1,1,23.067025,11,0.56543,14,0.02759802,7,0.0,0.5,0.5
123,4,0,1,13.409673,28,0.618164,3,0.02723665,8,0.6,1.0,0.2
123,5,,0,20.224896,17,0.564941,15,0.02632035,9,0.0,0.0,1.0
123,46,0,1,14.392149,25,0.580566,9,0.02625746,10,0.0,0.5,0.2
123,68,,0,21.292432,16,0.557129,19,0.02581612,11,1.0,1.0,0.6
123,10,0,1,15.630346,24,0.556641,20,0.02440476,12,0.0,0.5,0.2
123,19,,0,15.875062,23,0.556152,21,0.02439387,13,0.2,0.5,0.5
123,88,1,1,5.374224,63,0.621094,2,0.02425911,14,1.0,1.0,0.2
123,102,0,1,31.785028,2,0.504883,64,0.02419355,15,0.0,0.5,0.5
123,15,,0,18.464225,19,0.545898,27,0.02415248,16,0.1,0.5,0.5
123,63,0,1,10.800114,38,0.56543,13,0.02390271,17,0.1,0.5,0.5
123,59,,0,21.675408,15,0.537109,35,0.02385965,18,0.0,0.5,1.0
123,82,0,1,7.746398,47,0.574219,10,0.02363151,19,0.3,0.5,0.2
123,1,0,1,6.776666,55,0.583496,8,0.02340153,20,0.0,0.0,0.5
123,6,0,1,12.967088,30,0.555176,22,0.02330623,21,0.2,0.5,0.5
123,64,,0,10.695855,39,0.559082,16,0.0232589,22,1.0,1.0,0.2
123,96,1,1,3.911185,77,0.592285,6,0.02245079,23,1.0,1.0,0.5
123,104,0,1,24.604685,9,0.502441,66,0.02242926,24,0.8,1.0,0.6
123,81,,0,6.036372,59,0.568848,12,0.02229225,25,0.0,0.0,0.5
123,41,0,1,28.241988,5,0.45752,92,0.02196356,26,0.0,0.0,1.0
123,31,,0,12.541873,34,0.542969,31,0.02162731,27,0.6,0.5,0.5
123,101,0,1,25.921981,6,0.455322,95,0.02160313,28,0.0,0.0,1.0
123,93,1,1,10.176478,42,0.547363,25,0.02156863,29,0.0,0.0,0.5
123,86,,0,12.289418,36,0.543945,30,0.02152778,30,1.0,0.5,0.6
123,92,,0,8.755766,45,0.550781,24,0.02142857,31,1.0,1.0,0.6
123,85,1,1,0.839939,97,0.589844,7,0.0212948,32,0.7,0.0,0.5
123,37,,0,16.155361,22,0.519531,52,0.02112369,33,0.0,0.0,0.5
123,91,,0,9.965544,43,0.545898,28,0.02107237,34,0.3,0.5,0.5
123,23,0,1,22.303162,13,0.485352,76,0.02105157,35,0.4,0.5,1.0
123,87,,0,16.31058,21,0.51709,55,0.02104133,36,1.0,0.5,0.5
123,3,,0,6.888341,53,0.553223,23,0.02089775,37,0.0,0.5,0.5
123,71,1,1,7.248396,50,0.546387,26,0.02071882,38,0.0,0.5,1.0
123,90,,0,7.976827,46,0.54541,29,0.02066992,39,0.1,0.5,0.5
123,89,,0,19.230891,18,0.500977,68,0.02063301,40,0.0,0.0,1.0
123,103,0,1,22.349906,12,0.466064,89,0.0206003,41,0.0,0.5,0.5
123,56,0,1,23.497314,10,0.37793,104,0.02038328,42,1.0,1.0,0.6
123,40,,0,10.286744,41,0.525391,43,0.01960973,43,0.7,1.0,0.2
123,76,0,1,13.897652,26,0.497803,69,0.01937984,44,1.0,1.0,0.2
123,8,,0,16.327584,20,0.468994,87,0.01930272,45,1.0,1.0,0.6
123,2,0,1,4.941529,66,0.541016,32,0.01880607,46,0.0,0.5,0.6
123,35,,0,7.031407,52,0.524414,45,0.01845238,47,0.0,0.5,1.0
123,75,,0,12.777083,33,0.492188,70,0.018445,48,1.0,0.5,0.5
123,47,,0,4.394749,69,0.538574,34,0.01839024,49,0.1,0.5,1.0
123,20,0,1,7.511606,49,0.520508,50,0.01826522,50,1.0,1.0,0.6
124,97,3,1,60.448877,2,0.668945,1,0.03252247,1,1.0,1.0,0.5
124,98,2,1,71.642845,1,0.619629,2,0.03252247,2,1.0,0.5,0.6
124,100,1,1,16.440543,11,0.595215,3,0.02995752,3,0.3889,0.0,0.2
124,94,1,1,23.896122,5,0.577148,11,0.02946912,4,0.5556,0.5,0.2
124,70,0,1,19.317024,7,0.57666,12,0.02881426,5,0.7778,0.5,0.2
124,15,0,1,30.104012,4,0.567871,18,0.02844551,6,0.8333,0.5,0.5
124,99,2,1,35.454546,3,0.553711,30,0.02698413,7,0.9444,0.5,0.5
124,20,0,1,10.364392,17,0.571777,14,0.02650053,8,0.3333,0.0,0.6
124,60,0,1,23.360756,6,0.554199,29,0.02638747,9,0.3889,0.0,0.5
124,104,0,1,18.734265,9,0.555664,25,0.02625746,10,0.4444,0.0,0.6
124,31,0,1,8.206331,31,0.58252,6,0.02614053,11,0.5556,0.5,0.5
124,26,,0,10.609536,15,0.555664,24,0.0252381,12,0.9444,0.5,0.6
124,102,,0,16.385161,13,0.554688,28,0.02506227,13,1.0,0.5,0.5
124,47,0,1,8.210141,30,0.573242,13,0.02480974,14,0.8333,0.5,1.0
124,23,0,1,9.430691,20,0.558105,22,0.02469512,15,0.6667,0.5,1.0
124,82,,0,8.330135,28,0.562988,21,0.02370932,16,0.7222,0.5,0.2
124,81,,0,7.84684,32,0.562988,20,0.02336957,17,1.0,1.0,0.5
124,86,,0,10.039043,18,0.548828,37,0.02312979,18,0.1667,0.5,0.6
124,96,1,1,2.256424,74,0.584473,5,0.0228473,19,0.0556,0.0,0.5
124,34,,0,6.446645,42,0.571289,17,0.02279093,20,1.0,0.5,0.2
124,6,0,1,3.452754,65,0.582031,8,0.02270588,21,0.7778,0.5,0.5
124,91,0,1,18.935395,8,0.517578,72,0.02228164,22,0.7222,0.5,0.5
124,46,,0,5.292564,52,0.571777,15,0.0222619,23,1.0,0.5,0.2
124,95,1,1,17.712371,10,0.522949,66,0.02222222,24,0.4444,0.5,1.0
124,45,0,1,0.0,98,0.589355,4,0.02195411,25,1.0,1.0,0.5
124,30,,0,7.153174,37,0.555176,27,0.02180353,26,0.6667,0.5,0.5
124,33,0,1,0.0,94,0.58252,7,0.02141888,27,1.0,1.0,0.5
124,90,0,1,16.438919,12,0.512695,75,0.0212963,28,0.8333,0.5,0.5
124,12,0,1,1.364102,88,0.578613,10,0.02104247,29,0.6111,0.0,0.5
124,24,0,1,0.0,93,0.57959,9,0.0210287,30,0.2222,0.0,0.5
124,21,,0,7.168785,36,0.549316,36,0.02083333,31,1.0,1.0,0.5
124,3,,0,8.367635,27,0.536621,49,0.02066856,32,1.0,0.5,0.5
124,63,,0,15.272835,14,0.499512,84,0.02045796,33,0.8333,0.5,0.5
124,59,,0,6.907742,38,0.546387,40,0.02020408,34,0.8889,0.5,1.0
124,27,0,1,4.327428,57,0.555176,26,0.02017492,35,0.7222,0.5,0.5
124,57,,0,9.441341,19,0.515625,74,0.02012091,36,1.0,1.0,0.5
124,72,,0,10.607094,16,0.499512,85,0.02005445,37,0.2222,0.0,0.5
124,84,,0,7.525249,35,0.537598,48,0.01978558,38,0.1111,0.0,0.5
124,4,,0,4.954899,54,0.549316,35,0.01929825,39,0.5556,0.0,0.2
124,66,,0,0.0,103,0.571777,16,0.01929286,40,0.8333,0.5,0.5
124,35,,0,3.635181,61,0.552734,31,0.01925347,41,1.0,0.5,1.0
124,42,,0,9.417623,21,0.498291,86,0.01919499,42,1.0,0.5,0.5
124,83,,0,7.694831,33,0.527832,59,0.01915605,43,0.5556,0.5,1.0
124,76,,0,8.530103,25,0.504883,81,0.0188569,44,0.0,0.0,0.2
124,64,0,1,0.0,102,0.567871,19,0.01883107,45,0.2778,0.0,0.2
124,25,0,1,7.556878,34,0.525879,63,0.01876838,46,1.0,1.0,0.5
124,1,0,1,1.250851,90,0.557129,23,0.01871486,47,1.0,1.0,0.5
124,48,,0,5.394635,50,0.541016,44,0.01870629,48,0.3889,0.0,0.5
124,53,,0,8.547897,24,0.490479,89,0.01861617,49,1.0,1.0,1.0
124,51,,0,8.913137,23,0.486572,94,0.0185417,50,0.5,0.5,0.5
125,99,3,1,73.017403,1,0.60791,6,0.03154496,1,1.0,1.0,0.5
125,7,0,1,47.205995,2,0.597656,10,0.03041475,2,1.0,1.0,0.5
125,94,1,1,28.566683,7,0.609375,5,0.03030999,3,1.0,1.0,0.2
125,47,0,1,22.536387,11,0.614258,2,0.03021354,4,1.0,1.0,1.0
125,59,0,1,38.030968,3,0.587891,16,0.02903091,5,1.0,1.0,1.0
125,71,1,1,26.611409,9,0.59375,12,0.02838164,6,1.0,1.0,1.0
125,100,1,1,27.08265,8,0.589844,15,0.02803922,7,1.0,0.5,0.2
125,31,0,1,10.785271,30,0.613281,3,0.02698413,8,1.0,1.0,0.5
125,2,0,1,21.976892,13,0.578613,17,0.02668564,9,1.0,1.0,0.6
125,98,2,1,29.018549,6,0.567383,28,0.02651515,10,1.0,1.0,0.6
125,97,,0,18.476619,19,0.591309,13,0.02635686,11,0.5,0.5,0.5
125,91,0,1,24.266231,10,0.567871,27,0.02577997,12,1.0,1.0,0.5
125,82,0,1,19.027617,18,0.578125,18,0.02564103,13,1.0,1.0,0.2
125,90,0,1,21.606823,14,0.571777,23,0.02556171,14,1.0,1.0,0.5
125,66,0,1,21.016755,15,0.574707,22,0.02552846,15,1.0,1.0,0.5
125,70,1,1,9.978668,36,0.606934,7,0.02534204,16,1.0,1.0,0.2
125,46,0,1,8.725434,43,0.613281,4,0.02533374,17,1.0,1.0,0.2
125,96,1,1,6.117776,53,0.625977,1,0.025243,18,0.6875,0.5,0.5
125,10,0,1,11.471378,26,0.590332,14,0.02514142,19,0.9375,1.0,0.2
125,6,0,1,9.751449,38,0.602051,8,0.02490996,20,1.0,1.0,0.5
125,93,,0,17.093315,20,0.575684,21,0.02484568,21,1.0,0.5,0.5
125,3,0,1,9.738817,39,0.597656,9,0.02459376,22,1.0,1.0,0.5
125,34,,0,11.187499,28,0.577637,19,0.02402186,23,0.75,1.0,0.2
125,19,,0,13.406211,21,0.563965,31,0.02333469,24,1.0,1.0,0.5
125,5,0,1,35.964708,4,0.502441,70,0.02331731,25,0.875,0.5,1.0
125,95,,0,20.610981,16,0.54541,45,0.0226817,26,1.0,1.0,1.0
125,86,0,1,22.354616,12,0.525879,56,0.02250958,27,0.8125,1.0,0.6
125,72,,0,10.457472,32,0.567871,26,0.02249747,28,0.875,0.5,0.5
125,42,0,1,31.467491,5,0.458984,96,0.02179487,29,0.625,1.0,0.5
125,64,0,1,3.135329,75,0.596191,11,0.02149191,30,0.9375,0.5,0.2
125,15,0,1,5.621016,55,0.577148,20,0.02119565,31,1.0,1.0,0.5
125,50,,0,10.566526,31,0.551758,38,0.02119309,32,1.0,1.0,0.6
125,76,,0,12.539199,22,0.52832,53,0.02104468,33,0.5625,0.5,0.2
125,52,,0,19.32397,17,0.508789,68,0.02079951,34,0.75,0.5,0.2
125,33,,0,5.41807,56,0.570312,24,0.02052545,35,0.125,0.5,0.5
125,26,0,1,12.328658,23,0.523438,58,0.02052277,36,1.0,1.0,0.6
125,36,,0,8.538249,44,0.562012,33,0.02036807,37,1.0,0.5,0.5
125,1,,0,6.187789,51,0.565918,29,0.02024496,38,0.75,0.5,0.5
125,57,,0,10.235058,34,0.544434,46,0.02007226,39,0.625,0.5,0.5
125,35,,0,11.459315,27,0.52002,62,0.01969097,40,0.9375,1.0,1.0
125,58,,0,7.463708,46,0.548828,42,0.01923788,41,1.0,1.0,0.2
125,60,,0,3.146488,74,0.567871,25,0.01922739,42,1.0,0.5,0.5
125,18,,0,4.218133,62,0.562012,32,0.01906629,43,1.0,1.0,0.5
125,38,,0,11.992253,25,0.486572,80,0.01890756,44,0.9375,1.0,0.6
125,49,,0,4.351786,60,0.552246,37,0.01864261,45,1.0,0.5,0.5
125,28,,0,4.175496,64,0.552246,36,0.01848118,46,0.875,0.5,0.2
125,63,,0,2.842153,77,0.564453,30,0.01841038,47,1.0,1.0,0.5
125,55,,0,10.443742,33,0.495117,74,0.01821537,48,1.0,1.0,0.5
125,45,,0,6.141367,52,0.54248,48,0.01818783,49,0.75,0.5,0.5
125,78,,0,10.954031,29,0.485352,84,0.0181804,50,1.0,1.0,0.5
126,101,3,1,125.035269,1,0.736328,1,0.03278689,1,1.0,1.0,1.0
126,102,3,1,106.468716,2,0.691895,2,0.03225806,2,1.0,0.5,0.5
126,103,2,1,80.236473,4,0.663574,3,0.03149802,3,0.9444,0.5,0.5
126,104,1,1,89.25995,3,0.658691,4,0.03149802,4,0.3333,0.0,0.6
126,89,2,1,48.235838,5,0.536621,14,0.02889813,5,1.0,1.0,1.0
126,13,0,1,15.444513,20,0.569824,7,0.02742537,6,0.9444,1.0,0.5
126,82,0,1,17.892172,16,0.548828,11,0.0272424,7,0.6111,0.5,0.2
126,41,0,1,38.126828,6,0.502441,27,0.02664577,8,0.8889,1.0,1.0
126,91,2,1,23.480125,10,0.513184,21,0.02663139,9,0.6111,0.5,0.5
126,37,0,1,14.252139,28,0.577148,6,0.02651515,10,1.0,1.0,0.5
126,86,0,1,26.263652,9,0.503906,24,0.02639752,11,0.0556,0.5,0.6
126,46,0,1,20.755058,12,0.503418,25,0.02565359,12,0.9444,0.5,0.2
126,90,2,1,13.643936,33,0.568359,8,0.02545857,13,0.7222,0.5,0.5
126,47,,0,14.066731,30,0.543945,12,0.025,14,0.7222,0.5,1.0
126,45,,0,14.179534,29,0.539062,13,0.02493459,15,1.0,1.0,0.5
126,9,0,1,19.131715,15,0.501465,29,0.02456929,16,1.0,1.0,0.5
126,99,,0,19.158172,14,0.496094,32,0.02438308,17,0.8333,0.5,0.5
126,92,,0,15.949628,19,0.502441,28,0.02402186,18,0.1111,0.0,0.6
126,14,,0,14.544146,24,0.506348,23,0.02395295,19,0.5556,0.5,0.6
126,39,0,1,5.653633,50,0.549805,10,0.02337662,20,0.9444,0.5,0.5
126,42,0,1,31.552368,7,0.463135,61,0.02318984,21,1.0,0.5,0.5
126,20,0,1,3.977681,57,0.560059,9,0.02303976,22,0.2222,0.0,0.6
126,84,,0,19.886688,13,0.469971,52,0.0226272,23,0.0,0.0,0.5
126,43,0,1,1.420364,80,0.581055,5,0.02252747,24,1.0,0.5,0.5
126,81,,0,4.158326,55,0.529785,16,0.02185355,25,0.9444,1.0,0.5
126,17,,0,4.761662,53,0.524902,18,0.02167007,26,1.0,1.0,1.0
126,29,,0,14.459373,26,0.481445,40,0.02162791,27,0.9444,1.0,1.0
126,66,,0,15.422165,21,0.474609,48,0.02160494,28,0.7222,0.5,0.5
126,5,,0,16.022268,18,0.469482,54,0.02159244,29,1.0,1.0,1.0
126,44,,0,10.601208,38,0.498535,30,0.02131519,30,0.6111,0.0,0.6
126,67,,0,14.393557,27,0.478516,43,0.02120299,31,0.5556,0.5,0.5
126,21,,0,13.629526,34,0.486816,35,0.02116461,32,1.0,1.0,0.5
126,71,,0,20.813462,11,0.437744,88,0.02084126,33,0.7778,0.5,1.0
126,72,0,1,27.844432,8,0.385498,103,0.02084085,34,0.1111,0.0,0.5
126,85,,0,15.377282,22,0.468506,56,0.02081581,35,0.3889,1.0,0.5
126,15,,0,9.218182,43,0.498047,31,0.02069775,36,0.7222,0.5,0.5
126,33,,0,2.405072,70,0.526367,17,0.02067932,37,1.0,1.0,0.5
126,36,,0,7.980271,47,0.492432,33,0.02009848,38,0.5556,0.0,0.5
126,49,,0,2.982428,68,0.507324,22,0.02000762,39,0.8889,1.0,0.5
126,30,,0,9.958057,40,0.480957,41,0.01990099,40,0.5556,0.5,0.5
126,1,,0,1.649218,78,0.513672,20,0.01974638,41,1.0,1.0,0.5
126,55,,0,3.10524,66,0.50293,26,0.01956441,42,0.5,0.5,0.5
126,78,,0,0.0,102,0.531738,15,0.01950617,43,0.3333,0.5,0.5
126,73,,0,17.050183,17,0.418701,95,0.01943863,44,0.5556,1.0,0.5
126,40,,0,0.0,94,0.521484,19,0.01915173,45,0.3889,0.0,0.2
126,69,,0,13.310882,35,0.467041,57,0.01907332,46,1.0,1.0,0.5
126,77,,0,8.072571,46,0.478516,44,0.01904935,47,0.6667,1.0,1.0
126,97,,0,3.739545,60,0.490234,34,0.01897163,48,1.0,1.0,0.5
126,53,,0,15.235189,23,0.437256,89,0.0187596,49,0.9444,1.0,1.0
126,10,,0,13.945177,32,0.459717,67,0.01874358,50,1.0,0.5,0.2
127,101,2,1,127.577852,1,0.737305,1,0.03278689,1,0.875,0.5,1.0
127,104,1,1,82.856406,2,0.70166,2,0.03225806,2,0.75,0.5,0.6
127,102,3,1,66.533616,4,0.688477,3,0.03149802,3,1.0,1.0,0.5
127,103,3,1,68.778242,3,0.664062,4,0.03149802,4,1.0,1.0,0.5
127,90,2,1,34.827984,6,0.623047,6,0.03030303,5,1.0,1.0,0.5
127,89,2,1,28.452607,8,0.575684,11,0.02879039,6,1.0,0.5,1.0
127,92,1,1,30.174046,7,0.566406,15,0.02825871,7,0.5,0.5,0.6
127,91,2,1,24.987562,10,0.574219,12,0.0281746,8,1.0,1.0,0.5
127,37,0,1,13.641374,21,0.637207,5,0.02773029,9,0.75,0.5,0.5
127,13,0,1,47.48057,5,0.545898,26,0.02701252,10,1.0,0.5,0.5
127,17,0,1,13.603064,22,0.582031,9,0.02668788,11,1.0,0.5,1.0
127,36,0,1,23.617683,12,0.543457,27,0.02538314,12,1.0,0.5,0.5
127,20,0,1,10.616642,35,0.59375,8,0.0252322,13,0.625,0.5,0.6
127,45,,0,13.561491,23,0.563965,17,0.02503521,14,1.0,0.5,0.5
127,29,,0,15.385674,16,0.541504,30,0.02426901,15,1.0,0.5,1.0
127,43,,0,10.73786,34,0.569824,14,0.02415181,16,1.0,1.0,0.5
127,55,,0,17.417541,14,0.528809,37,0.02382279,17,0.9375,1.0,0.5
127,9,0,1,15.918089,15,0.532227,36,0.02375,18,1.0,0.5,0.5
127,2,,0,13.386388,25,0.553223,24,0.02366947,19,1.0,1.0,0.6
127,40,,0,8.688544,44,0.573242,13,0.02331401,20,0.8125,0.5,0.2
127,82,0,1,5.555208,63,0.60791,7,0.02305545,21,1.0,1.0,0.2
127,8,,0,12.912364,27,0.541504,29,0.02273021,22,0.5625,0.5,0.6
127,5,,0,12.895535,28,0.542969,28,0.02272727,23,1.0,0.5,1.0
127,86,,0,8.972465,41,0.561523,19,0.02255922,24,0.4375,1.0,0.6
127,61,,0,17.911833,13,0.504395,56,0.02231932,25,1.0,0.5,0.5
127,78,,0,8.64567,46,0.5625,18,0.02225448,26,0.75,1.0,0.5
127,14,,0,13.982286,20,0.521484,43,0.02220874,27,1.0,1.0,0.6
127,49,,0,9.850836,39,0.553711,23,0.0221492,28,1.0,0.5,0.5
127,41,,0,24.540896,11,0.498047,64,0.02214902,29,0.25,0.5,1.0
127,39,,0,7.496375,52,0.56543,16,0.02208647,30,1.0,1.0,0.5
127,38,0,1,26.394509,9,0.490967,74,0.02195544,31,1.0,1.0,0.6
127,85,,0,14.19462,19,0.515137,48,0.02191749,32,0.8125,0.5,0.5
127,46,,0,10.981171,33,0.539551,31,0.0217417,33,1.0,1.0,0.2
127,30,,0,11.082215,32,0.533691,35,0.02139588,34,1.0,1.0,0.5
127,81,0,1,2.447809,86,0.57959,10,0.02113503,35,1.0,0.5,0.5
127,15,,0,11.892091,30,0.525391,40,0.02111111,36,1.0,1.0,0.5
127,7,0,1,11.588627,31,0.526367,39,0.02109002,37,1.0,1.0,0.5
127,48,0,1,15.167051,18,0.493164,70,0.02051282,38,0.6875,0.5,0.5
127,35,,0,13.412233,24,0.500488,59,0.02030812,39,1.0,1.0,1.0
127,42,,0,15.318181,17,0.489014,77,0.02028628,40,1.0,1.0,0.5
127,58,0,1,10.120975,38,0.523438,41,0.02010507,41,1.0,1.0,0.2
127,33,,0,4.009739,76,0.561035,20,0.01985294,42,0.5,0.5,0.5
127,3,,0,5.094638,65,0.547852,25,0.01976471,43,1.0,1.0,0.5
127,4,0,1,3.788693,77,0.556641,22,0.01949439,44,0.875,0.5,0.2
127,19,,0,6.883768,56,0.536621,32,0.01949025,45,1.0,1.0,0.5
127,44,,0,8.760845,43,0.516602,46,0.0191427,46,1.0,0.5,0.6
127,84,,0,7.487875,53,0.52832,38,0.01905364,47,0.375,0.5,0.5
127,99,,0,12.426045,29,0.496826,68,0.01904846,48,1.0,1.0,0.5
127,47,,0,0.882895,93,0.55957,21,0.01888163,49,1.0,1.0,1.0
127,31,,0,7.999998,51,0.521973,42,0.01881293,50,0.875,1.0,0.5
128,102,3,1,107.221104,1,0.684082,1,0.03278689,1,1.0,1.0,0.5
128,101,2,1,104.387519,2,0.645508,2,0.03225806,2,0.75,0.5,1.0
128,104,1,1,78.946096,3,0.634766,3,0.03174603,3,0.875,0.5,0.6
128,103,2,1,48.39376,4,0.618164,4,0.03125,4,1.0,1.0,0.5
128,86,0,1,40.306136,7,0.594238,7,0.02985075,5,0.5625,1.0,0.6
128,13,0,1,44.046311,5,0.577637,13,0.02908325,6,1.0,0.5,0.5
128,82,0,1,20.125762,12,0.609863,6,0.0290404,7,1.0,1.0,0.2
128,45,0,1,31.31826,8,0.589844,10,0.0289916,8,1.0,0.5,0.5
128,47,0,1,22.895819,10,0.59375,8,0.0289916,9,1.0,1.0,1.0
128,37,0,1,14.252139,17,0.617676,5,0.02837163,10,0.625,0.5,0.5
128,36,0,1,19.520192,13,0.567871,15,0.02703196,11,1.0,0.5,0.5
128,33,,0,13.940511,18,0.583496,12,0.0267094,12,0.375,0.5,0.5
128,84,,0,14.958953,16,0.54248,21,0.02550357,13,0.5,0.5,0.5
128,46,,0,13.538455,20,0.547852,18,0.02532051,14,1.0,1.0,0.2
128,96,,0,16.604562,15,0.531738,28,0.02469697,15,0.4375,0.5,0.5
128,90,2,1,7.188659,39,0.591797,9,0.02459376,16,1.0,1.0,0.5
128,17,0,1,11.002031,25,0.546875,20,0.02426471,17,1.0,0.5,1.0
128,41,0,1,42.407001,6,0.511719,52,0.02408009,18,0.125,0.5,1.0
128,10,,0,21.692652,11,0.52002,42,0.02388843,19,1.0,1.0,0.2
128,44,,0,12.721449,22,0.526367,33,0.02294781,20,1.0,0.5,0.6
128,43,,0,9.317845,33,0.537598,23,0.02280088,21,1.0,1.0,0.5
128,55,,0,9.361439,32,0.533203,27,0.02236382,22,1.0,1.0,0.5
128,39,,0,4.689531,53,0.571289,14,0.02236307,23,1.0,1.0,0.5
128,92,,0,11.662298,24,0.523438,37,0.02221404,24,0.625,0.5,0.6
128,42,0,1,29.983128,9,0.486084,71,0.02212634,25,0.875,1.0,0.5
128,35,,0,10.92334,27,0.524902,35,0.02202057,26,1.0,1.0,1.0
128,5,0,1,9.554424,30,0.526367,32,0.02198068,27,1.0,0.5,1.0
128,81,,0,5.55529,48,0.547852,19,0.02191749,28,1.0,0.5,0.5
128,91,,0,9.186147,34,0.526855,31,0.02162731,29,1.0,1.0,0.5
128,16,,0,8.571617,37,0.529785,29,0.02154523,30,0.5625,0.5,0.2
128,8,,0,6.402397,42,0.533203,26,0.02143183,31,0.6875,0.5,0.6
128,15,0,1,2.870242,64,0.548828,17,0.02105153,32,1.0,1.0,0.5
128,9,0,1,9.87929,29,0.519043,43,0.02094469,33,0.875,0.5,0.5
128,53,0,1,16.866864,14,0.482422,76,0.02086645,34,1.0,0.5,1.0
128,49,,0,3.896806,57,0.540039,22,0.02074213,35,1.0,0.5,0.5
128,21,,0,12.917796,21,0.494385,61,0.02061014,36,1.0,0.5,0.5
128,20,,0,0.0,94,0.583984,11,0.02057801,37,0.75,0.5,0.6
128,29,0,1,9.405517,31,0.515137,48,0.02024827,38,1.0,0.5,1.0
128,14,,0,6.856501,40,0.522949,38,0.02020408,39,1.0,1.0,0.6
128,40,,0,1.136835,83,0.553223,16,0.0201509,40,0.9375,0.5,0.2
128,18,,0,6.352968,43,0.522949,39,0.01980975,41,1.0,1.0,0.5
128,4,,0,2.22557,72,0.537109,24,0.01948052,42,1.0,0.5,0.2
128,26,,0,13.683123,19,0.4729,88,0.01941498,43,1.0,1.0,0.6
128,61,,0,10.959028,26,0.485352,72,0.01920366,44,1.0,0.5,0.5
128,54,,0,8.836241,36,0.505859,56,0.01903736,45,1.0,1.0,0.5
128,38,,0,8.860289,35,0.495361,59,0.01892968,46,1.0,1.0,0.6
128,7,,0,6.809771,41,0.506836,55,0.01859664,47,1.0,1.0,0.5
128,48,,0,1.704937,79,0.527832,30,0.01830536,48,0.8125,0.5,0.5
128,95,,0,12.570936,23,0.429443,101,0.01825937,49,0.875,1.0,1.0
128,32,,0,10.454348,28,0.473389,86,0.01821295,50,0.5,0.5,0.6
129,104,3,1,146.777232,1,0.803711,1,0.03278689,1,1.0,1.0,0.6
129,102,1,1,91.041222,4,0.728027,2,0.03175403,2,0.0,0.5,0.5
129,103,1,1,99.816842,2,0.676758,4,0.03175403,3,0.25,0.5,0.5
129,101,1,1,99.641532,3,0.694824,3,0.03174603,4,0.0,0.0,1.0
129,86,0,1,37.326125,5,0.583008,11,0.02946912,5,1.0,0.5,0.6
129,91,1,1,27.257638,9,0.605957,7,0.02941813,6,0.75,0.5,0.5
129,90,1,1,20.544263,12,0.585449,9,0.02838164,7,0.5833,0.5,0.5
129,40,0,1,15.133187,19,0.608398,6,0.02780974,8,1.0,1.0,0.2
129,81,,0,20.847428,11,0.568359,15,0.02741784,9,0.25,0.0,0.5
129,20,0,1,14.287257,21,0.60498,8,0.02705156,10,1.0,1.0,0.6
129,37,0,1,10.662261,26,0.618164,5,0.02701252,11,0.0,0.0,0.5
129,89,,0,18.443078,15,0.574219,14,0.02684685,12,0.0,0.0,1.0
129,17,0,1,14.232872,22,0.583008,10,0.02648084,13,0.0,0.0,1.0
129,39,0,1,19.434534,14,0.548828,22,0.02570864,14,0.25,0.5,0.5
129,46,,0,12.481794,24,0.580566,13,0.02560339,15,0.25,0.5,0.2
129,64,0,1,13.940603,23,0.554199,20,0.02454819,16,1.0,1.0,0.2
129,15,0,1,33.260361,6,0.497314,64,0.02321603,17,0.5833,0.5,0.5
129,92,,0,4.01686,49,0.58252,12,0.0230632,18,1.0,1.0,0.6
129,36,,0,7.634611,36,0.551758,21,0.02276235,19,0.8333,1.0,0.5
129,47,,0,10.147477,28,0.540039,28,0.02272727,20,0.5833,0.5,1.0
129,34,,0,15.035237,20,0.527832,38,0.02270408,21,0.0,0.5,0.2
129,44,,0,4.930577,44,0.564941,18,0.0224359,22,0.75,1.0,0.6
129,60,,0,15.685463,18,0.521484,44,0.0224359,23,1.0,1.0,0.5
129,72,0,1,33.100166,7,0.488281,74,0.02238806,24,1.0,1.0,0.5
129,43,,0,6.211943,39,0.547363,23,0.0221492,25,0.0,0.5,0.5
129,99,0,1,30.56605,8,0.480713,82,0.02174814,26,0.4167,0.5,0.5
129,45,,0,3.457562,56,0.567871,17,0.0216077,27,0.0,0.0,0.5
129,19,,0,5.26519,42,0.541992,25,0.02156863,28,0.6667,0.5,0.5
129,63,,0,20.336317,13,0.489502,71,0.02133222,29,0.5833,0.5,0.5
129,82,0,1,2.686798,63,0.568359,16,0.02128798,30,0.75,0.5,0.2
129,56,0,1,24.736495,10,0.475586,83,0.02127872,31,1.0,1.0,0.6
129,13,,0,8.4905,32,0.521973,43,0.0205783,32,0.25,0.0,0.5
129,52,,0,17.23886,17,0.48877,73,0.02050581,33,1.0,1.0,0.2
129,41,,0,8.878799,31,0.518066,47,0.02033481,34,0.0,0.0,1.0
129,78,,0,7.951488,35,0.522949,42,0.02033024,35,1.0,0.5,0.5
129,23,0,1,3.836211,50,0.533203,32,0.01996047,36,0.8333,0.5,1.0
129,10,,0,5.171252,43,0.527344,39,0.01980975,37,0.0,0.5,0.2
129,33,,0,1.398983,81,0.556152,19,0.01975043,38,0.0,0.0,0.5
129,32,,0,17.71639,16,0.455322,95,0.01960951,39,1.0,1.0,0.6
129,24,,0,4.855096,45,0.525391,40,0.01952381,40,1.0,1.0,0.5
129,12,0,1,3.615636,53,0.53125,34,0.01948786,41,0.9167,1.0,0.5
129,42,,0,10.628105,27,0.495117,67,0.01936827,42,0.0,0.5,0.5
129,21,,0,6.724799,38,0.514648,50,0.01929499,43,0.1667,0.0,0.5
129,9,0,1,2.976374,61,0.537109,31,0.01925347,44,0.0,0.0,0.5
129,18,,0,2.782694,62,0.532227,33,0.01894941,45,0.3333,0.5,0.5
129,3,,0,1.384235,82,0.544434,24,0.01894702,46,0.0,0.5,0.5
129,7,,0,8.272316,34,0.503418,61,0.01890276,47,0.25,0.5,0.5
129,38,,0,1.486064,80,0.540527,26,0.01877076,48,0.0,0.5,0.6
129,70,,0,1.349581,83,0.540527,27,0.01848726,49,0.6667,0.5,0.2
129,71,,0,11.822911,25,0.462646,90,0.01843137,50,0.5,0.5,1.0
130,103,3,1,90.862122,1,0.703613,1,0.03278689,1,1.0,1.0,0.5
130,102,2,1,76.414998,2,0.64209,2,0.03225806,2,1.0,1.0,0.5
130,101,2,1,52.02943,3,0.640137,3,0.03174603,3,1.0,0.5,1.0
130,90,1,1,43.777984,4,0.622559,5,0.03100962,4,1.0,1.0,0.5
130,39,0,1,32.3951,7,0.623047,4,0.03055037,5,1.0,1.0,0.5
130,104,1,1,40.184752,5,0.622559,6,0.03053613,6,0.625,0.5,0.6
130,78,0,1,33.750596,6,0.576172,7,0.03007689,7,0.625,1.0,0.5
130,20,0,1,21.74757,9,0.565918,8,0.02919864,8,0.5,0.5,0.6
130,55,0,1,12.901756,17,0.547852,10,0.02727273,9,0.8125,1.0,0.5
130,1,,0,16.619537,14,0.521973,16,0.02667141,10,1.0,0.5,0.5
130,37,0,1,11.147085,22,0.547363,11,0.02627963,11,0.875,0.5,0.5
130,86,,0,10.357562,23,0.546875,12,0.02593708,12,0.3125,1.0,0.6
130,82,0,1,7.930101,28,0.551758,9,0.02585639,13,0.9375,1.0,0.2
130,14,0,1,25.307973,8,0.487061,37,0.02501516,14,0.875,1.0,0.6
130,19,,0,14.374897,15,0.504395,26,0.02496124,15,1.0,1.0,0.5
130,43,,0,7.835958,29,0.526855,13,0.02493459,16,1.0,1.0,0.5
130,5,,0,18.795559,13,0.499512,30,0.02480974,17,1.0,0.5,1.0
130,88,,0,7.644497,30,0.523926,15,0.02444444,18,0.0,0.5,0.2
130,61,0,1,13.141928,16,0.493164,33,0.02391058,19,1.0,0.5,0.5
130,91,,0,11.979875,21,0.503906,27,0.02383993,20,0.9375,1.0,0.5
130,99,0,1,20.61451,10,0.476074,45,0.02380952,21,1.0,1.0,0.5
130,96,,0,12.073228,20,0.501465,29,0.02373596,22,0.1875,0.5,0.5
130,8,,0,20.477405,11,0.474854,46,0.02351847,23,0.4375,0.5,0.6
130,60,,0,19.874609,12,0.473877,49,0.0230632,24,0.5625,0.5,0.5
130,45,,0,12.290567,19,0.486328,38,0.02286231,25,1.0,0.5,0.5
130,83,,0,9.828089,24,0.496338,32,0.02277433,26,0.75,1.0,1.0
130,93,0,1,5.194989,43,0.510742,21,0.02205442,27,1.0,0.5,0.5
130,51,,0,8.647692,27,0.483643,39,0.02159526,28,0.6875,1.0,0.5
130,15,,0,4.977144,45,0.507812,23,0.021572,29,1.0,1.0,0.5
130,40,,0,2.273669,68,0.525391,14,0.02132601,30,0.6875,0.5,0.2
130,4,,0,2.877496,60,0.512695,20,0.02083333,31,0.75,0.5,0.2
130,29,,0,2.196034,70,0.521973,17,0.02067932,32,1.0,0.5,1.0
130,31,,0,4.118944,48,0.503418,28,0.0206229,33,0.75,1.0,0.5
130,38,,0,5.647721,38,0.487793,36,0.02062075,34,1.0,1.0,0.6
130,49,,0,3.396007,54,0.505859,25,0.02053664,35,1.0,0.5,0.5
130,17,0,1,3.325418,56,0.507812,24,0.02052545,36,1.0,0.5,1.0
130,13,,0,1.967421,76,0.52002,18,0.02017345,37,1.0,0.5,0.5
130,30,,0,2.183607,71,0.509277,22,0.01982871,38,0.875,1.0,0.5
130,10,,0,5.841901,36,0.474365,47,0.01976246,39,1.0,1.0,0.2
130,89,,0,5.448618,40,0.477051,44,0.01961538,40,1.0,0.5,1.0
130,18,,0,6.696246,32,0.467041,57,0.01941657,41,1.0,1.0,0.5
130,47,,0,0.882895,89,0.514648,19,0.01936964,42,1.0,1.0,1.0
130,87,,0,5.649383,37,0.471191,51,0.01931829,43,0.1875,1.0,0.5
130,71,,0,12.860908,18,0.409424,99,0.01910982,44,1.0,1.0,1.0
130,92,,0,7.108984,31,0.456787,67,0.01886303,45,0.375,0.5,0.6
130,67,,0,5.390556,41,0.470459,52,0.01882956,46,0.875,1.0,0.5
130,62,,0,9.557502,25,0.437988,84,0.01870915,47,1.0,1.0,0.6
130,80,,0,3.654252,52,0.477051,43,0.01863731,48,0.125,0.5,0.6
130,41,0,1,6.440409,33,0.455566,69,0.01850463,49,0.375,0.5,1.0
130,35,,0,4.504024,46,0.469238,55,0.01812961,50,1.0,1.0,1.0
