hire_id,provider_id,ce_score
1,4,1.19153678
1,1,-3.34618521
1,11,-3.81879425
1,2,-4.43598461
1,88,-5.00224876
1,12,-6.71963120
1,82,-6.97613144
1,3,-5.08640528
1,22,-7.39846230
1,18,-7.58556080
1,34,-5.61007881
1,17,-8.39331055
1,35,-6.40860891
1,6,-6.80444241
1,50,-7.44076300
1,5,-6.00952196
1,20,-8.20658493
1,90,-7.83287239
1,87,-8.30768585
1,97,-7.26479626
1,7,-8.06383801
1,19,-7.51820183
1,25,-6.98468971
1,10,-8.38722229
1,27,-6.68377399
1,45,-7.13474846
1,63,-6.63912582
1,39,-7.21884108
1,81,-8.42301178
1,67,-7.23644733
1,31,-8.00827885
1,15,-8.45232868
1,26,-9.06749249
1,100,-7.66157961
1,8,-7.40083599
1,96,-8.97876453
1,49,-8.77725220
1,30,-6.57611179
1,38,-7.95557022
1,92,-9.42331600
1,33,-8.84299755
1,98,-6.81454468
1,29,-7.16955805
1,47,-7.76508904
1,14,-8.90655136
1,40,-9.03132725
1,52,-8.87725925
1,51,-8.24180698
1,46,-7.73935747
1,9,-9.05678558
2,2,-0.65542305
2,6,-4.40788984
2,3,-4.39699554
2,31,-6.31262064
2,10,-5.61924887
2,4,-6.35505676
2,22,-6.90964603
2,7,-4.79219580
2,19,-5.75808144
2,12,-6.14758968
2,18,-6.60591078
2,11,-7.28662968
2,34,-7.42021465
2,25,-6.26736450
2,1,-5.69394064
2,32,-7.45217323
2,24,-8.31817627
2,28,-6.13239717
2,85,-6.56584644
2,9,-8.52919579
2,82,-8.34020710
2,49,-8.61281395
2,30,-8.32766151
2,97,-6.88292360
2,5,-7.21888065
2,29,-7.96837187
2,78,-7.38976049
2,33,-8.73245049
2,58,-8.53001404
2,27,-6.84070587
2,50,-7.47398281
2,86,-7.08295250
2,88,-6.73704433
2,66,-8.97426987
2,81,-7.65994263
2,64,-8.70738220
2,8,-8.94686699
2,20,-8.75708961
2,37,-8.69371605
2,16,-8.10280228
2,47,-7.91322041
2,48,-8.03543091
2,46,-6.99850368
2,84,-7.74508572
2,17,-8.50954628
2,36,-8.66287804
2,94,-7.09725285
2,26,-8.00256348
2,92,-9.07183933
2,57,-7.75004148
3,1,-2.05949116
3,4,-3.42489600
3,3,-3.03281903
3,50,-7.58585548
3,6,-6.30860901
3,2,-6.42402267
3,92,-9.71367550
3,70,-7.28429413
3,12,-6.92797947
3,18,-8.80456734
3,19,-7.49790764
3,24,-9.07037735
3,58,-9.72852325
3,57,-5.21299887
3,69,-8.73938370
3,60,-8.32723236
3,22,-6.25703239
3,9,-9.99477673
3,40,-9.76133728
3,90,-10.03578949
3,71,-7.24413061
3,11,-8.63819504
3,10,-9.51991463
3,91,-9.87611389
3,59,-7.75678444
3,5,-5.82019997
3,31,-8.36231041
3,29,-8.62428951
3,42,-9.29874611
3,15,-8.84669113
3,38,-10.08348274
3,20,-9.46416569
3,17,-10.09044838
3,63,-6.49858046
3,49,-8.99718380
3,64,-9.91321373
3,32,-9.41479874
3,87,-9.80992413
3,30,-9.48226738
3,61,-10.24092960
3,33,-10.02289104
3,67,-8.20199203
3,96,-9.76036453
3,44,-10.13048935
3,102,-9.63009262
3,93,-7.57738781
3,51,-9.21505356
3,55,-10.31199741
3,47,-9.81602001
3,34,-8.53930759
4,4,0.95556808
4,1,-1.06125641
4,3,0.21949825
4,2,-4.90186119
4,18,-5.38900089
4,47,-2.76909018
4,31,-6.18426418
4,82,-6.96552181
4,22,-4.70709229
4,12,-6.40128040
4,11,-3.21231627
4,6,-5.65856361
4,19,-4.21612692
4,92,-8.19351101
4,23,-7.28247499
4,17,-7.78910017
4,72,-8.44310951
4,90,-7.40959835
4,45,-6.81568146
4,50,-7.04183674
4,37,-9.19433689
4,30,-8.31234646
4,39,-7.41807699
4,10,-7.43847084
4,29,-7.13072634
4,86,-7.82906485
4,46,-6.70629787
4,36,-7.45314121
4,60,-7.68435383
4,44,-9.14763832
4,27,-6.81113863
4,34,-6.71523762
4,8,-5.77214718
4,81,-8.47597885
4,7,-6.80558681
4,95,-8.29226875
4,104,-7.56044483
4,5,-5.90440369
4,33,-7.96849442
4,35,-7.10991192
4,71,-5.44815302
4,96,-8.73576736
4,20,-8.28383636
4,68,-8.17458534
4,32,-8.72568989
4,67,-6.56751919
4,91,-8.44617271
4,85,-7.95838928
4,24,-8.00555134
4,83,-6.39110994
5,3,-1.87634039
5,2,-4.85724163
5,18,-6.99982977
5,4,-7.00514221
5,1,-5.69243813
5,10,-7.85916233
5,12,-8.30287552
5,24,-9.10394192
5,6,-7.59589148
5,50,-8.10735035
5,31,-9.42586994
5,82,-6.93141937
5,45,-7.18654919
5,34,-7.12338686
5,49,-7.84722471
5,19,-8.11189842
5,17,-9.46885109
5,33,-8.47832108
5,60,-9.25025177
5,36,-8.85989380
5,40,-9.69065094
5,5,-8.18505287
5,58,-9.74037075
5,92,-9.70430851
5,7,-8.51778221
5,20,-9.80759621
5,35,-6.95337582
5,81,-9.36130333
5,70,-9.37180233
5,91,-9.92881966
5,47,-8.50660515
5,21,-8.51611996
5,22,-8.17653465
5,48,-9.11265087
5,69,-10.30878639
5,71,-8.94113827
5,86,-9.05807209
5,46,-7.77298260
5,42,-9.15876389
5,53,-10.53444004
5,9,-9.84465790
5,96,-10.14052677
5,98,-9.40987206
5,97,-10.02407551
5,23,-9.40476131
5,38,-8.65034866
5,37,-9.97336006
5,94,-9.42163086
5,57,-9.88057327
5,64,-9.89744568
6,6,0.48516297
6,7,-3.03482199
6,5,-0.70489514
6,8,-5.08646584
6,32,-4.26947498
6,30,-5.61357641
6,19,-6.36345005
6,28,-5.89206314
6,29,-4.52612209
6,31,-7.31194448
6,2,-6.91920185
6,3,-7.99825573
6,35,-6.65342236
6,20,-6.07598400
6,96,-9.06166077
6,22,-8.36060143
6,17,-7.79210520
6,85,-7.20707750
6,12,-8.11335373
6,65,-6.83014202
6,1,-8.60826492
6,86,-7.92487860
6,4,-8.81019592
6,25,-8.44161224
6,24,-9.67736435
6,18,-9.15645409
6,76,-9.18518639
6,15,-8.17981052
6,48,-9.53046513
6,64,-10.10934353
6,47,-9.58046722
6,33,-9.59130096
6,9,-9.57815838
6,34,-8.55095196
6,27,-8.21336937
6,52,-9.04015923
6,69,-9.29407501
6,11,-8.71799183
6,78,-8.23615837
6,40,-9.86379623
6,10,-8.85605431
6,97,-8.70304966
6,93,-8.42865181
6,71,-6.50262833
6,72,-9.94725132
6,16,-9.03278351
6,68,-8.97581196
6,23,-10.21950054
6,94,-8.18789482
6,36,-10.40781784
7,7,2.17472863
7,6,0.47430998
7,5,0.24726048
7,8,-1.99931788
7,19,-0.87890589
7,31,-5.09174013
7,22,-3.31247807
7,3,-2.02473927
7,96,-4.89763308
7,59,-3.23351002
7,17,-7.97799397
7,18,-4.91014004
7,46,-3.70052314
7,86,-5.88765621
7,10,-5.00568199
7,12,-6.53167725
7,1,-3.43241382
7,2,-5.70429611
7,81,-8.34864330
7,21,-6.07075262
7,4,-7.95319653
7,93,-4.20126581
7,57,-4.87918758
7,94,-5.47628546
7,29,-7.46522617
7,26,-7.85266304
7,71,-3.18082762
7,89,-8.10802078
7,97,-6.70154572
7,63,-4.06245232
7,33,-8.10900211
7,28,-6.83499384
7,36,-8.02616692
7,64,-7.62909698
7,69,-6.68853569
7,34,-8.37217045
7,60,-6.57646132
7,47,-7.96297073
7,42,-8.06021881
7,44,-9.23738956
7,20,-9.46495247
7,90,-7.72648621
7,70,-6.13773203
7,30,-9.55595398
7,45,-8.76371002
7,82,-9.27076244
7,48,-9.00110626
7,50,-7.34387445
7,95,-6.82581377
7,85,-8.16571331
8,8,4.75068474
8,5,-0.84261799
8,7,-3.28668761
8,6,-2.57721472
8,17,-7.25027561
8,58,-3.81959343
8,37,-6.71460629
8,18,-6.50129700
8,23,-10.01037407
8,73,-8.02216816
8,26,-7.68525076
8,29,-3.85514879
8,30,-8.79948616
8,89,-6.52928352
8,66,-3.87058592
8,9,-8.23915863
8,36,-10.19239712
8,25,-7.46997166
8,12,-9.32532597
8,33,-10.32246780
8,53,-10.22966766
8,52,-10.37504196
8,92,-9.78435707
8,69,-9.61355782
8,21,-8.98549652
8,3,-9.54619694
8,10,-8.23971939
8,14,-9.60048676
8,75,-9.69992638
8,31,-9.04060650
8,44,-10.58348465
8,22,-9.89707851
8,47,-8.41483498
8,42,-10.06276035
8,82,-10.26624870
8,2,-9.75084114
8,49,-9.93148232
8,54,-9.86460304
8,95,-9.79120159
8,4,-10.13753128
8,86,-10.19336033
8,50,-10.27705765
8,32,-10.33459091
8,101,-10.44761467
8,35,-9.53937054
8,78,-9.33760834
8,74,-10.28571987
8,68,-10.13357449
8,81,-10.18492317
8,28,-6.85096407
9,6,-0.69496101
9,25,-4.23479223
9,29,-6.57968903
9,28,-4.95200920
9,26,-7.14851904
9,31,-8.45572090
9,86,-7.99679041
9,46,-7.32289886
9,5,-8.51687717
9,30,-9.51747704
9,42,-10.30303383
9,27,-8.26074600
9,17,-10.48743534
9,2,-9.12213135
9,63,-8.66150475
9,72,-9.33716774
9,19,-8.79090500
9,82,-9.68604088
9,8,-8.75670624
9,96,-9.98268700
9,7,-8.74200058
9,16,-8.92514515
9,88,-8.82919121
9,3,-9.91345215
9,9,-10.06889915
9,4,-9.35633755
9,95,-9.83845901
9,51,-9.38706970
9,91,-9.17393494
9,69,-8.89799690
9,58,-10.47466850
9,22,-9.73627663
9,74,-10.53083038
9,94,-8.68578053
9,53,-10.93233871
9,14,-9.98954964
9,1,-9.13608742
9,85,-8.70996666
9,13,-9.95403957
9,54,-10.68245506
9,33,-9.39410973
9,92,-10.37530518
9,21,-10.20062065
9,23,-10.22952175
9,48,-10.36465073
9,10,-9.82958221
9,34,-8.56063652
9,41,-10.53135777
9,37,-10.53277969
9,52,-10.23364449
10,6,1.10252881
10,5,-1.82940030
10,18,-5.07721519
10,7,-8.14826298
10,8,-9.14059258
10,22,-6.58286381
10,1,-7.98883629
10,31,-8.89180470
10,30,-8.77063465
10,2,-8.53950787
10,36,-9.62861061
10,4,-8.37581253
10,20,-10.04407692
10,3,-7.72891045
10,17,-9.29914570
10,89,-9.20469856
10,46,-7.83893442
10,12,-8.40645695
10,59,-8.14915848
10,29,-8.44033051
10,44,-10.14834499
10,32,-9.76041603
10,42,-9.33063412
10,27,-7.68871689
10,33,-9.97966194
10,58,-10.17618942
10,21,-9.69806290
10,92,-10.66043186
10,81,-9.87449455
10,68,-9.59789276
10,48,-10.33567142
10,19,-8.42165375
10,50,-9.72727776
10,26,-9.96363735
10,49,-10.02836514
10,9,-9.91262913
10,53,-10.85655499
10,64,-10.30226326
10,90,-10.51991844
10,88,-9.95613480
10,75,-10.54080009
10,96,-10.23029518
10,43,-9.34035873
10,28,-9.26268578
10,86,-10.37344170
10,25,-9.08464241
10,77,-10.56657600
10,63,-8.69975853
10,57,-8.29602623
10,37,-10.56854725
11,10,-0.03837940
11,12,-6.03459549
11,9,-6.65768719
11,15,-7.57381916
11,4,-0.83079779
11,2,-6.58561659
11,11,-0.55939823
11,1,-4.26296663
11,88,-3.54289055
11,49,-9.44024181
11,50,-8.41765404
11,34,-8.91657448
11,35,-9.35022354
11,40,-9.63483524
11,29,-9.80925369
11,14,-7.99249792
11,3,-8.25327778
11,92,-10.46276665
11,52,-9.07614326
11,38,-9.12259483
11,58,-10.28700638
11,20,-9.79286575
11,69,-10.29519844
11,13,-7.56405354
11,31,-9.92140198
11,36,-9.80964470
11,70,-10.31923962
11,16,-7.95711660
11,5,-8.83970833
11,97,-10.05314732
11,45,-8.88737106
11,19,-9.23253632
11,22,-9.16145897
11,60,-10.15935516
11,39,-8.23301888
11,53,-10.69239044
11,77,-10.73775578
11,51,-9.24658203
11,33,-9.93977833
11,86,-9.74869442
11,24,-10.29575443
11,6,-9.58957005
11,23,-10.10449791
11,18,-9.96157646
11,54,-10.55289173
11,30,-10.20731926
11,48,-9.79893684
11,7,-9.12549210
11,104,-10.11050987
11,17,-10.09256172
12,10,0.35920560
12,9,-0.11836758
12,12,-0.84191084
12,24,-7.62799358
12,17,-9.18601036
12,11,-8.41738701
12,66,-8.18982697
12,2,-3.79123259
12,6,-8.41191292
12,3,-8.78029251
12,22,-8.47708321
12,58,-8.84246826
12,31,-9.40378284
12,4,-9.75513077
12,43,-9.37963867
12,1,-6.42996311
12,40,-9.92845535
12,33,-9.70388222
12,41,-8.72662735
12,15,-8.36304379
12,18,-9.21761513
12,29,-10.39747715
12,13,-7.72798204
12,69,-10.05034351
12,95,-9.50197124
12,81,-10.18709564
12,89,-10.23213959
12,78,-8.96218300
12,8,-10.02396584
12,49,-8.93268204
12,20,-10.07312584
12,92,-9.87598419
12,19,-9.05584621
12,34,-9.20651913
12,91,-9.76996803
12,37,-9.81695175
12,7,-9.82129478
12,21,-9.55831718
12,5,-9.46551609
12,54,-9.70810795
12,42,-9.12843609
12,45,-9.88359451
12,73,-10.41611099
12,86,-9.14830017
12,47,-8.41738605
12,46,-8.80393124
12,44,-10.39619255
12,39,-8.96132660
12,36,-9.20577335
12,50,-8.92921257
13,11,3.61351538
13,10,-4.88141489
13,4,-5.49266005
13,12,-6.62333584
13,50,-9.20787621
13,2,-7.31775570
13,22,-9.61859703
13,9,-7.33849335
13,36,-9.78200245
13,82,-10.59472275
13,3,-9.23745346
13,1,-9.58999348
13,7,-10.41113186
13,15,-10.60621834
13,34,-9.73587418
13,90,-9.75266647
13,61,-10.06275845
13,31,-10.62705803
13,14,-10.24837875
13,19,-10.25793839
13,87,-10.03788948
13,8,-10.35550404
13,32,-10.70925903
13,29,-10.52262020
13,47,-9.89109707
13,92,-10.18523693
13,88,-10.28141308
13,30,-10.37802505
13,39,-10.00545025
13,52,-10.75679398
13,23,-10.68489838
13,41,-10.64807701
13,18,-10.66497231
13,64,-10.56209564
13,81,-10.40768623
13,49,-10.62310028
13,37,-10.67849445
13,6,-9.83449936
13,26,-10.67051697
13,86,-10.66971588
13,38,-9.47698116
13,33,-10.31523705
13,74,-10.81118679
13,96,-10.66390133
13,83,-9.49439430
13,102,-10.66863251
13,103,-10.22225189
13,55,-10.96456146
13,46,-10.26380730
13,21,-10.40956497
14,12,3.62283134
14,10,-2.24264240
14,11,-1.67370486
14,24,-5.36621809
14,2,-3.42914200
14,22,-5.73486710
14,18,-7.60911131
14,9,-5.11843681
14,3,-5.75832176
14,15,-3.45639420
14,70,-2.85497689
14,44,-8.91096497
14,31,-5.20764256
14,4,-5.57143307
14,40,-8.23215485
14,13,-2.82196212
14,50,-7.54788542
14,19,-5.91646862
14,49,-5.85366344
14,8,-5.24090004
14,51,-3.57005763
14,1,-6.14885283
14,20,-8.80410004
14,47,-4.79935455
14,34,-7.79550695
14,29,-8.12856388
14,36,-8.52257729
14,32,-8.49670219
14,86,-8.08539677
14,45,-8.30679512
14,104,-6.23184681
14,30,-8.71127510
14,61,-7.80924511
14,35,-5.14678812
14,52,-7.51221180
14,48,-8.85166740
14,43,-8.72733688
14,7,-6.59169769
14,33,-8.52076149
14,82,-8.54155064
14,23,-8.94607353
14,17,-9.24309540
14,57,-6.50087595
14,68,-4.05671597
14,59,-8.41183090
14,58,-9.11137390
14,92,-9.29736137
14,39,-7.89801788
14,6,-8.08150387
14,62,-8.18724728
15,10,-2.66908979
15,12,-5.54273653
15,9,-7.11384249
15,15,-8.07381439
15,29,-10.23177052
15,31,-8.45308590
15,52,-9.35552120
15,50,-9.74809361
15,92,-10.48098660
15,17,-10.12661743
15,4,-10.45083618
15,1,-8.16956615
15,18,-9.61297703
15,2,-8.90194130
15,3,-8.06266117
15,11,-9.33699512
15,14,-9.17929268
15,58,-9.84159374
15,35,-10.42789459
15,96,-10.61846924
15,45,-10.04465485
15,69,-10.55791283
15,49,-9.94746685
15,70,-10.29889870
15,66,-9.59343338
15,30,-10.50816345
15,47,-8.78168678
15,60,-9.77094841
15,91,-10.32230186
15,16,-9.02064800
15,48,-10.33789444
15,13,-8.93482685
15,19,-8.29601288
15,97,-10.41507912
15,6,-9.96892929
15,44,-10.62529755
15,86,-10.67288971
15,36,-10.31332397
15,38,-10.65349865
15,33,-10.77098179
15,40,-10.72054100
15,57,-10.07472324
15,22,-9.77917480
15,32,-10.07778931
15,37,-10.29986191
15,21,-10.11183739
15,39,-9.09995079
15,24,-10.80223274
15,82,-10.64740181
15,54,-10.83806801
16,15,-1.17786765
16,16,-1.33605564
16,13,-1.53523707
16,14,-1.20928895
16,51,-5.58442783
16,52,-7.55189037
16,50,-6.17009211
16,35,-6.47562790
16,72,-8.87656116
16,12,-8.26006699
16,29,-7.53282499
16,32,-9.53479481
16,49,-7.51545715
16,86,-9.11503792
16,87,-8.24003315
16,6,-8.20428276
16,28,-8.08482838
16,11,-8.27975845
16,60,-7.57765913
16,33,-8.84143829
16,91,-9.22110462
16,4,-8.90273571
16,70,-8.91691685
16,96,-8.98536968
16,67,-9.64792633
16,94,-9.56989098
16,30,-9.02122116
16,20,-9.35089493
16,5,-8.94232845
16,102,-9.25563049
16,8,-8.82078934
16,68,-9.52169323
16,40,-9.20438004
16,26,-9.66187477
16,1,-8.96555328
16,71,-6.72965002
16,55,-9.65105438
16,83,-9.29192352
16,34,-9.24006176
16,39,-8.76474953
16,46,-8.85352230
16,61,-9.75732899
16,66,-10.00060368
16,10,-9.32674408
16,69,-9.55398273
16,92,-9.79060555
16,18,-10.01669884
16,64,-9.47379112
16,27,-9.31400394
16,54,-10.02521133
17,13,2.43933678
17,15,0.39596194
17,51,2.87946248
17,70,-0.27407002
17,50,-4.38357449
17,14,-4.64235067
17,49,-6.10863495
17,52,-5.01367855
17,31,-5.56389093
17,39,-8.67283726
17,78,-8.42970276
17,12,-5.81484175
17,32,-9.98181343
17,61,-9.36660194
17,30,-10.31409740
17,20,-9.97268200
17,8,-4.29563236
17,29,-9.92034912
17,90,-7.93399811
17,55,-9.55716801
17,16,-5.09995079
17,19,-8.70506096
17,91,-7.86085701
17,10,-8.92336082
17,40,-10.11286354
17,86,-9.84727669
17,64,-9.41855145
17,62,-9.52896309
17,88,-9.01353073
17,4,-7.92517853
17,48,-9.60116959
17,43,-9.52113247
17,57,-8.81829071
17,6,-8.85620975
17,35,-6.90745258
17,33,-10.08789349
17,11,-9.22871208
17,59,-10.12853527
17,26,-9.63951302
17,87,-8.74726582
17,7,-9.38468933
17,18,-9.55252457
17,82,-9.56669617
17,17,-10.20339584
17,47,-9.08422661
17,68,-6.94689560
17,85,-7.95640326
17,1,-7.19991779
17,25,-7.83102608
17,9,-9.89804649
18,14,-3.03777647
18,16,-1.58865416
18,13,0.71948695
18,15,-4.65386152
18,51,-4.44899368
18,11,-7.89245081
18,50,-5.69081497
18,52,-6.64836121
18,49,-6.69354439
18,29,-9.35351944
18,74,-9.10715008
18,40,-10.26622772
18,4,-9.64457130
18,39,-9.41583633
18,87,-9.11906624
18,30,-9.88571453
18,94,-9.59383011
18,35,-7.97673893
18,10,-8.61275673
18,2,-9.07999134
18,62,-10.57055664
18,68,-10.19591904
18,9,-9.76112366
18,5,-9.71259880
18,1,-9.31335258
18,54,-10.71405506
18,27,-8.41775322
18,55,-10.18568230
18,20,-10.40788555
18,6,-8.93570042
18,12,-9.58144855
18,38,-9.78959656
18,43,-10.00609016
18,88,-9.91610718
18,78,-10.10099983
18,37,-10.64966202
18,67,-9.95076752
18,81,-9.75700951
18,7,-9.70252323
18,70,-10.23988247
18,80,-10.48767662
18,71,-9.77896023
18,64,-10.37811470
18,91,-10.43682671
18,72,-10.50043678
18,82,-10.07749081
18,90,-10.27272034
18,86,-10.11495399
18,104,-9.88301945
18,83,-6.99517536
19,16,1.25138271
19,14,-3.70471573
19,51,-4.64625216
19,13,-3.76376486
19,15,-4.59614372
19,50,-5.67585564
19,52,-6.43428230
19,55,-10.04695797
19,60,-8.97703171
19,49,-7.75674629
19,11,-10.14052868
19,53,-10.64633560
19,78,-9.12882042
19,6,-9.07610703
19,29,-10.04382896
19,86,-10.36752892
19,30,-9.45040226
19,7,-9.85196400
19,37,-10.55044937
19,85,-10.02328300
19,64,-10.18112946
19,35,-8.71648979
19,90,-10.12835979
19,31,-9.40777016
19,82,-10.04976177
19,4,-9.77929878
19,2,-9.62281799
19,28,-9.26870537
19,10,-9.54228592
19,87,-9.52551842
19,32,-10.47193336
19,5,-9.86430645
19,92,-10.00151062
19,88,-9.84016132
19,54,-10.43986893
19,39,-9.64310455
19,74,-9.82644081
19,27,-9.74878883
19,65,-9.61643696
19,8,-10.55296516
19,61,-10.17913151
19,70,-10.24734974
19,12,-9.99472427
19,76,-9.15994930
19,36,-9.98804188
19,96,-10.14285660
19,83,-8.86606979
19,72,-10.00265884
19,22,-9.22021198
19,40,-10.66390419
20,14,-0.33876130
20,15,-0.66645360
20,13,-2.43299341
20,39,-4.43209839
20,16,-4.00863695
20,51,-3.24901915
20,50,-5.58903313
20,78,-3.03536463
20,9,-7.57692337
20,55,-5.93294716
20,52,-6.15773869
20,35,-6.40383673
20,4,-8.80752373
20,12,-8.05846977
20,40,-8.52927303
20,33,-9.04213333
20,49,-6.40215969
20,10,-7.07374191
20,47,-6.88153267
20,43,-7.73331881
20,6,-8.17813873
20,5,-8.50197983
20,29,-8.25639915
20,26,-8.41968918
20,92,-8.40655708
20,80,-6.10752773
20,94,-8.67490387
20,90,-7.66514206
20,1,-8.10393810
20,53,-9.23418045
20,82,-8.31668663
20,30,-8.70924473
20,86,-9.21348000
20,18,-9.37131786
20,61,-8.21967697
20,69,-9.03723907
20,67,-8.52027988
20,22,-8.13475609
20,37,-9.01729774
20,38,-7.99307108
20,54,-8.99747658
20,89,-7.91694736
20,41,-8.57452488
20,95,-8.56730843
20,76,-7.78942204
20,17,-9.35899830
20,34,-8.70200062
20,20,-9.37251854
20,28,-8.71827126
20,45,-8.48896694
21,17,3.19580936
21,18,2.33100462
21,20,-0.07784775
21,19,0.73219657
21,48,-3.97116733
21,45,-3.25050211
21,58,-4.66630983
21,82,-6.68135786
21,47,-5.29966497
21,22,-5.88494587
21,24,-4.58568668
21,37,-7.21599197
21,23,-7.43736458
21,92,-9.84456062
21,8,-5.62307739
21,86,-9.04383755
21,33,-8.85457039
21,21,-8.23741531
21,81,-8.94518471
21,12,-7.91793251
21,66,-6.20322323
21,69,-10.11586571
21,29,-8.51541328
21,46,-7.93839073
21,35,-8.00506973
21,3,-8.17014122
21,6,-8.64456367
21,72,-10.70159626
21,26,-10.01965332
21,2,-9.62939358
21,44,-10.23104954
21,104,-8.93568611
21,10,-8.53880119
21,30,-9.74466038
21,53,-10.43079853
21,51,-9.96483326
21,55,-10.30883789
21,9,-9.92736340
21,38,-9.41777039
21,43,-8.77574921
21,5,-9.89085484
21,1,-8.96114731
21,36,-8.44532585
21,4,-9.60348129
21,78,-9.62190819
21,88,-9.07614708
21,34,-8.76894951
21,89,-9.99458885
21,96,-10.25842762
21,79,-9.96155167
22,18,3.58888316
22,6,-4.65243626
22,3,-6.55461216
22,17,-4.70964813
22,12,-8.07674503
22,29,-9.07762146
22,7,-9.06323242
22,19,-8.12745667
22,50,-8.50195122
22,1,-9.25974464
22,4,-9.47020912
22,2,-9.19478607
22,96,-9.91370201
22,10,-9.24053860
22,58,-8.89021015
22,66,-7.75215626
22,8,-8.27237034
22,5,-9.97742367
22,60,-9.51357269
22,36,-8.69300842
22,81,-9.61335945
22,24,-10.34148216
22,26,-10.51502228
22,16,-9.86089611
22,33,-8.50109863
22,45,-7.68873596
22,44,-10.27647591
22,31,-9.08267212
22,34,-9.22512245
22,37,-8.61923981
22,22,-8.92626762
22,71,-8.51312160
22,47,-9.61949158
22,82,-9.98207092
22,64,-9.86965561
22,9,-9.82764149
22,40,-10.25139523
22,59,-8.61896420
22,86,-10.06593132
22,35,-9.79390907
22,78,-9.38531494
22,20,-10.12682724
22,69,-9.75108719
22,30,-8.86530972
22,48,-10.00707817
22,92,-10.51136303
22,32,-9.35715199
22,43,-10.24522495
22,55,-10.61105347
22,90,-9.99864197
23,19,3.35540223
23,7,-5.17026615
23,17,-0.68290722
23,1,-6.41759539
23,3,-6.19962120
23,31,-6.29650307
23,20,-3.30724072
23,5,-5.14864969
23,4,-7.67388058
23,96,-7.25057602
23,94,-7.32607889
23,6,-6.82099724
23,63,-7.68558788
23,92,-7.56199312
23,18,-4.74711514
23,10,-6.40079594
23,2,-6.11434555
23,100,-8.51517487
23,86,-5.89471865
23,81,-7.74858379
23,8,-6.66273785
23,59,-7.55398369
23,22,-5.56123877
23,21,-5.77486610
23,72,-8.23478127
23,37,-7.85193443
23,24,-6.32880116
23,51,-6.66836643
23,29,-7.06892586
23,78,-8.75149727
23,71,-6.92676830
23,82,-7.16211224
23,97,-8.27429008
23,28,-7.54484558
23,64,-9.52751255
23,93,-8.18304062
23,48,-6.94299793
23,15,-8.45273590
23,85,-6.82964802
23,23,-7.17666197
23,70,-9.11300087
23,33,-8.05624771
23,50,-9.13006401
23,69,-7.02599382
23,11,-8.71324730
23,68,-8.26911068
23,45,-6.65545559
23,32,-9.27630234
23,30,-8.96882057
23,60,-9.20913601
24,20,5.75872803
24,17,2.06382251
24,19,-4.95834970
24,18,-4.74965954
24,30,-7.40121746
24,48,-6.55597067
24,45,-5.59664774
24,32,-5.50548840
24,29,-5.67361069
24,24,-6.84356117
24,37,-9.06613922
24,33,-8.37696838
24,86,-9.64503670
24,23,-8.65860558
24,40,-8.50664902
24,58,-5.70337105
24,92,-10.32674217
24,81,-9.06100273
24,78,-7.60595417
24,82,-8.42939758
24,39,-8.72109509
24,31,-9.40551472
24,47,-7.70293808
24,22,-7.01120138
24,38,-9.15462112
24,44,-9.81004524
24,104,-6.95145178
24,6,-7.43191910
24,72,-10.16576195
24,12,-7.36261654
24,5,-7.69904518
24,8,-10.15468979
24,35,-7.17951393
24,53,-10.00943756
24,64,-9.37619591
24,56,-9.58958054
24,21,-9.42633247
24,102,-8.99947166
24,69,-9.33630371
24,3,-8.21220684
24,51,-9.65962410
24,55,-9.96979809
24,43,-9.27235031
24,88,-7.79363060
24,49,-10.17582035
24,80,-9.71269417
24,46,-9.09112167
24,91,-9.31636333
24,7,-9.42595768
24,2,-9.13451385
25,17,0.78341341
25,19,0.12030966
25,20,-3.36307621
25,8,-3.48880768
25,92,-5.91506433
25,37,-5.67763329
25,23,-4.19843769
25,29,-4.63440228
25,69,-4.40125084
25,22,-4.28944778
25,96,-4.27613831
25,86,-4.69205666
25,30,-6.50282669
25,5,-4.30973959
25,31,-5.30861855
25,89,-5.90843296
25,48,-5.34523249
25,58,-4.78390646
25,18,-5.54690742
25,24,-6.07907820
25,45,-6.17169380
25,72,-5.94948053
25,33,-6.46032858
25,7,-4.63752174
25,12,-6.44290066
25,9,-6.92768574
25,6,-6.81400442
25,91,-5.03421259
25,66,-5.90948009
25,21,-4.88766527
25,53,-6.67528248
25,88,-6.36123943
25,95,-5.60153008
25,82,-6.10923052
25,94,-4.84277487
25,3,-6.00908470
25,4,-6.29412937
25,40,-7.05073118
25,28,-6.23971653
25,26,-7.63399220
25,81,-6.74075127
25,36,-5.30937052
25,85,-6.09267569
25,51,-6.31654692
25,32,-6.71833229
25,102,-6.42504215
25,73,-7.28888226
25,39,-5.70227623
25,2,-6.02180243
25,42,-6.97055626
26,21,1.94783556
26,22,1.81165814
26,23,-1.97283578
26,24,-2.51411915
26,45,-2.68307924
26,33,-3.68850040
26,47,-3.20922184
26,18,-7.36419201
26,3,-6.90659475
26,34,-3.55824423
26,19,-7.39947701
26,82,-6.59940720
26,36,-5.85126305
26,46,-4.53024292
26,20,-8.43941593
26,37,-8.25356579
26,48,-7.58510447
26,17,-8.35476589
26,35,-5.83873320
26,8,-7.48124981
26,6,-6.04454327
26,81,-7.72304583
26,40,-8.36299896
26,92,-8.01496410
26,98,-8.12996578
26,41,-7.36806965
26,5,-7.02833986
26,101,-8.59917068
26,72,-7.27440643
26,7,-7.23878860
26,2,-6.64635611
26,15,-8.34243107
26,12,-7.43352985
26,26,-7.93430233
26,84,-7.34124136
26,4,-7.57156324
26,32,-8.41573238
26,69,-8.99633121
26,86,-9.07055092
26,31,-8.15247917
26,10,-7.92668056
26,75,-8.19706631
26,1,-7.81469727
26,71,-7.34800816
26,59,-8.82649708
26,25,-7.57617378
26,53,-8.68557072
26,91,-8.40145397
26,97,-8.37492657
26,58,-9.07887936
27,23,1.33869267
27,21,-3.28075027
27,24,-6.85218048
27,82,-8.17065048
27,22,-4.05552340
27,81,-8.94346523
27,37,-8.83951855
27,45,-6.06399298
27,46,-9.14643669
27,84,-8.25288391
27,17,-9.98342896
27,40,-9.14212990
27,89,-9.93984032
27,18,-9.85281467
27,92,-10.21315193
27,96,-10.48418522
27,47,-9.31097794
27,72,-10.83217812
27,36,-9.59158897
27,38,-8.54602814
27,2,-9.53395081
27,91,-10.10612488
27,20,-10.32573509
27,8,-10.17355728
27,7,-9.16424179
27,48,-9.82149696
27,12,-9.90733910
27,10,-9.92782307
27,3,-10.06681156
27,19,-10.09848213
27,33,-9.27991295
27,59,-10.17074871
27,15,-10.37507629
27,34,-8.02431297
27,9,-10.22729015
27,4,-9.25333405
27,39,-9.30933285
27,52,-10.63726616
27,58,-10.60090351
27,44,-10.10410690
27,69,-10.59792709
27,60,-10.26917839
27,95,-9.92723560
27,88,-9.80361176
27,32,-10.64865685
27,86,-10.24673271
27,5,-9.95064163
27,83,-9.14006233
27,85,-9.24188423
27,35,-7.67291498
28,22,2.11162567
28,24,-1.74150693
28,2,-4.89446068
28,12,-5.96923971
28,11,-5.92682362
28,21,-5.69174671
28,4,-6.59479141
28,10,-6.32733107
28,6,-6.96379566
28,19,-5.37229109
28,3,-7.44600582
28,48,-7.08725500
28,9,-8.40186691
28,36,-7.99772263
28,23,-4.40193558
28,45,-7.13520050
28,28,-7.61519527
28,18,-8.00542545
28,17,-8.10641956
28,37,-9.32286644
28,71,-6.82055759
28,58,-9.51681519
28,7,-7.60119247
28,69,-9.39055252
28,50,-8.36273861
28,1,-8.20130253
28,31,-8.45782757
28,27,-8.39484787
28,20,-8.30035114
28,81,-8.23912811
28,59,-9.39553261
28,39,-8.95558929
28,16,-9.26211834
28,33,-8.33182335
28,29,-9.14398193
28,86,-9.14498711
28,82,-8.27975845
28,32,-9.68614101
28,46,-8.50139141
28,13,-9.14253426
28,68,-8.87808037
28,30,-9.96567249
28,91,-9.16983318
28,40,-9.56805038
28,34,-8.78096581
28,63,-7.87546253
28,78,-9.54550552
28,38,-9.05404091
28,73,-9.59815502
28,60,-8.92236423
29,24,3.22831488
29,21,-2.42711520
29,23,-2.22524238
29,12,-6.20392799
29,22,-5.56406975
29,4,-9.28493309
29,10,-5.93959808
29,3,-9.31076813
29,11,-7.00575304
29,2,-7.60054302
29,26,-10.10410786
29,18,-9.43765545
29,9,-7.30658627
29,36,-9.65974712
29,44,-10.56034565
29,88,-9.79907513
29,17,-9.37239075
29,40,-10.04998684
29,1,-9.66626549
29,100,-8.92544842
29,47,-8.97822952
29,58,-8.43876266
29,34,-9.93503380
29,71,-8.38267422
29,19,-8.84602451
29,8,-5.55609417
29,82,-10.25254345
29,63,-9.73605251
29,62,-9.70448685
29,33,-9.61919022
29,92,-10.78550720
29,42,-9.93918419
29,37,-9.64980316
29,20,-9.87527084
29,66,-8.81811142
29,39,-8.19347095
29,104,-10.00961876
29,46,-9.90770340
29,91,-10.43853664
29,25,-9.82975960
29,86,-10.77987576
29,38,-9.39101505
29,6,-9.47878075
29,79,-10.16248894
29,54,-10.32448006
29,45,-10.25029564
29,49,-10.43782425
29,35,-8.05358601
29,78,-10.23709202
29,29,-10.24443245
30,21,1.45258248
30,23,-2.01037455
30,24,-2.47340918
30,22,-2.57858109
30,17,-5.70777273
30,81,-6.50460148
30,19,-4.95571566
30,82,-6.66454983
30,97,-5.85527134
30,42,-7.06279182
30,5,-5.40465450
30,30,-7.91529083
30,98,-5.73924685
30,34,-5.14336205
30,37,-8.09659576
30,86,-7.56174755
30,95,-6.37376690
30,46,-7.84358025
30,7,-5.75469017
30,96,-6.94528294
30,48,-6.22754574
30,6,-7.00948143
30,26,-7.76046801
30,47,-6.66138172
30,69,-7.01523113
30,92,-8.69730473
30,9,-8.46584606
30,1,-7.20145130
30,2,-7.08149862
30,36,-6.36776257
30,33,-5.86739254
30,44,-8.28337669
30,45,-5.11079407
30,29,-6.34398413
30,89,-8.87231350
30,31,-5.28046846
30,3,-7.47838116
30,10,-7.73129034
30,100,-7.15063667
30,91,-8.70144463
30,8,-5.91258001
30,20,-8.82876873
30,73,-8.79211807
30,58,-8.36842442
30,4,-7.27348995
30,84,-6.53945351
30,94,-6.91314268
30,40,-8.57613945
30,72,-8.21459866
30,18,-7.55507755
31,27,-1.04579830
31,25,-5.41572189
31,28,-5.79128742
31,26,-10.17845535
31,6,-8.27148056
31,31,-9.56764793
31,2,-7.77342892
31,12,-9.73671722
31,8,-10.54050541
31,15,-9.47852230
31,16,-8.35586166
31,5,-10.20953560
31,51,-9.51358318
31,32,-10.27507210
31,30,-10.53202534
31,29,-10.07629108
31,4,-9.02759171
31,55,-10.60923004
31,72,-10.65549278
31,22,-10.07248116
31,13,-8.28225899
31,19,-9.68255615
31,86,-9.78491879
31,37,-10.18424797
31,1,-9.62787437
31,87,-10.10761356
31,91,-9.07178307
31,14,-9.88247299
31,49,-10.24995804
31,11,-10.50343609
31,50,-9.94978428
31,33,-10.90985298
31,52,-10.38829613
31,9,-10.31891251
31,63,-10.32273769
31,35,-10.21656990
31,24,-10.81449127
31,64,-10.56280518
31,47,-10.38631630
31,20,-10.63440228
31,3,-10.07610703
31,85,-10.24094582
31,82,-10.39620209
31,54,-10.91361713
31,104,-9.75561333
31,10,-9.85184383
31,68,-10.53978443
31,17,-10.78155708
31,78,-9.83879280
31,83,-10.12594032
32,28,-0.52264237
32,25,1.78039694
32,26,-8.15832996
32,31,-7.62715626
32,27,-7.31233788
32,6,-7.74787903
32,5,-8.52610207
32,30,-8.66826725
32,35,-7.86055851
32,3,-9.22297573
32,7,-7.71518993
32,72,-9.80705070
32,18,-8.95501041
32,29,-8.76574135
32,64,-9.37299252
32,71,-8.18895054
32,12,-9.16746712
32,8,-8.63697529
32,86,-9.14992619
32,48,-9.22055912
32,24,-9.60703468
32,19,-9.29703712
32,2,-9.36252499
32,33,-8.66543484
32,15,-8.42075253
32,32,-9.54510498
32,4,-9.54468155
32,51,-8.04911137
32,23,-9.75367641
32,96,-9.51565647
32,68,-9.31292915
32,60,-9.49390125
32,84,-9.12835598
32,50,-8.43909073
32,59,-9.44708157
32,52,-9.39017677
32,63,-9.41792774
32,100,-9.84680080
32,90,-9.65709782
32,47,-9.39237976
32,91,-9.75887108
32,10,-9.23680973
32,1,-9.51504421
32,34,-8.89435577
32,46,-9.17928505
32,36,-9.06646824
32,85,-8.83924103
32,69,-9.75909328
32,92,-9.99482727
32,88,-9.03080368
33,25,0.71509010
33,26,-0.18623862
33,27,-2.31483340
33,28,-2.28587914
33,6,-4.91567659
33,2,-7.46524477
33,5,-8.59924698
33,17,-8.97726154
33,4,-8.80635834
33,7,-6.70795393
33,58,-8.08765984
33,10,-8.18776798
33,8,-9.14423752
33,23,-8.38928986
33,11,-9.10221004
33,29,-7.66192436
33,9,-9.27589989
33,82,-9.23038101
33,31,-8.30395508
33,86,-9.47107124
33,92,-9.88622284
33,36,-8.35942078
33,30,-9.44450569
33,81,-9.66480637
33,91,-8.73572159
33,46,-8.29120541
33,16,-8.25163555
33,72,-9.57532787
33,89,-9.57201195
33,21,-8.89363956
33,69,-8.61859322
33,33,-9.51669979
33,12,-9.28933144
33,22,-9.04828262
33,35,-8.26686478
33,13,-8.97943497
33,47,-8.90745544
33,100,-8.97268677
33,19,-8.82732487
33,37,-9.82028675
33,52,-9.00155258
33,78,-8.77725029
33,53,-9.96472549
33,34,-8.65502357
33,90,-9.63577461
33,51,-8.68309975
33,93,-8.17652035
33,94,-9.36752892
33,75,-9.83067799
33,95,-9.49194145
34,25,-2.57023525
34,28,-1.01004100
34,26,-7.45572376
34,27,-1.51264167
34,52,-8.93089104
34,6,-8.43270111
34,2,-8.10538006
34,12,-10.00749588
34,91,-9.44645596
34,86,-10.39932728
34,10,-8.38522816
34,5,-9.61239719
34,96,-9.86936855
34,99,-7.38710594
34,69,-10.24813366
34,30,-10.27233887
34,9,-10.30798244
34,92,-10.66526222
34,16,-8.80264854
34,4,-8.95256233
34,72,-10.32582378
34,48,-10.43230247
34,8,-10.53558159
34,46,-9.48517036
34,22,-10.06932259
34,36,-10.59149361
34,7,-9.89699554
34,31,-9.86205769
34,47,-10.04477692
34,29,-9.90211582
34,58,-10.32383060
34,34,-9.37133598
34,104,-9.75048065
34,45,-10.29255676
34,89,-10.42542458
34,73,-10.59668732
34,11,-9.83529091
34,23,-10.45702076
34,33,-10.71875477
34,90,-10.15535927
34,64,-10.45034790
34,19,-9.24630928
34,56,-10.90179348
34,51,-9.38930607
34,63,-9.15007687
34,15,-9.80839920
34,39,-10.29741287
34,82,-10.65473652
34,3,-10.04205704
34,13,-9.72313499
35,26,-2.29621506
35,28,-6.21579838
35,25,-4.40539360
35,27,-5.00208044
35,6,-5.87167645
35,19,-6.72126102
35,3,-6.02821875
35,31,-7.99542809
35,72,-8.97833061
35,29,-7.58025551
35,7,-7.25894785
35,33,-7.16690207
35,30,-7.56982660
35,92,-8.92503357
35,18,-8.18902588
35,32,-9.37201309
35,2,-5.98695946
35,5,-7.92093182
35,91,-9.37090302
35,12,-9.53524113
35,86,-8.57591724
35,34,-6.40257263
35,10,-7.55834961
35,69,-7.37277079
35,24,-9.87254047
35,1,-7.30918694
35,36,-7.73478365
35,96,-9.89767075
35,48,-9.52360821
35,47,-8.05749512
35,64,-9.53677559
35,45,-8.59480667
35,71,-6.86879778
35,51,-8.13616180
35,50,-7.35859585
35,15,-9.53919220
35,104,-9.41014862
35,21,-9.53114319
35,42,-9.67707729
35,63,-8.91418839
35,4,-9.09629822
35,58,-8.13002396
35,81,-9.41981030
35,37,-9.97893620
35,52,-9.10985565
35,8,-9.71934032
35,23,-9.68224335
35,84,-9.91720963
35,38,-8.37699223
35,46,-7.64989662
36,29,-2.31265569
36,51,-7.20537758
36,30,-3.57728672
36,31,-3.95660710
36,14,-8.01736259
36,88,-8.24999046
36,28,-6.95309401
36,32,-7.42049503
36,20,-8.62799644
36,5,-7.43864059
36,8,-8.22703075
36,39,-8.48405743
36,15,-7.42895699
36,78,-9.54670811
36,96,-9.69774151
36,6,-8.25641441
36,55,-8.89778137
36,17,-9.78466702
36,50,-9.51452637
36,25,-7.79642010
36,7,-7.64612675
36,4,-8.86369514
36,40,-9.30354500
36,80,-9.57523441
36,18,-9.59525108
36,12,-9.20656013
36,54,-8.27205849
36,42,-10.01236916
36,35,-7.65551901
36,16,-8.68953896
36,64,-9.85750198
36,60,-8.04358387
36,52,-9.14893532
36,74,-9.89430046
36,3,-8.72296619
36,10,-9.42879105
36,56,-9.66515827
36,27,-8.78251457
36,41,-10.18521309
36,2,-9.07092285
36,33,-8.99867439
36,66,-9.97408485
36,49,-9.72686195
36,26,-9.63101196
36,90,-9.64722061
36,86,-9.08073425
36,43,-9.61909580
36,91,-8.99316406
36,104,-9.10261440
36,58,-9.23631668
37,29,-2.47551966
37,30,-5.60988235
37,31,-1.03686237
37,32,-8.02936363
37,6,-9.39455700
37,8,-10.30219841
37,52,-9.64018822
37,64,-10.07469177
37,15,-8.23196030
37,19,-9.23388767
37,2,-8.58278275
37,51,-9.53374863
37,20,-10.17926407
37,28,-9.81353951
37,85,-8.21866322
37,12,-9.09988594
37,40,-10.29515839
37,62,-10.40860939
37,88,-8.74746418
37,11,-10.12238312
37,5,-10.11505795
37,47,-8.63576698
37,4,-9.34317112
37,49,-9.21110344
37,68,-8.70260048
37,72,-9.84108543
37,61,-10.45591927
37,25,-9.69349289
37,86,-10.13256264
37,94,-9.89849758
37,60,-9.56233311
37,26,-9.97495079
37,24,-10.22315407
37,67,-8.24906445
37,92,-10.16231346
37,55,-10.58782196
37,41,-10.14653492
37,7,-9.98139191
37,50,-9.87624741
37,46,-9.62397575
37,10,-9.95477962
37,66,-9.57251358
37,18,-9.83613205
37,78,-10.23708057
37,96,-10.34660339
37,1,-9.29442215
37,27,-10.06823635
37,3,-9.51471519
37,87,-10.23278332
37,39,-9.88805771
38,31,-0.32616043
38,30,-6.74220276
38,29,-0.02896215
38,19,-4.41495609
38,17,-7.41568613
38,5,-5.92996025
38,32,-5.95975065
38,6,-9.23538780
38,7,-6.43013573
38,78,-10.09963226
38,51,-5.39501667
38,8,-6.89062452
38,4,-8.86731339
38,96,-7.10207653
38,3,-8.39520836
38,37,-10.95295715
38,90,-8.99307060
38,50,-9.29290009
38,46,-8.93205357
38,76,-9.63461304
38,60,-7.17098808
38,72,-10.34326744
38,53,-9.19063568
38,86,-9.65522003
38,91,-10.14204121
38,20,-10.69278717
38,95,-7.82545090
38,28,-9.41988373
38,64,-9.91738701
38,1,-8.71631432
38,94,-8.21626759
38,14,-7.58291626
38,25,-9.87431049
38,59,-9.03239822
38,18,-9.66326714
38,58,-9.57773972
38,2,-8.57711411
38,11,-10.06178761
38,69,-8.52621269
38,47,-10.24740219
38,56,-10.12657261
38,40,-10.65632629
38,77,-10.80156422
38,63,-9.32041359
38,55,-8.68743515
38,35,-9.98754978
38,68,-9.33387089
38,33,-9.72011852
38,12,-10.23714638
38,16,-7.83490133
39,32,3.87613726
39,64,-3.22138214
39,29,-3.01727200
39,30,-3.95392942
39,20,-4.14792156
39,15,-5.03480911
39,50,-8.57225513
39,5,-5.94191837
39,7,-6.53948498
39,78,-5.34264278
39,52,-8.39247990
39,96,-4.93533039
39,55,-6.33624172
39,60,-2.87704182
39,3,-9.83864117
39,14,-4.46089029
39,80,-8.26039124
39,61,-10.10334587
39,12,-9.88007450
39,40,-10.33975983
39,17,-8.92346764
39,83,-7.36752319
39,6,-6.25850105
39,74,-9.47960663
39,51,-8.13695621
39,39,-9.25746346
39,31,-9.44608402
39,19,-9.61051655
39,91,-7.60542536
39,16,-5.25319576
39,18,-9.33008289
39,90,-8.23464489
39,92,-10.31504345
39,49,-9.22793865
39,4,-9.25066566
39,28,-9.01124191
39,2,-9.70115566
39,42,-10.28341866
39,36,-10.32102013
39,84,-10.47983742
39,94,-8.76691723
39,47,-9.46453190
39,34,-9.97762299
39,104,-5.43820238
39,21,-10.44302559
39,26,-10.56618786
39,24,-10.81692886
39,72,-10.53201389
39,58,-10.05161095
39,8,-10.64716911
40,29,-2.42615843
40,30,-5.80585527
40,32,-5.45369625
40,31,-6.13550854
40,20,-8.64801598
40,78,-9.45898438
40,8,-10.15915298
40,6,-6.76483583
40,7,-6.24966574
40,59,-9.07052517
40,1,-7.64342165
40,40,-10.88542652
40,57,-7.19320536
40,61,-10.93757057
40,17,-9.82263374
40,90,-10.44005203
40,96,-10.51981831
40,55,-9.88388634
40,10,-9.38221931
40,12,-10.46705055
40,5,-6.58659410
40,93,-8.55410957
40,86,-10.63862419
40,39,-10.40701675
40,19,-9.38103485
40,89,-9.87576580
40,3,-9.30158806
40,66,-10.43159008
40,68,-9.20211506
40,22,-9.51675797
40,28,-9.59071255
40,62,-10.88331032
40,15,-9.34096336
40,16,-9.34693718
40,49,-10.70903587
40,97,-9.11583900
40,92,-10.65722752
40,63,-8.97190285
40,64,-10.16372490
40,13,-10.23858070
40,41,-10.48962688
40,2,-9.85542011
40,51,-10.29110909
40,71,-7.59219790
40,43,-10.64140892
40,35,-10.17530060
40,50,-10.25199699
40,88,-10.38207054
40,87,-9.94988823
40,80,-10.50638676
41,34,-0.40049374
41,33,-5.01629686
41,36,-7.13186502
41,35,1.48770928
41,47,-9.12664032
41,3,-8.25978470
41,45,-9.26193619
41,10,-8.95007896
41,46,-9.32482529
41,6,-8.68811989
41,22,-9.48974609
41,82,-9.48066902
41,24,-10.67454720
41,2,-8.43339920
41,38,-9.27624226
41,18,-10.45656967
41,21,-9.41348553
41,88,-9.92089176
41,86,-9.75993633
41,44,-10.73008537
41,37,-10.71947193
41,12,-10.02422905
41,85,-10.01967812
41,69,-10.67275047
41,1,-9.36980057
41,5,-9.46243572
41,40,-10.48587036
41,58,-9.70011806
41,4,-10.43390083
41,87,-10.34070301
41,7,-9.87905693
41,92,-10.41680908
41,26,-9.18807888
41,19,-10.40452194
41,90,-9.75665665
41,50,-9.17551708
41,102,-9.98085976
41,17,-10.70854950
41,23,-10.47250652
41,31,-10.77927685
41,9,-10.49207687
41,48,-10.39770603
41,11,-10.41425514
41,81,-10.69505501
41,59,-10.51691914
41,49,-9.33579063
41,13,-8.30735016
41,43,-10.49278545
41,20,-9.05344772
41,54,-10.48025703
42,45,-1.47752786
42,33,-0.24798000
42,35,3.06993198
42,36,-3.93154287
42,3,-5.01296091
42,6,-3.65902328
42,34,-1.84994280
42,18,-6.29130030
42,21,-4.86587954
42,47,-4.02830887
42,7,-4.47527790
42,22,-3.20562077
42,19,-6.57465935
42,24,-8.53717041
42,17,-8.33611679
42,12,-7.51353073
42,31,-8.04757690
42,46,-6.39537477
42,2,-7.47741413
42,5,-5.17369032
42,48,-8.22142410
42,28,-6.78477097
42,71,-6.24952936
42,10,-7.37291861
42,8,-7.55154800
42,20,-9.22361660
42,30,-9.01548195
42,1,-8.22431278
42,81,-7.55029678
42,86,-8.64986706
42,15,-7.97161531
42,37,-8.81075668
42,42,-9.40206242
42,96,-9.15214348
42,4,-7.74728441
42,40,-8.99795532
42,25,-8.22270584
42,82,-7.96705389
42,63,-7.31302547
42,59,-7.87733984
42,50,-8.29542637
42,23,-8.70220757
42,99,-7.66205883
42,32,-9.03323841
42,104,-8.60779572
42,29,-8.73394394
42,26,-8.66190910
42,60,-8.76733971
42,90,-8.90302467
42,64,-8.87115955
43,35,-5.05038738
43,34,-4.42187595
43,36,-8.43504333
43,33,-8.97859955
43,82,-10.10286999
43,47,-9.65330315
43,3,-10.26564980
43,4,-10.43772411
43,37,-10.73481941
43,18,-10.63072491
43,7,-9.68151474
43,71,-9.78906059
43,23,-10.34524822
43,6,-10.74864578
43,2,-10.42757797
43,69,-10.63909912
43,24,-10.51064110
43,29,-10.20717144
43,86,-10.19073296
43,31,-10.54866600
43,12,-10.12324238
43,104,-10.59016418
43,10,-10.71639442
43,26,-10.81763649
43,48,-10.46779442
43,84,-10.72200966
43,40,-10.81114388
43,1,-10.76767540
43,13,-10.84645844
43,90,-10.65082550
43,45,-10.57439899
43,8,-10.67547131
43,21,-10.82296944
43,15,-10.91631413
43,5,-10.84708881
43,32,-10.79709721
43,78,-10.65815258
43,58,-10.85681343
43,39,-10.44136620
43,88,-10.83705330
43,46,-10.64958763
43,25,-10.48990154
43,38,-10.54136181
43,101,-11.05765152
43,81,-11.01412964
43,96,-10.90238953
43,64,-10.52248001
43,100,-11.00278664
43,79,-11.08343601
43,92,-10.97875500
44,35,3.04285908
44,33,-1.56665051
44,36,-5.60044289
44,47,-4.39470291
44,34,-4.38184929
44,86,-8.38154125
44,30,-8.82935810
44,6,-6.95748901
44,4,-8.84213829
44,8,-8.78507423
44,15,-7.62451363
44,26,-6.06944942
44,82,-7.97801113
44,45,-8.57770920
44,10,-7.24547005
44,90,-7.83824444
44,37,-8.17866802
44,38,-5.40083742
44,2,-6.80602694
44,5,-7.06161690
44,54,-7.88984060
44,46,-8.18579865
44,50,-8.08596134
44,72,-9.67351437
44,31,-9.21888638
44,28,-8.13843060
44,7,-8.26646233
44,25,-8.59470177
44,41,-7.71041870
44,56,-9.03691483
44,40,-9.45798111
44,70,-8.75057602
44,13,-7.88697290
44,88,-8.68055153
44,39,-8.99645996
44,1,-8.45676994
44,16,-9.11807060
44,21,-5.34603024
44,3,-9.40207100
44,71,-8.10625362
44,49,-7.56315660
44,92,-7.78153706
44,102,-8.86333466
44,95,-9.25798607
44,29,-9.23083401
44,11,-7.69860363
44,18,-9.33019257
44,42,-8.51846313
44,20,-9.73874378
44,83,-8.87653351
45,36,3.74770212
45,33,-5.18687439
45,45,-6.88926125
45,34,-7.89546013
45,37,-9.84353447
45,82,-9.70492935
45,47,-9.44714928
45,21,-8.96144295
45,18,-9.61119652
45,8,-10.50392532
45,22,-8.22000790
45,24,-10.59697533
45,69,-10.38372421
45,12,-10.10194778
45,71,-9.71423054
45,4,-10.08247948
45,31,-10.16179466
45,48,-10.26929855
45,84,-10.04121304
45,5,-10.71732140
45,29,-10.47295094
45,39,-10.37765121
45,40,-10.60551262
45,15,-10.61857986
45,16,-10.51639462
45,59,-10.65872955
45,81,-10.34288597
45,86,-10.61529160
45,17,-10.40374088
45,32,-10.64484406
45,38,-10.31498528
45,92,-10.80135918
45,75,-11.11904335
45,19,-10.11959076
45,20,-10.48960495
45,6,-10.05886269
45,104,-10.37932682
45,101,-10.95800495
45,90,-10.76973248
45,102,-10.90562344
45,46,-10.42831707
45,35,-9.73349571
45,58,-10.77894020
45,1,-10.51328468
45,44,-11.04262543
45,64,-10.77374363
45,103,-10.94899940
45,52,-10.97322083
45,30,-10.80889893
45,3,-9.62774277
46,37,1.86236143
46,39,-1.50772405
46,82,-6.66702271
46,36,-5.02044868
46,38,-3.91442800
46,33,-5.19634724
46,40,-5.56832123
46,81,-7.34602165
46,17,-7.19508648
46,11,-6.80161667
46,8,-7.89923716
46,101,-8.31486893
46,78,-7.36491632
46,1,-7.55204201
46,21,-8.26797676
46,43,-7.27637815
46,7,-6.33084345
46,34,-7.33895350
46,103,-6.65221596
46,9,-8.97986221
46,58,-8.14328861
46,89,-8.79727173
46,47,-7.21077347
46,30,-8.98156738
46,66,-8.15205574
46,102,-8.40115738
46,86,-8.74325943
46,20,-8.75475311
46,63,-8.55983543
46,15,-8.63553238
46,2,-8.37261295
46,45,-7.91624784
46,26,-7.73925018
46,19,-7.92642450
46,23,-8.42892265
46,92,-8.73339367
46,6,-8.54654884
46,29,-8.55524921
46,59,-7.36427498
46,18,-8.15597725
46,84,-7.63752651
46,4,-7.89805984
46,10,-7.76076889
46,27,-8.02539539
46,24,-9.00195599
46,61,-8.44289398
46,79,-8.86761093
46,68,-8.15113831
46,90,-7.94416142
46,98,-8.64920044
47,39,2.40824103
47,38,-0.49340266
47,40,-3.46540642
47,33,-8.68192291
47,80,-1.60305071
47,54,-8.18786907
47,78,-3.52215457
47,37,-8.16885662
47,21,-6.16425657
47,35,-9.08795929
47,30,-9.83360291
47,20,-8.59628487
47,17,-9.62208939
47,36,-9.14941978
47,4,-8.88459969
47,23,-9.39738846
47,43,-8.69770145
47,2,-9.05436420
47,55,-5.25432491
47,1,-8.41957474
47,82,-9.53014183
47,29,-9.06309605
47,34,-9.38547707
47,14,-8.07111645
47,26,-9.78113461
47,8,-9.35688496
47,51,-5.99386311
47,47,-8.69378757
47,15,-8.19324780
47,79,-9.32795048
47,9,-9.02263927
47,88,-9.44272137
47,13,-6.70295429
47,90,-8.29755688
47,56,-10.01240921
47,86,-9.49360943
47,12,-9.21945953
47,77,-8.61702347
47,46,-9.49822426
47,89,-9.91807747
47,92,-9.55643272
47,32,-9.09210968
47,45,-9.35961914
47,19,-9.43676186
47,81,-10.15523052
47,41,-9.64756012
47,104,-8.77282333
47,44,-10.28168392
47,70,-9.11895943
47,31,-9.26605034
48,37,1.47562516
48,39,-6.21246910
48,36,-6.60753059
48,33,-8.56669331
48,38,-5.29627991
48,34,-7.88375950
48,82,-9.54990768
48,40,-9.01144028
48,21,-9.64340973
48,81,-9.61672974
48,23,-10.36452103
48,43,-9.62264156
48,78,-9.51253319
48,75,-10.69097805
48,8,-9.90995026
48,2,-10.39532566
48,101,-10.45470428
48,7,-7.81509066
48,44,-11.10622406
48,47,-9.85531044
48,17,-10.16555977
48,103,-7.97701502
48,92,-10.79303932
48,61,-10.03952789
48,84,-9.29995155
48,18,-10.80013561
48,90,-9.92149258
48,63,-10.85878468
48,15,-10.85609150
48,98,-10.77460670
48,12,-10.60337257
48,3,-10.62857246
48,4,-10.40969753
48,83,-8.69731331
48,58,-10.38246059
48,5,-10.21869850
48,89,-10.71533203
48,102,-10.78672409
48,52,-11.09344292
48,30,-10.64522362
48,100,-10.03844833
48,45,-10.00035000
48,29,-10.65398598
48,46,-10.82405663
48,6,-10.67704201
48,20,-10.63633823
48,32,-11.07759666
48,69,-10.71076488
48,88,-10.87794685
48,35,-10.50315285
49,40,2.33879638
49,38,-0.16392952
49,39,-4.38570356
49,54,-8.64482117
49,80,-6.64685631
49,43,-4.64861441
49,1,-7.82900524
49,92,-8.30301857
49,4,-9.10468388
49,44,-10.87778950
49,20,-8.28511429
49,61,-9.20382500
49,90,-9.42136765
49,79,-10.42105103
49,72,-9.86165810
49,91,-8.77691841
49,86,-10.56375408
49,41,-10.67352581
49,2,-7.25033188
49,104,-8.67411137
49,9,-8.82798004
49,30,-10.10287285
49,37,-10.38722515
49,62,-10.30559921
49,21,-8.64292336
49,78,-10.05934143
49,14,-8.51382446
49,102,-9.26589489
49,77,-8.96342468
49,29,-9.81998253
49,58,-7.72593546
49,12,-9.17385578
49,3,-8.84263992
49,88,-10.60465813
49,94,-10.43440723
49,56,-10.47933006
49,31,-9.70285606
49,53,-10.10263252
49,8,-10.06575203
49,33,-9.77308655
49,69,-8.78557587
49,89,-9.03537560
49,55,-9.99040890
49,46,-9.17269802
49,17,-10.74794960
49,19,-9.62026691
49,32,-10.23669243
49,24,-10.22722816
49,57,-8.77513504
49,64,-10.29408264
50,38,0.57991940
50,37,-6.92226171
50,39,-4.98679352
50,40,-3.39575672
50,33,-10.10858440
50,36,-9.28126812
50,54,-8.24821091
50,34,-10.17234230
50,80,-6.31518650
50,21,-7.99655008
50,82,-10.52249432
50,92,-10.38950920
50,72,-8.56984806
50,86,-10.89529705
50,78,-9.85604858
50,20,-10.46633720
50,8,-9.31730556
50,81,-10.44509125
50,103,-10.06686974
50,104,-9.49778271
50,64,-10.61609745
50,15,-10.52677727
50,4,-9.96565056
50,35,-9.70317936
50,101,-10.55274010
50,30,-10.29890823
50,17,-10.68067932
50,31,-10.14842415
50,47,-10.09591198
50,79,-10.46468925
50,43,-10.34639931
50,23,-10.34022141
50,61,-10.62632275
50,69,-10.12015915
50,102,-10.61035824
50,6,-10.47033119
50,29,-10.15559006
50,19,-10.35955429
50,88,-9.95795250
50,45,-10.48541641
50,100,-10.61917686
50,63,-10.58811760
50,91,-10.76406574
50,77,-9.58723545
50,96,-10.86420631
50,32,-10.50281715
50,9,-9.98675823
50,5,-10.07958126
50,46,-10.51573181
50,75,-10.56857681
51,41,-3.70730996
51,43,0.86163515
51,44,-8.42788124
51,42,-8.18528938
51,82,-8.79099274
51,39,-4.30363989
51,37,-8.85715485
51,38,-7.92830563
51,36,-9.32351494
51,81,-9.77898216
51,1,-9.12530136
51,78,-6.82661533
51,48,-8.52872562
51,7,-9.30934811
51,45,-8.45862865
51,46,-9.58460617
51,33,-9.98970985
51,30,-10.45583439
51,86,-10.42162037
51,47,-8.95926476
51,101,-8.02521706
51,20,-9.40875435
51,9,-10.14253044
51,4,-9.53422928
51,31,-9.08470154
51,53,-10.49200535
51,15,-9.28587151
51,89,-9.66920948
51,26,-10.11296463
51,40,-9.94497108
51,102,-8.49469185
51,104,-7.80860090
51,17,-9.97563934
51,103,-7.47306395
51,6,-10.34685421
51,56,-9.49306965
51,29,-9.90783310
51,8,-10.22697544
51,14,-10.04159832
51,21,-10.13885689
51,63,-8.83278084
51,90,-9.09588432
51,13,-8.63509750
51,2,-9.90122223
51,55,-9.83911705
51,34,-9.97690296
51,54,-10.50712585
51,5,-10.37725449
51,10,-9.63767815
51,22,-9.96068382
52,42,-4.12666798
52,41,-3.92636991
52,43,-4.04327297
52,44,-8.03282928
52,17,-9.62944984
52,37,-9.49576187
52,19,-8.72937393
52,46,-8.48213577
52,47,-7.91997433
52,48,-8.69598484
52,30,-9.92531395
52,45,-8.89267731
52,23,-9.93340778
52,89,-9.92617512
52,8,-9.95278454
52,75,-9.74614334
52,7,-10.07821655
52,6,-9.95548820
52,9,-9.96709156
52,31,-9.63504982
52,36,-9.64264202
52,3,-9.40411091
52,20,-10.09662151
52,14,-9.70239639
52,18,-10.03490734
52,29,-9.77019024
52,21,-10.09422398
52,25,-9.46740437
52,74,-9.84347916
52,53,-10.11762905
52,63,-9.42613602
52,22,-9.86974525
52,40,-9.92799568
52,13,-9.69230270
52,32,-10.10686493
52,33,-9.60103798
52,92,-10.30048847
52,88,-10.03015709
52,82,-9.54610634
52,2,-9.71120262
52,39,-9.29953957
52,24,-10.16452599
52,5,-10.30715942
52,96,-10.30207634
52,60,-9.87006187
52,4,-9.89217186
52,69,-10.02604485
52,38,-9.10895634
52,52,-9.94843292
52,12,-9.90156555
53,43,2.27230811
53,41,-7.34723473
53,40,-5.89655304
53,44,-9.42135715
53,42,-4.84646416
53,46,-7.60887909
53,47,-5.74951792
53,29,-9.90468979
53,17,-9.99223232
53,38,-6.81238556
53,39,-10.07597065
53,8,-10.35314465
53,86,-9.96131134
53,37,-9.93992615
53,82,-10.28203583
53,104,-7.66202593
53,101,-9.97010803
53,75,-10.22699738
53,45,-8.43700027
53,78,-9.95186615
53,19,-8.44713116
53,53,-10.50756359
53,7,-8.41215706
53,102,-8.52831554
53,91,-10.11631393
53,20,-10.03972244
53,90,-10.29043198
53,36,-10.33497524
53,6,-10.19075871
53,31,-10.34540176
53,48,-8.78552628
53,3,-9.61086464
53,100,-10.28656006
53,89,-10.84361267
53,88,-10.07427597
53,14,-8.81053162
53,30,-10.57580185
53,2,-9.53879356
53,33,-10.37307358
53,10,-9.13257885
53,15,-10.11812496
53,4,-10.37399387
53,103,-9.84222126
53,92,-10.30521965
53,5,-10.43795681
53,13,-9.20789337
53,81,-10.76747799
53,55,-10.55880070
53,35,-10.09282970
53,12,-10.25295830
54,44,5.49144411
54,41,-1.27045608
54,42,-1.67511606
54,46,-7.73402166
54,47,-7.55441236
54,43,-6.25284624
54,68,-8.94079590
54,45,-8.70292854
54,48,-8.13934708
54,4,-8.99009418
54,20,-9.99176502
54,12,-8.89469719
54,40,-9.97153282
54,33,-9.45768642
54,95,-9.62216568
54,22,-8.63610840
54,21,-9.68407536
54,18,-10.08983707
54,92,-10.47243881
54,52,-10.13452911
54,66,-9.95775414
54,32,-10.47678566
54,50,-10.10797882
54,19,-8.70129681
54,76,-10.08915329
54,101,-9.86493397
54,36,-9.56565380
54,23,-10.34087276
54,17,-10.20727253
54,3,-9.20771408
54,81,-10.06066322
54,88,-9.87273026
54,102,-10.48432541
54,85,-10.17952538
54,70,-10.19015121
54,9,-9.82524681
54,37,-10.10912228
54,82,-10.19740772
54,86,-10.32395744
54,2,-10.07831669
54,64,-10.38043976
54,69,-9.65298653
54,89,-10.51036549
54,75,-10.13161659
54,59,-9.48838902
54,53,-10.34140301
54,5,-10.27305984
54,24,-9.84136391
54,34,-10.06778526
54,10,-9.54614830
55,41,-1.41968024
55,44,-4.48086548
55,42,-6.09670925
55,43,-6.37100458
55,46,-6.29866886
55,47,-7.82870865
55,48,-7.18436241
55,45,-8.41712666
55,18,-8.37310696
55,53,-9.14272499
55,88,-9.62165260
55,87,-9.57781029
55,80,-9.85519409
55,86,-10.09931755
55,23,-9.55652332
55,17,-10.10165977
55,4,-9.35688019
55,36,-9.64328194
55,20,-9.92955685
55,12,-9.69008827
55,54,-9.89426231
55,11,-9.32353783
55,62,-8.66694260
55,73,-9.52542877
55,5,-9.43354130
55,78,-9.75448990
55,72,-9.43882084
55,82,-9.55421829
55,90,-9.45251846
55,16,-8.97880173
55,40,-9.89429283
55,58,-9.68773842
55,6,-9.77807236
55,52,-9.72269249
55,60,-9.60396194
55,85,-9.73650074
55,22,-9.77144241
55,91,-10.33078098
55,94,-9.96336555
55,50,-9.22406769
55,95,-10.07934380
55,13,-9.68378067
55,104,-9.66556263
55,8,-10.11327362
55,92,-9.80644798
55,35,-9.85398579
55,33,-9.76066113
55,64,-9.71162033
55,37,-10.06405067
55,70,-9.87412167
56,45,-1.95364392
56,33,-8.65231514
56,47,-5.58113575
56,46,-2.56503510
56,48,-7.97136068
56,22,-7.75548744
56,34,-5.80762768
56,18,-8.31374264
56,17,-8.96497250
56,21,-8.56499100
56,2,-7.10731125
56,3,-8.00084114
56,82,-8.90380096
56,6,-8.85619354
56,35,-8.52025890
56,10,-7.06072426
56,19,-7.78284645
56,36,-9.42927361
56,23,-8.93453503
56,86,-9.75955582
56,20,-9.92329407
56,5,-8.94193649
56,8,-9.86066055
56,1,-8.18264198
56,54,-10.23364449
56,92,-9.29003334
56,4,-8.52127457
56,31,-9.72696114
56,9,-8.72507095
56,81,-9.64953423
56,37,-9.72897148
56,7,-9.23973465
56,24,-9.60438919
56,15,-9.94705963
56,42,-9.14969921
56,84,-9.46910763
56,75,-9.85172653
56,40,-9.99979019
56,12,-9.24694824
56,38,-9.29185295
56,43,-9.78096008
56,104,-9.69312191
56,41,-9.15755272
56,53,-10.34507561
56,88,-9.10128212
56,100,-9.83871841
56,94,-9.63724899
56,28,-8.76212502
56,44,-9.88463306
56,83,-7.91245651
57,47,4.16567993
57,48,-5.71325684
57,46,-8.86026764
57,45,-4.79784870
57,20,-8.09478188
57,18,-7.09771252
57,21,-9.43355560
57,23,-7.86153126
57,92,-10.23319054
57,17,-8.27602100
57,19,-7.47299480
57,22,-8.61053753
57,24,-8.36039925
57,82,-8.64620399
57,4,-10.25059700
57,8,-10.94311523
57,64,-10.84647179
57,35,-9.12615204
57,31,-10.78352356
57,10,-10.57678699
57,37,-10.11579990
57,32,-10.77136230
57,86,-10.66021538
57,1,-10.52396011
57,41,-10.74483109
57,66,-10.93732643
57,81,-10.14107037
57,16,-10.89866257
57,26,-10.89036560
57,33,-10.07744789
57,36,-10.56924248
57,34,-9.48226738
57,67,-10.56659889
57,3,-10.59577370
57,38,-10.21376801
57,30,-10.97189903
57,52,-10.97064781
57,29,-10.85486794
57,15,-10.78280926
57,55,-10.92897511
57,14,-10.44613457
57,2,-10.50072193
57,6,-10.40712261
57,60,-10.82137012
57,104,-10.79932594
57,44,-11.16131973
57,25,-10.78090286
57,54,-10.47174835
57,75,-11.11895275
57,7,-10.81165791
58,46,-0.09568261
58,84,-3.40347147
58,91,-9.87534809
58,6,-8.49726486
58,47,-8.96735096
58,45,-6.99102831
58,63,-9.45017147
58,2,-7.55719948
58,89,-10.06810284
58,92,-9.68902779
58,19,-7.16787863
58,26,-10.17216110
58,71,-6.73400784
58,83,-2.67603445
58,86,-9.99538231
58,81,-5.26337528
58,40,-10.43391609
58,1,-9.26421928
58,10,-7.28968000
58,7,-8.39638710
58,69,-10.13125801
58,72,-10.38187599
58,3,-7.84472132
58,48,-9.05345631
58,23,-9.73741150
58,42,-9.74169731
58,31,-8.73321819
58,90,-9.16829872
58,20,-10.01676750
58,66,-10.36383724
58,82,-9.97721481
58,64,-9.60193443
58,55,-10.15096188
58,68,-9.46688080
58,96,-8.81489182
58,29,-9.46391296
58,99,-7.90487862
58,18,-8.63612938
58,104,-9.63624191
58,22,-9.05611515
58,93,-9.39065552
58,33,-9.18504143
58,37,-10.50494003
58,65,-9.81699944
58,60,-8.93057442
58,21,-9.89443684
58,49,-10.00337601
58,50,-8.85952282
58,4,-9.29781723
58,101,-10.51334095
59,48,4.56821728
59,47,-6.55699158
59,46,-6.73627281
59,45,-6.61156178
59,23,-8.48458385
59,64,-10.56488800
59,82,-9.33372879
59,18,-8.98614693
59,19,-8.38269997
59,24,-9.32820511
59,7,-9.51977921
59,20,-10.21360207
59,86,-9.61260033
59,92,-9.48235703
59,21,-9.07472897
59,35,-8.94853401
59,3,-9.72421074
59,17,-9.58693695
59,84,-9.81684875
59,33,-9.59466934
59,34,-8.62494659
59,81,-10.05431938
59,22,-8.30844688
59,36,-10.02288532
59,80,-10.58734131
59,10,-9.57493210
59,100,-10.02347279
59,75,-9.97238445
59,31,-10.56056213
59,6,-9.97154331
59,88,-9.38522720
59,104,-10.23604202
59,37,-10.11186790
59,44,-10.62814713
59,26,-10.84152889
59,40,-10.63970757
59,8,-10.09492302
59,72,-10.80287266
59,32,-10.72182846
59,53,-10.58702850
59,70,-10.84449959
59,1,-10.46757507
59,43,-9.52635574
59,69,-10.92838955
59,11,-10.07059669
59,4,-10.58948898
59,55,-10.28981495
59,87,-10.06346416
59,60,-10.50988960
59,29,-10.52441883
60,47,-3.70039177
60,45,-2.64710140
60,46,-2.60353875
60,34,-6.86311579
60,33,-6.91768932
60,19,-6.81715059
60,96,-9.33340263
60,48,-8.30820465
60,6,-6.91536713
60,35,-6.44271469
60,3,-9.04086113
60,2,-6.51709604
60,18,-8.86754227
60,91,-8.56848717
60,10,-6.82543182
60,90,-9.04453754
60,21,-7.67013645
60,92,-8.73720074
60,36,-9.50035000
60,22,-7.22916508
60,31,-9.21847057
60,59,-8.00245380
60,82,-8.34808064
60,64,-9.61380959
60,88,-9.67582226
60,85,-9.87250328
60,55,-8.04020500
60,15,-9.75045300
60,86,-8.21381664
60,5,-7.57433033
60,7,-8.94162941
60,67,-8.66095161
60,17,-9.78575897
60,84,-9.76284218
60,81,-9.15546322
60,99,-8.67477989
60,52,-9.82740974
60,43,-9.50018406
60,1,-8.84757805
60,70,-8.53956795
60,28,-8.50458336
60,71,-8.18796349
60,87,-9.34075928
60,20,-9.24347401
60,27,-9.32735634
60,40,-9.43909836
60,60,-9.50511646
60,95,-10.01302910
60,102,-9.42543602
60,63,-9.20963478
61,51,-1.83105540
61,49,-5.64022827
61,50,-6.32855558
61,15,-6.53269482
61,52,-7.04950619
61,13,-4.87323284
61,4,-9.80592251
61,14,-6.84070301
61,87,-10.08061504
61,16,-7.14997292
61,86,-10.44131660
61,29,-10.35766697
61,61,-9.48252487
61,35,-9.18424892
61,94,-9.58091164
61,31,-9.89097786
61,32,-10.35431957
61,11,-10.02426529
61,90,-9.68405914
61,26,-10.19331074
61,30,-10.26270294
61,6,-9.39693928
61,8,-10.20908737
61,10,-9.74517155
61,55,-10.18676376
61,27,-9.28852177
61,72,-10.36136627
61,12,-10.03851700
61,84,-10.10399246
61,56,-10.38325024
61,1,-9.56643200
61,22,-9.32676411
61,64,-10.22479820
61,25,-9.41796875
61,39,-10.10590553
61,28,-9.92597580
61,38,-10.48986244
61,82,-10.25432777
61,62,-10.23433685
61,85,-10.21851635
61,88,-10.35963154
61,79,-10.12287140
61,78,-9.97535706
61,74,-10.49362373
61,70,-10.09727192
61,20,-10.25148392
61,7,-10.38443184
61,19,-10.28030014
61,60,-9.84847832
61,57,-9.94067192
62,52,-3.12696218
62,15,-1.40559316
62,51,-2.74748945
62,14,-0.55730522
62,16,-0.70381320
62,13,-0.98991936
62,50,-4.25214291
62,11,-5.63161659
62,10,-3.22647214
62,49,-5.30543470
62,29,-3.54255772
62,9,-5.26389790
62,32,-5.13187790
62,55,-6.12038660
62,87,-7.41982269
62,12,-4.41154480
62,64,-5.69364166
62,61,-6.70786524
62,60,-4.43014240
62,92,-7.62378979
62,18,-6.70109463
62,30,-5.82919741
62,54,-6.01474667
62,4,-6.66503191
62,96,-6.90038633
62,88,-5.92493200
62,91,-6.05027294
62,86,-6.86193466
62,28,-5.63035202
62,8,-6.60139275
62,24,-7.92461872
62,83,-6.59285593
62,34,-6.42780209
62,46,-6.08320713
62,53,-6.90903854
62,26,-6.84681988
62,85,-7.48085642
62,3,-6.42462540
62,23,-6.53236294
62,39,-5.52613401
62,102,-6.35259438
62,35,-6.66895437
62,20,-6.66821384
62,90,-6.67882156
62,56,-7.12200022
62,21,-7.44165850
62,72,-6.72070217
62,70,-7.03191376
62,48,-7.24363708
62,84,-7.32263565
63,49,-0.82747519
63,50,-1.30529642
63,51,0.17271559
63,52,-3.91512060
63,85,-9.12983799
63,15,-9.12346077
63,53,-4.15116596
63,87,-9.15620899
63,54,-4.33365059
63,31,-9.23946762
63,60,-6.00053501
63,86,-9.28351593
63,10,-7.96458960
63,64,-9.51277161
63,57,-8.01022720
63,56,-4.22210312
63,4,-9.65143204
63,55,-8.60821915
63,11,-10.41548920
63,6,-9.28137398
63,47,-8.98119259
63,14,-7.72734928
63,29,-8.01463604
63,46,-8.58777714
63,32,-9.74440098
63,66,-9.44478226
63,1,-8.99055195
63,28,-9.68721771
63,94,-9.72258186
63,2,-9.42863369
63,61,-9.77409458
63,63,-9.26291370
63,67,-9.52759933
63,7,-8.90268326
63,78,-10.14997005
63,43,-10.27972412
63,16,-8.52510643
63,33,-9.89163017
63,81,-10.15988922
63,72,-10.03883743
63,19,-9.32704735
63,23,-9.47238350
63,26,-9.63969135
63,25,-10.13284874
63,12,-9.69985008
63,70,-9.49221802
63,90,-10.01399803
63,73,-10.29672146
63,58,-8.51158714
63,3,-9.01245403
64,52,-0.11124951
64,50,-0.21391758
64,15,-2.62738252
64,51,-1.19406056
64,16,-3.74047136
64,49,-6.25357485
64,14,-4.38186646
64,13,-3.63943291
64,10,-6.82975006
64,11,-7.09686756
64,27,-9.22760201
64,32,-9.64223099
64,87,-9.16795826
64,9,-8.86986351
64,35,-8.31105900
64,64,-9.50648212
64,28,-9.37108135
64,2,-9.52135944
64,25,-9.48887348
64,12,-8.52281189
64,91,-9.71389675
64,29,-10.23567486
64,4,-9.38673019
64,18,-10.10956287
64,72,-10.30088329
64,60,-9.31521797
64,36,-10.17194271
64,80,-10.09762383
64,55,-9.60722733
64,40,-10.55112743
64,88,-9.76221085
64,62,-10.20738506
64,90,-10.18641281
64,70,-10.09207058
64,96,-9.21966934
64,94,-9.69995880
64,6,-8.27587700
64,68,-10.25678730
64,1,-9.57353592
64,57,-9.38504601
64,84,-10.24261475
64,26,-10.51276970
64,48,-10.17146492
64,3,-9.97776031
64,20,-10.49101830
64,34,-9.89649773
64,95,-10.37731266
64,83,-8.61155415
64,86,-10.43917274
64,92,-10.61648178
65,50,-4.16752529
65,29,-9.30998135
65,4,-7.79597282
65,32,-9.87972450
65,3,-9.10865021
65,7,-9.63617229
65,31,-9.69249916
65,46,-9.64357185
65,44,-10.90074635
65,2,-8.64877605
65,30,-10.22721100
65,85,-9.69331741
65,6,-9.41862297
65,1,-8.99292946
65,86,-10.17801285
65,34,-9.46083641
65,19,-9.64472485
65,12,-9.12490273
65,18,-9.97628975
65,60,-9.21870041
65,14,-9.01410961
65,5,-10.05110073
65,49,-9.87437153
65,40,-10.36492348
65,41,-10.56599331
65,16,-9.59085464
65,10,-9.68267536
65,48,-10.48909855
65,28,-9.80950165
65,68,-10.40133381
65,64,-10.39110374
65,96,-10.15891457
65,72,-10.57402897
65,98,-10.42529392
65,51,-9.20379257
65,94,-9.77358150
65,80,-9.98533440
65,45,-9.92088318
65,91,-10.32000542
65,89,-10.10119438
65,92,-10.67456055
65,71,-9.60896683
65,101,-10.50037384
65,70,-10.46165371
65,43,-9.65186119
65,33,-10.09758759
65,69,-10.73819256
65,81,-10.03792572
65,26,-9.91457176
65,36,-9.37692451
66,53,-4.54063940
66,54,-0.61074823
66,55,-9.65519142
66,56,-9.44812298
66,78,-10.77822971
66,58,-10.70189476
66,86,-10.94613552
66,14,-10.17787933
66,72,-10.88023376
66,79,-10.70430374
66,17,-11.08724880
66,8,-10.88904381
66,30,-10.64313698
66,77,-11.08026505
66,42,-10.87069035
66,51,-9.86850071
66,69,-10.80407906
66,20,-11.02812958
66,9,-11.03683949
66,49,-10.94122696
66,64,-10.96028519
66,29,-10.37394047
66,10,-10.78241062
66,102,-10.78184128
66,44,-10.96890831
66,40,-11.03083992
66,74,-11.06477737
66,36,-10.96032906
66,82,-11.06430435
66,62,-10.85719109
66,34,-10.84905052
66,37,-11.19573021
66,7,-10.64415169
66,83,-10.99184418
66,75,-10.99930668
66,104,-10.68063927
66,89,-10.94443512
66,92,-10.85019970
66,5,-10.75479507
66,31,-10.91151619
66,33,-10.94510841
66,90,-10.73468113
66,88,-10.93801308
66,4,-11.04324532
66,18,-10.86560917
66,91,-10.88834953
66,16,-10.51019478
66,12,-10.76454067
66,60,-10.10169411
66,6,-10.91613293
67,55,3.14734221
67,53,-0.36554924
67,56,-0.59012806
67,54,-2.36328244
67,78,-3.18813586
67,61,-5.46956062
67,39,-5.56409883
67,64,-6.42178059
67,15,-7.75216866
67,80,-5.68815374
67,32,-7.58369970
67,90,-7.98783207
67,14,-7.23864841
67,51,-6.95286274
67,62,-7.38882828
67,13,-6.29032898
67,86,-9.11258030
67,52,-8.04272652
67,37,-8.76330662
67,50,-7.58300304
67,63,-8.38824654
67,83,-9.25956535
67,49,-7.41562986
67,60,-7.66077328
67,77,-8.92299080
67,74,-8.88232708
67,16,-8.08586693
67,35,-8.13445091
67,8,-8.95260620
67,43,-8.53743744
67,91,-8.54845905
67,30,-8.66460514
67,20,-8.87543201
67,58,-8.82392788
67,11,-8.65275574
67,69,-8.38917732
67,88,-8.90742016
67,5,-8.80920410
67,103,-7.56616783
67,79,-8.47180367
67,87,-9.47986507
67,12,-8.66770077
67,29,-8.55440521
67,31,-8.31567478
67,4,-9.00919342
67,104,-7.61961651
67,7,-9.02185059
67,59,-8.59981251
67,75,-8.97953987
67,70,-7.83026457
68,53,4.48605824
68,56,6.09718084
68,54,2.26575756
68,55,1.77085197
68,51,-2.02386475
68,14,-5.21392536
68,29,-5.21463680
68,60,-5.77296305
68,23,-6.37487316
68,30,-6.06407213
68,89,-8.82662201
68,58,-7.37786102
68,69,-6.08104992
68,64,-7.69265461
68,16,-7.23012304
68,46,-7.49603605
68,17,-9.27907562
68,79,-5.83167267
68,8,-7.79379129
68,78,-8.18794632
68,77,-7.75333452
68,5,-6.30486965
68,74,-8.43128204
68,38,-6.74427986
68,61,-6.93565655
68,49,-5.59414244
68,62,-7.06660748
68,95,-8.14518261
68,52,-6.38961315
68,26,-8.30513096
68,90,-8.74569321
68,9,-8.12195206
68,50,-5.59417486
68,39,-7.78974438
68,40,-8.41268921
68,37,-8.17968178
68,72,-9.13298702
68,92,-9.41604328
68,100,-8.22578621
68,31,-8.25150967
68,75,-8.55180359
68,57,-7.25424576
68,21,-9.25014400
68,47,-7.43070030
68,91,-8.93071461
68,73,-9.20599174
68,42,-8.48391342
68,103,-7.07895279
68,76,-8.24496460
68,33,-8.80962944
69,56,4.27731228
69,53,-1.35223341
69,54,-1.41941345
69,79,-5.63538170
69,55,-3.98622990
69,77,-6.94503212
69,51,-3.88957930
69,35,-8.00076485
69,40,-9.46572685
69,37,-9.45005035
69,8,-9.03910923
69,29,-9.09324455
69,20,-9.66939735
69,62,-8.90879726
69,43,-8.68113327
69,39,-8.74523354
69,78,-6.94399357
69,80,-9.06399155
69,50,-6.38771725
69,38,-7.69974566
69,33,-9.39594173
69,87,-10.29946899
69,90,-9.07201195
69,30,-9.56810284
69,52,-7.82311916
69,86,-9.96149921
69,82,-9.79231453
69,72,-9.65631485
69,61,-8.64540291
69,26,-9.34377289
69,64,-9.06858349
69,4,-9.52062321
69,27,-7.87621880
69,49,-6.95526314
69,11,-9.81885433
69,1,-9.09363461
69,23,-9.83016491
69,69,-9.30553913
69,25,-8.13249111
69,91,-9.56949043
69,14,-9.14051723
69,31,-8.41231918
69,15,-8.86743164
69,75,-8.77512074
69,2,-9.15870571
69,104,-8.58554554
69,16,-9.26739120
69,68,-9.35150814
69,70,-8.82291317
69,102,-9.15528202
70,53,0.89592314
70,54,-1.59991884
70,55,-1.53516555
70,56,-1.31137741
70,40,-7.91690350
70,78,-6.22419643
70,35,-7.20149326
70,30,-7.83115101
70,92,-7.70678997
70,59,-6.48221588
70,12,-6.67969704
70,91,-7.27333260
70,86,-8.65160465
70,96,-7.54351330
70,61,-7.80383015
70,90,-5.97099400
70,37,-8.11709976
70,58,-8.38714409
70,49,-7.57737017
70,69,-8.22054195
70,75,-7.55732489
70,14,-7.44480228
70,85,-7.67863369
70,51,-7.26739264
70,82,-8.19654942
70,89,-7.21405077
70,50,-7.75412273
70,64,-7.82732201
70,15,-8.02746964
70,104,-6.89894676
70,42,-7.95121145
70,6,-8.43455887
70,52,-7.92185259
70,48,-7.32139301
70,9,-8.33852386
70,95,-7.08753490
70,29,-7.63318729
70,33,-8.49253273
70,16,-8.24890614
70,28,-3.61008453
70,80,-7.35576439
70,66,-7.92333317
70,31,-7.69518852
70,25,-3.61741257
70,11,-8.43932343
70,72,-8.39199638
70,7,-6.66226864
70,73,-7.22698593
70,47,-6.95905113
70,26,-7.89996290
71,57,3.66268277
71,58,-1.31847119
71,60,-0.77239734
71,1,-3.05953932
71,3,-4.03289747
71,4,-5.16108894
71,70,-6.05066204
71,92,-8.20616055
71,71,-1.29342282
71,59,-5.48154831
71,69,-6.30699158
71,19,-3.00241542
71,12,-6.25011349
71,2,-6.46107864
71,61,-8.84563637
71,50,-7.80483150
71,51,-8.38858414
71,10,-8.01951599
71,15,-6.25122833
71,9,-6.47962952
71,40,-8.72773647
71,63,-3.40856600
71,22,-5.76010036
71,93,-3.71608591
71,91,-7.55716324
71,55,-9.09679604
71,90,-8.64675713
71,72,-8.93596268
71,86,-8.37939072
71,7,-7.48681831
71,49,-7.83815241
71,76,-8.36761189
71,64,-8.83961105
71,52,-8.79008579
71,28,-8.51444149
71,97,-5.12066841
71,96,-7.71137190
71,67,-5.76770020
71,6,-6.57873392
71,30,-9.17760277
71,99,-6.04630327
71,24,-9.31427002
71,29,-8.80974674
71,14,-8.01201153
71,62,-9.15802193
71,31,-7.84610748
71,95,-7.82846069
71,16,-7.87958336
71,94,-7.19528627
71,88,-8.71539402
72,58,2.58188534
72,69,-0.48003972
72,59,-1.87320304
72,17,-4.97526646
72,96,-5.31543064
72,92,-5.62900639
72,20,-2.55493188
72,93,-5.37164879
72,89,-5.42804956
72,95,-5.02617502
72,8,-6.29352570
72,40,-4.86078739
72,19,-5.39736366
72,9,-5.89568806
72,23,-6.51683474
72,57,-4.02557755
72,30,-6.39498425
72,66,-5.63676882
72,91,-6.38723326
72,29,-5.53860474
72,2,-4.63225937
72,86,-7.31978130
72,55,-7.46055508
72,37,-6.94750881
72,103,-4.54536057
72,61,-6.21487761
72,70,-4.31482220
72,1,-4.77209234
72,3,-4.69300413
72,53,-7.69933558
72,72,-7.26943016
72,54,-6.64921474
72,32,-6.68064690
72,12,-5.82596779
72,71,-1.40342736
72,31,-5.61939049
72,38,-3.60473800
72,39,-5.95200777
72,47,-5.54540396
72,5,-7.35760355
72,73,-7.80244255
72,101,-8.29516983
72,36,-4.99650669
72,62,-6.63512039
72,7,-6.45088196
72,14,-7.07539082
72,51,-6.77299213
72,33,-7.10008526
72,90,-7.66634130
72,60,-5.68081808
73,59,3.65172815
73,57,0.76911253
73,7,-4.59987640
73,58,-1.78394783
73,19,-5.00130415
73,93,-4.23650789
73,96,-5.74657917
73,94,-5.48293018
73,99,-5.40436935
73,3,-6.77051067
73,100,-5.39113617
73,95,-5.78520489
73,31,-6.17559671
73,50,-6.83938313
73,29,-6.79693031
73,5,-7.05121231
73,63,-7.04294777
73,6,-6.99852705
73,60,-4.66413975
73,70,-4.76080942
73,98,-6.32907867
73,97,-6.71995640
73,61,-7.36854267
73,64,-8.22778034
73,69,-6.46797085
73,66,-7.46327877
73,4,-8.21997929
73,71,-5.02948570
73,49,-6.82475138
73,81,-8.78757095
73,32,-7.49928188
73,40,-8.21607971
73,20,-8.13025665
73,28,-6.74589443
73,1,-6.38973284
73,8,-7.34287167
73,36,-8.62966442
73,55,-8.03534508
73,78,-8.44673157
73,2,-7.90093327
73,18,-8.21864605
73,10,-7.00376034
73,15,-7.36573505
73,30,-7.14774752
73,62,-7.33810949
73,103,-5.97945976
73,11,-8.56177902
73,90,-8.36567879
73,68,-7.19665813
73,13,-7.04593563
74,60,1.14960063
74,70,-7.43431234
74,32,-7.28998280
74,31,-8.35900688
74,50,-8.14714813
74,3,-7.87888193
74,14,-6.36936665
74,28,-8.27479744
74,96,-8.88428307
74,57,-1.41553688
74,29,-7.74976397
74,20,-7.80958080
74,102,-8.17450428
74,104,-6.54934692
74,26,-9.40027046
74,12,-8.10444832
74,64,-9.40897179
74,16,-6.43853855
74,6,-8.18822670
74,13,-6.89570904
74,40,-9.10275936
74,15,-8.07713223
74,4,-7.97985458
74,63,-8.03127384
74,52,-8.86627769
74,86,-7.16631365
74,51,-8.27661896
74,36,-8.85597801
74,18,-9.49374962
74,68,-9.27466011
74,25,-9.28442097
74,1,-7.33314753
74,19,-7.84213734
74,7,-9.14371204
74,27,-8.79956436
74,90,-8.98347664
74,72,-9.67456627
74,23,-9.94855213
74,91,-8.42529678
74,39,-9.02408695
74,80,-9.54161930
74,5,-8.23856544
74,2,-9.20249748
74,59,-8.33177567
74,46,-8.94125462
74,22,-6.92843914
74,99,-9.24961567
74,33,-9.86931896
74,71,-7.04082394
74,11,-9.84689522
75,58,0.17141482
75,57,-5.61328268
75,14,-6.89973736
75,59,-7.87978172
75,29,-7.37416935
75,93,-7.51869488
75,51,-7.94186163
75,30,-7.12729645
75,60,-6.41238785
75,95,-5.88978386
75,96,-7.81762362
75,4,-7.38829327
75,62,-8.68867302
75,3,-7.71879482
75,15,-8.39694214
75,67,-8.49261856
75,16,-8.12519264
75,69,-7.27401781
75,5,-8.96668911
75,92,-7.91566181
75,52,-8.68880653
75,1,-6.67914057
75,2,-7.61696625
75,47,-8.58852577
75,64,-9.77674389
75,18,-9.45297050
75,49,-8.63288498
75,98,-8.87888622
75,53,-9.37940598
75,70,-7.94992542
75,50,-9.09682751
75,6,-9.20214844
75,72,-9.22868633
75,74,-9.70682240
75,55,-9.75144577
75,32,-9.43654823
75,63,-8.39226055
75,31,-8.27133656
75,103,-8.67493629
75,40,-8.40051365
75,101,-10.16195393
75,8,-8.72504807
75,66,-8.83449745
75,9,-8.81269741
75,94,-9.39235115
75,54,-9.31575775
75,12,-8.54558563
75,19,-8.60312843
75,86,-10.27401543
75,46,-8.59808540
76,61,1.96361852
76,62,-3.75174880
76,64,-4.67094707
76,63,-5.21465349
76,78,-8.59043694
76,90,-7.58560658
76,37,-8.76681519
76,39,-8.00807381
76,55,-9.93712330
76,15,-9.13941002
76,103,-8.09210205
76,35,-9.07182026
76,29,-9.95355415
76,3,-7.88927841
76,51,-9.30668831
76,5,-9.55400658
76,31,-9.23281860
76,43,-8.62623787
76,18,-9.59611797
76,12,-9.37731266
76,79,-9.49478436
76,101,-8.54873943
76,8,-9.53487968
76,91,-10.11510372
76,50,-9.33275986
76,82,-9.38654137
76,14,-9.48265839
76,20,-8.86808681
76,10,-8.93176937
76,76,-9.01994896
76,94,-9.35403156
76,30,-9.85814095
76,96,-9.73694038
76,49,-9.74667263
76,98,-9.86308289
76,58,-10.16189194
76,27,-9.57311630
76,74,-9.77574921
76,13,-9.44570923
76,32,-10.09200668
76,53,-10.10698795
76,2,-9.25884724
76,34,-9.12346172
76,4,-8.99019432
76,47,-8.79823399
76,52,-9.67052460
76,75,-9.86057663
76,80,-9.74873638
76,11,-9.68528080
76,56,-10.25165939
77,63,4.30467033
77,62,-7.20933819
77,61,-5.47781563
77,26,-9.38040257
77,4,-5.76795006
77,50,-8.99438858
77,71,-5.08638763
77,12,-8.60671425
77,3,-4.79424858
77,57,-4.76913786
77,94,-8.26995373
77,24,-9.12500858
77,19,-5.87882423
77,46,-7.99755526
77,96,-9.88922501
77,15,-9.57106781
77,88,-9.37721920
77,100,-7.44459820
77,66,-8.83825493
77,58,-9.33743572
77,6,-6.34416771
77,80,-9.25406265
77,1,-5.76780605
77,68,-8.86105728
77,36,-7.17219543
77,29,-9.13803482
77,55,-10.24706841
77,64,-9.50422001
77,25,-8.23906517
77,52,-9.44495964
77,20,-8.01592255
77,7,-8.40847778
77,43,-8.50764656
77,90,-9.76947784
77,60,-9.35426044
77,67,-8.48859787
77,34,-6.22472811
77,65,-7.82530737
77,92,-10.16231728
77,32,-10.03976631
77,30,-9.08320045
77,35,-7.77947807
77,93,-7.32797480
77,82,-9.56282043
77,31,-7.72262192
77,47,-9.34478760
77,91,-10.03921318
77,104,-8.63803101
77,51,-9.58078098
77,72,-10.36345482
78,62,2.81112909
78,61,-3.42023063
78,64,-7.52544975
78,63,-4.77311707
78,17,-9.06664848
78,50,-7.80048752
78,30,-8.87592602
78,53,-9.55875683
78,6,-9.97887230
78,2,-9.50305557
78,56,-9.43266678
78,46,-8.30965233
78,40,-9.73615646
78,54,-9.80637455
78,96,-10.39714241
78,58,-8.79391289
78,12,-10.22004032
78,20,-9.50782776
78,88,-9.48433304
78,92,-10.03048706
78,91,-10.25812244
78,29,-9.46002674
78,78,-10.02368641
78,55,-10.17335320
78,8,-9.87819195
78,80,-9.98839664
78,79,-9.82375717
78,26,-10.26720905
78,94,-10.00437164
78,81,-9.82777596
78,44,-10.43289185
78,22,-10.08220959
78,42,-9.94614410
78,90,-9.62019825
78,21,-9.50563717
78,95,-9.83685398
78,18,-9.73303127
78,36,-10.06579876
78,82,-10.37514305
78,24,-10.28505993
78,37,-10.47015190
78,85,-10.04777241
78,4,-10.16328621
78,104,-10.18446350
78,31,-9.73616982
78,93,-10.15014648
78,86,-10.58982754
78,66,-10.07632256
78,3,-9.94617462
78,77,-10.37260818
79,64,1.02293015
79,62,-7.84567928
79,61,-9.41235161
79,96,-5.78549099
79,63,-10.22624588
79,52,-9.93062305
79,32,-7.97858000
79,15,-7.44277811
79,94,-9.98977757
79,91,-9.62232208
79,80,-8.08067608
79,60,-9.02562141
79,50,-10.26872540
79,51,-9.74489212
79,26,-10.60940361
79,3,-10.35885429
79,31,-10.24980736
79,55,-9.56548214
79,46,-10.29129601
79,76,-10.46283722
79,74,-9.87215424
79,54,-10.55669403
79,90,-9.94952965
79,95,-9.77233028
79,19,-10.43201733
79,93,-10.15548420
79,49,-10.27140141
79,16,-7.71496201
79,47,-10.35957718
79,81,-10.63497829
79,6,-10.46910000
79,40,-9.28039360
79,29,-9.63473701
79,18,-9.06109619
79,30,-9.56293201
79,88,-10.39021873
79,56,-10.59891701
79,36,-10.60615158
79,27,-10.13652992
79,24,-10.94334793
79,21,-10.83452797
79,84,-10.11371040
79,7,-9.97006798
79,5,-10.42595863
79,103,-9.55996037
79,25,-10.07577133
79,10,-10.57618046
79,20,-10.46978855
79,102,-10.22796154
79,4,-10.31266499
80,62,-0.88036597
80,61,-4.48694420
80,63,-1.29347074
80,64,-8.09904385
80,40,-5.47334194
80,20,-5.40204620
80,58,-5.85088444
80,86,-7.36230087
80,88,-9.11555481
80,29,-7.26744986
80,30,-7.68653345
80,31,-7.63533211
80,19,-6.43002272
80,12,-7.28995132
80,104,-7.10761690
80,18,-8.92838860
80,4,-8.67403603
80,36,-7.63825607
80,80,-8.45545578
80,68,-7.44923162
80,32,-8.26676273
80,44,-9.13025188
80,24,-9.14699554
80,59,-5.91904354
80,2,-8.88430405
80,8,-7.55943489
80,39,-6.37471676
80,46,-6.95114231
80,90,-8.30744839
80,55,-8.46656036
80,100,-8.74411583
80,50,-8.84319496
80,47,-7.49445677
80,78,-8.43646240
80,56,-9.34925365
80,92,-9.13651371
80,6,-8.63780499
80,82,-9.06645489
80,49,-8.46751404
80,54,-9.09837151
80,34,-8.79598904
80,3,-8.60596275
80,26,-8.69437981
80,37,-7.80221653
80,66,-9.28553486
80,69,-7.20152760
80,101,-8.46060276
80,71,-7.68882704
80,72,-9.51210213
80,51,-8.27910137
81,66,0.01632509
81,65,3.15659356
81,94,-1.99927020
81,7,-2.41957545
81,67,-1.02535439
81,63,-3.07994390
81,31,-4.53485680
81,68,-1.19473064
81,59,-4.15948009
81,74,-7.77881575
81,10,-2.94073296
81,49,-5.58860064
81,3,-5.63270473
81,50,-6.82262993
81,15,-4.77304840
81,19,-4.05538416
81,57,-4.14711523
81,95,-6.54223728
81,5,-8.02694988
81,73,-6.92859650
81,97,-4.63139963
81,2,-4.74099398
81,6,-6.34889698
81,93,-5.86693668
81,1,-4.84290695
81,85,-6.19436550
81,29,-7.81918049
81,12,-6.67206526
81,78,-8.07758522
81,88,-6.51840830
81,45,-6.83437538
81,32,-7.15142012
81,72,-4.45771265
81,64,-8.18850422
81,99,-5.89101315
81,70,-4.11381340
81,9,-8.02935219
81,80,-7.93580866
81,87,-7.51500416
81,52,-7.21808815
81,30,-8.14525795
81,37,-7.72746372
81,71,-3.82942438
81,90,-7.47720385
81,51,-7.54113531
81,86,-8.60871601
81,58,-7.80874968
81,4,-7.08654118
81,18,-8.15654182
81,96,-7.49504375
82,66,-1.21757889
82,65,-1.88523698
82,68,-0.49435318
82,94,-3.89836788
82,63,-1.68529475
82,67,-1.56134629
82,95,-4.29361248
82,7,-4.84826708
82,60,-6.83039188
82,71,-3.83110285
82,86,-8.48488140
82,37,-9.21685982
82,89,-8.51344395
82,8,-8.17699146
82,93,-5.35559464
82,59,-5.88164473
82,81,-8.02606297
82,50,-7.25859833
82,31,-4.85063457
82,82,-8.58676720
82,92,-7.27801991
82,19,-4.98320961
82,70,-6.02895737
82,14,-7.62351322
82,100,-5.87359619
82,46,-5.32700348
82,47,-6.22772264
82,23,-8.81885624
82,2,-4.95350552
82,96,-7.43970490
82,58,-8.72959709
82,102,-8.92437935
82,97,-6.06171656
82,26,-7.86237526
82,6,-6.78180361
82,29,-8.31710815
82,104,-8.18005180
82,62,-7.84021568
82,57,-5.78928375
82,75,-8.87173080
82,12,-6.64867973
82,5,-8.13308239
82,49,-6.23138618
82,32,-8.17313862
82,21,-7.87812805
82,30,-8.69620132
82,53,-9.56989479
82,78,-8.34689713
82,3,-6.27562141
82,98,-7.26482010
83,67,3.82197666
83,94,-3.37424827
83,66,-7.20589113
83,15,-3.50629711
83,31,-6.68643379
83,97,-6.05146933
83,49,-6.82704115
83,7,-5.19787693
83,4,-6.29592705
83,19,-6.98418045
83,2,-6.48371458
83,93,-6.39584064
83,63,-6.84428644
83,68,-6.78767157
83,57,-5.05870247
83,81,-9.26987457
83,87,-4.97015190
83,85,-4.88002253
83,1,-5.31218815
83,52,-7.41802120
83,5,-8.16211891
83,82,-8.40827179
83,12,-7.53095961
83,29,-8.21955299
83,88,-6.96472549
83,26,-8.75182056
83,51,-8.05379295
83,10,-6.65678692
83,32,-7.70181513
83,18,-9.16680050
83,64,-7.76659393
83,92,-9.01025867
83,6,-7.78691483
83,96,-6.08787155
83,14,-8.53729630
83,50,-7.02892685
83,59,-6.34485483
83,36,-8.93599319
83,3,-8.77517891
83,80,-8.68768883
83,95,-7.22809362
83,86,-9.34708023
83,39,-8.65195084
83,47,-5.75414562
83,65,-6.36567497
83,90,-8.46383858
83,91,-8.42300320
83,60,-7.52129030
83,25,-7.93889236
83,55,-8.61089516
84,68,2.37722111
84,63,-4.06785774
84,31,-5.48464203
84,44,-8.87741280
84,66,-2.91576552
84,95,-7.54384470
84,19,-3.78049541
84,85,-6.85212040
84,70,-8.17608166
84,52,-7.69545555
84,94,-6.38812590
84,4,-6.73620987
84,40,-8.58082867
84,90,-5.91508389
84,88,-7.74260759
84,7,-6.14034462
84,72,-8.03249550
84,32,-7.49649143
84,20,-8.36851978
84,49,-6.47858906
84,89,-7.59819126
84,50,-8.01902771
84,67,-5.34143734
84,86,-8.74159527
84,46,-7.72180653
84,59,-5.45335674
84,97,-6.35064983
84,61,-7.80960941
84,57,-5.07824945
84,92,-8.58972073
84,29,-8.18762016
84,69,-5.05541468
84,6,-8.04244995
84,12,-7.78284550
84,102,-8.49272156
84,96,-9.13247013
84,15,-7.09077883
84,104,-7.76529694
84,91,-8.65482521
84,3,-8.07140064
84,65,-7.54236984
84,64,-9.36028862
84,47,-8.41347408
84,62,-8.44719505
84,100,-8.66042423
84,71,-6.85743141
84,33,-9.08235359
84,93,-6.57857609
84,1,-7.38092041
84,2,-7.13978291
85,66,-2.80020571
85,68,-3.29352927
85,65,-4.65237141
85,94,-5.10719538
85,67,-6.41297436
85,50,-6.56147528
85,63,-6.37107563
85,71,-5.95035362
85,72,-8.08136368
85,31,-6.18043709
85,82,-7.72975349
85,59,-7.46724510
85,29,-5.92524529
85,40,-7.52028275
85,70,-8.15782642
85,91,-6.78952503
85,69,-7.88042307
85,86,-8.16873646
85,64,-8.06176472
85,32,-7.61276960
85,19,-6.58767557
85,46,-6.09968376
85,55,-8.41649532
85,7,-7.58781338
85,95,-7.63841200
85,77,-6.79413414
85,34,-6.07049656
85,3,-7.34665775
85,30,-6.88787413
85,96,-7.48974514
85,18,-7.38994026
85,81,-6.65706444
85,49,-7.64215040
85,6,-7.16133881
85,4,-6.68763876
85,60,-7.28696632
85,58,-7.45748949
85,99,-7.66092348
85,47,-6.22395420
85,33,-6.79547977
85,53,-8.42759800
85,36,-6.20629692
85,62,-6.51881409
85,87,-8.52562523
85,54,-7.72672749
85,93,-5.18363714
85,90,-6.76842308
85,80,-6.56182957
85,2,-6.24764776
85,61,-8.30583000
86,69,1.20005000
86,36,-6.29896355
86,71,0.33432496
86,58,-5.70666838
86,72,-2.50652122
86,33,-7.65545177
86,17,-8.54254150
86,20,-7.88067198
86,37,-7.28274059
86,18,-7.58514023
86,70,-3.22159886
86,45,-7.41765022
86,86,-7.85685635
86,46,-6.97217274
86,59,-8.03564835
86,34,-7.34535360
86,38,-5.87272453
86,19,-8.09040260
86,47,-6.54576111
86,32,-8.60956192
86,30,-9.14780426
86,6,-7.97247791
86,92,-8.38971138
86,91,-6.98166704
86,39,-6.77772379
86,15,-5.98642731
86,7,-8.09410286
86,54,-8.97849846
86,52,-8.51888466
86,82,-8.18888092
86,48,-8.50253868
86,21,-8.19275856
86,8,-8.31433296
86,14,-7.92179775
86,35,-7.81566238
86,60,-7.79247761
86,26,-8.59713650
86,29,-8.63541031
86,64,-8.43903446
86,89,-8.17617321
86,53,-9.22108269
86,73,-9.49407578
86,68,-6.04492855
86,23,-8.31684875
86,9,-9.57552719
86,66,-6.95827961
86,67,-5.68977737
86,5,-8.87883377
86,31,-8.14558697
86,56,-9.36926842
87,70,0.42044702
87,72,-2.62803531
87,71,0.17543368
87,15,-4.99836349
87,68,-5.50158787
87,31,-8.72875595
87,7,-8.53942108
87,69,-4.90244913
87,6,-9.14184380
87,35,-7.71227551
87,28,-7.44818592
87,96,-9.28289223
87,19,-9.76348305
87,51,-8.17919445
87,66,-8.05341148
87,86,-9.70384026
87,50,-9.68236065
87,65,-6.58625507
87,30,-9.79820251
87,32,-9.92307854
87,80,-8.63828945
87,29,-9.56169701
87,67,-6.63625145
87,60,-8.56605530
87,8,-8.18446445
87,33,-9.59837532
87,5,-9.11656761
87,85,-8.95940495
87,87,-9.58188057
87,3,-10.22264099
87,40,-10.40319538
87,55,-9.34406853
87,25,-8.66668701
87,94,-9.12473488
87,11,-9.99463081
87,26,-10.32323647
87,12,-9.99790573
87,64,-10.00682640
87,81,-10.43658066
87,20,-10.35487556
87,46,-9.42685890
87,2,-9.90812111
87,13,-9.29615211
87,36,-10.31529808
87,49,-9.77223587
87,59,-9.65586758
87,90,-9.98742867
87,18,-10.18757820
87,99,-8.55869865
87,63,-10.03186798
88,71,4.01788473
88,3,-2.16462898
88,69,-0.84705830
88,4,-3.64075327
88,24,-4.96739960
88,99,-3.24585724
88,6,-4.49449825
88,36,-3.60819101
88,63,-3.48955011
88,34,-2.61302924
88,100,-4.59928894
88,31,-5.52247381
88,18,-4.18457031
88,1,-3.11326838
88,82,-4.67395020
88,26,-4.94559097
88,37,-4.88879013
88,19,-4.71973133
88,59,-3.99352002
88,33,-5.16161299
88,88,-5.36111355
88,58,-5.31571245
88,10,-5.23256063
88,96,-6.14309311
88,12,-4.92910385
88,38,-3.19066095
88,25,-5.10976028
88,7,-5.29290390
88,70,-4.32569981
88,2,-4.43577290
88,86,-5.13207150
88,39,-4.45447159
88,94,-5.12020445
88,28,-5.19742393
88,84,-5.45364666
88,60,-4.88622761
88,64,-5.87507343
88,45,-4.48047924
88,15,-5.99330044
88,62,-5.42930269
88,11,-6.35114622
88,93,-4.40728617
88,46,-3.87238884
88,57,-3.61230135
88,92,-5.98731899
88,104,-5.59458923
88,52,-5.06026888
88,76,-5.19181442
88,27,-5.28601694
88,78,-6.40841389
89,72,3.20365310
89,70,-1.21993113
89,86,-8.60303879
89,91,-8.53411007
89,15,-6.79435635
89,68,-8.94204426
89,69,-6.10233688
89,46,-9.70205688
89,104,-8.00574493
89,40,-10.84701538
89,85,-10.52263260
89,31,-10.42443943
89,71,-3.68630743
89,92,-10.88632298
89,23,-9.35928726
89,19,-10.43315125
89,50,-10.39056683
89,100,-10.65465260
89,52,-10.54681396
89,26,-10.83360958
89,32,-10.86501503
89,47,-10.24779987
89,87,-10.33153915
89,66,-10.02593613
89,89,-10.62649632
89,6,-10.40793896
89,51,-9.98267174
89,49,-10.62106895
89,64,-10.85355282
89,25,-10.38988972
89,58,-10.76218796
89,20,-10.99365234
89,88,-10.84919262
89,12,-10.73104668
89,65,-9.95012665
89,24,-10.78551292
89,60,-10.34635353
89,2,-10.53097630
89,90,-10.56389618
89,102,-10.15680981
89,94,-10.58222771
89,53,-11.04543114
89,35,-10.29603958
89,54,-11.07357883
89,10,-10.81729889
89,39,-10.80287075
89,67,-9.47869873
89,8,-10.84932613
89,103,-10.16361427
89,28,-10.57302284
90,72,-8.07448006
90,70,-6.69678736
90,71,-5.96961975
90,15,-9.85219097
90,3,-10.33895206
90,1,-9.45654774
90,52,-10.29681587
90,99,-8.87870312
90,35,-9.81433678
90,69,-9.38433170
90,36,-10.74361229
90,6,-10.20173359
90,86,-10.62920666
90,57,-10.17912769
90,19,-10.55404091
90,5,-10.23248577
90,26,-10.49369717
90,76,-10.45446777
90,50,-9.74126911
90,49,-10.34343338
90,60,-10.39917850
90,51,-10.62615585
90,96,-10.82246017
90,2,-9.94488716
90,33,-10.48135948
90,12,-10.71192741
90,10,-10.56266212
90,65,-10.62104034
90,13,-10.41357040
90,4,-10.43183899
90,82,-10.31561756
90,64,-10.93826103
90,91,-10.90472794
90,58,-10.32156944
90,87,-10.71006012
90,8,-10.65473366
90,92,-10.54564667
90,28,-10.69703484
90,95,-10.89061546
90,53,-11.05960560
90,90,-10.43478775
90,32,-11.00281143
90,42,-10.57876396
90,63,-10.56194401
90,55,-11.09878922
90,59,-10.93809986
90,100,-10.69090176
90,46,-10.15626717
90,67,-10.67428493
90,16,-10.76533699
91,75,3.28647995
91,73,0.90880382
91,74,0.13211185
91,77,-5.25809383
91,79,-6.29870415
91,78,-7.19210434
91,80,-7.54873848
91,76,-4.40671968
91,7,-6.02444887
91,53,-7.96327400
91,89,-8.02668381
91,93,-6.71340466
91,23,-7.45431137
91,90,-7.66783333
91,29,-7.91318130
91,100,-6.89746952
91,36,-6.87918949
91,26,-7.53019714
91,95,-6.59739208
91,92,-8.05619812
91,54,-7.97305346
91,15,-8.29185104
91,66,-4.50124693
91,9,-7.15456200
91,81,-7.88560247
91,8,-7.68767548
91,52,-8.04016876
91,14,-7.31076717
91,2,-7.84797287
91,50,-8.28842449
91,69,-8.55536842
91,12,-7.67680836
91,18,-7.50176811
91,25,-7.44534492
91,82,-8.10740948
91,5,-8.06031609
91,91,-8.08222389
91,64,-8.43310642
91,44,-8.43200874
91,43,-7.47345257
91,96,-8.48266029
91,103,-7.21115875
91,6,-7.51641369
91,21,-8.12110043
91,58,-9.05871964
91,32,-8.35508728
91,10,-6.37780190
91,60,-8.18047428
91,3,-7.20462418
91,68,-7.65552473
92,74,1.68587232
92,73,-6.34901142
92,75,-5.74042082
92,76,-5.10746384
92,93,-8.18104553
92,62,-9.93332481
92,78,-8.73673058
92,77,-7.54483604
92,55,-9.68009090
92,29,-9.91090393
92,2,-8.89558983
92,80,-9.53105259
92,35,-9.11748886
92,79,-10.15470505
92,1,-9.84964371
92,14,-8.75582886
92,5,-8.19258499
92,54,-10.46483803
92,61,-9.87561321
92,32,-9.70144272
92,40,-10.24812031
92,64,-9.64100933
92,39,-9.59819221
92,97,-8.84011078
92,90,-9.05704498
92,20,-10.07452774
92,92,-9.53014088
92,71,-9.56208229
92,15,-9.81068802
92,83,-10.15718079
92,94,-9.77288437
92,49,-9.94793701
92,30,-10.20514965
92,103,-8.75850868
92,69,-9.83509827
92,18,-10.34188175
92,95,-9.27501869
92,96,-10.04201221
92,68,-10.18009567
92,51,-9.58379173
92,11,-10.18081474
92,82,-10.48153114
92,50,-10.10473633
92,67,-9.83154297
92,100,-9.66817665
92,6,-10.24395180
92,91,-10.02123260
92,4,-9.91197872
92,10,-9.89685249
92,56,-10.26524353
93,73,1.60545683
93,74,-3.63682079
93,75,-3.25294757
93,66,-2.22228599
93,95,-6.96424341
93,76,-6.51485252
93,58,-4.04727364
93,89,-6.11012030
93,17,-7.91568661
93,9,-7.71183252
93,93,-7.79380703
93,8,-6.31606388
93,92,-8.34316635
93,23,-8.79030228
93,30,-9.24623108
93,65,-7.32609272
93,69,-6.35273981
93,77,-7.59058666
93,53,-7.46014023
93,5,-8.46783447
93,22,-9.12878990
93,29,-8.87251663
93,79,-9.11536980
93,78,-8.64880371
93,37,-8.23713684
93,97,-8.16856003
93,35,-7.74949789
93,6,-8.39613724
93,33,-9.11379051
93,90,-8.17180443
93,25,-7.97302389
93,26,-9.30004120
93,94,-8.65322495
93,91,-9.10992050
93,14,-8.18920898
93,64,-9.56615925
93,20,-7.41608047
93,80,-9.33256149
93,81,-9.36550713
93,96,-9.42660236
93,36,-8.75102234
93,101,-9.72077560
93,42,-8.86720848
93,72,-9.64840508
93,54,-8.68087006
93,56,-9.09139633
93,86,-9.88692284
93,82,-9.50724506
93,12,-9.06159973
93,100,-8.75709343
94,76,3.00995445
94,73,-7.27801991
94,75,-5.25259018
94,74,-5.07736254
94,3,-7.75738907
94,96,-8.87343693
94,7,-6.56017590
94,64,-9.25226116
94,6,-8.44528389
94,78,-8.33934593
94,65,-8.26186752
94,5,-7.54870319
94,12,-8.84893036
94,95,-8.32017326
94,100,-8.69400978
94,82,-8.88593102
94,63,-8.26210022
94,80,-8.97947502
94,19,-8.93110466
94,23,-8.64343834
94,8,-8.95926189
94,31,-8.75039196
94,99,-7.46578598
94,4,-8.01395798
94,34,-7.18603897
94,2,-7.65818071
94,52,-8.80533028
94,81,-9.28962135
94,84,-8.22224617
94,90,-7.80377054
94,1,-8.03192806
94,50,-9.01563644
94,94,-9.09920597
94,32,-9.23378086
94,17,-9.05478287
94,21,-8.68795586
94,68,-8.27883148
94,77,-8.23968887
94,40,-9.51052189
94,79,-7.86412144
94,92,-9.54109192
94,29,-9.12535095
94,14,-8.26859188
94,22,-9.27280045
94,66,-8.58784485
94,26,-9.06344318
94,59,-8.93473530
94,9,-8.34796047
94,18,-7.99741173
94,60,-8.94443130
95,75,0.95501637
95,76,-5.99738312
95,73,-7.07877350
95,74,-4.04540491
95,12,-7.97313404
95,43,-8.01990318
95,3,-8.00139332
95,14,-9.60585594
95,86,-9.89859867
95,8,-8.51644707
95,36,-9.20891190
95,26,-10.25137329
95,40,-10.01792336
95,63,-8.03876400
95,20,-9.26491356
95,102,-8.92807579
95,78,-9.88059807
95,90,-10.04555893
95,104,-8.56085873
95,80,-9.58950806
95,7,-8.82236385
95,64,-9.60178566
95,53,-8.67724800
95,18,-9.79940033
95,19,-7.83356380
95,58,-9.13723183
95,91,-9.66675758
95,77,-8.97355270
95,79,-8.92150879
95,93,-10.08358383
95,61,-9.58535767
95,32,-9.86710930
95,29,-9.96028805
95,44,-9.69414902
95,10,-8.23570633
95,54,-9.01153755
95,100,-9.63580227
95,92,-9.99494648
95,6,-9.47709084
95,2,-9.29084969
95,47,-8.17259407
95,52,-9.99977493
95,1,-10.06814003
95,55,-10.07147408
95,50,-9.49347687
95,4,-9.47900391
95,13,-9.66099739
95,15,-8.97644043
95,101,-9.86120224
95,31,-9.46465683
96,77,-2.35629916
96,78,-2.33782291
96,79,-5.80537796
96,56,-6.70707226
96,55,-7.33009911
96,74,-7.01256371
96,54,-8.56322670
96,26,-9.25680828
96,39,-7.32490444
96,30,-9.57023430
96,53,-9.23824883
96,73,-8.26071930
96,76,-8.34563160
96,38,-8.28717422
96,80,-6.91410351
96,61,-9.36461258
96,8,-9.27171516
96,14,-5.49266481
96,17,-9.73129559
96,86,-9.80753517
96,90,-7.49927235
96,32,-7.29826355
96,31,-8.73456383
96,43,-8.55558014
96,91,-9.13407516
96,29,-9.36230278
96,64,-8.06906700
96,20,-9.36403656
96,75,-7.68900490
96,94,-9.83289814
96,69,-9.68909073
96,58,-9.69034767
96,40,-9.55947781
96,13,-7.30368996
96,4,-9.89127159
96,104,-7.20811415
96,23,-10.08853912
96,72,-9.84651375
96,51,-8.41848373
96,27,-9.41462421
96,57,-7.84962940
96,18,-9.73172474
96,12,-9.22548485
96,11,-9.99186707
96,62,-9.91821098
96,37,-9.95866394
96,9,-9.89468002
96,25,-8.94840431
96,88,-9.77216148
96,7,-9.56059456
97,78,2.60356665
97,77,-0.41980502
97,80,-2.39120150
97,55,-2.83713007
97,79,-7.94845867
97,39,-7.35639000
97,54,-7.90182734
97,56,-5.82567263
97,90,-10.28306675
97,103,-9.51725006
97,75,-9.48120880
97,61,-10.54822159
97,12,-10.38728714
97,91,-10.45468140
97,37,-10.61039925
97,53,-10.47039127
97,14,-9.11635876
97,40,-10.80204010
97,8,-10.46237564
97,62,-10.86034203
97,13,-9.12570953
97,17,-10.68854046
97,29,-10.41140270
97,20,-10.72548294
97,86,-10.59952164
97,47,-10.39118958
97,43,-10.52634048
97,32,-10.22455215
97,10,-9.16012287
97,15,-10.20893955
97,72,-10.69010544
97,82,-10.62110806
97,74,-9.56678677
97,102,-9.81228924
97,30,-10.71904755
97,51,-9.60594463
97,18,-10.68072414
97,1,-10.17378807
97,58,-10.03715515
97,104,-9.86573219
97,92,-10.74832344
97,7,-10.19851971
97,64,-10.20871925
97,96,-10.20203018
97,88,-10.55133915
97,9,-9.24737358
97,46,-10.62354469
97,23,-10.88753223
97,4,-10.53082466
97,101,-10.49450493
98,77,-1.76088667
98,79,-5.78137827
98,56,-5.26928616
98,78,-0.74135590
98,54,-6.14300823
98,8,-8.30867004
98,53,-4.53359699
98,75,-9.05521774
98,80,-5.65464830
98,29,-9.08582115
98,86,-9.72764206
98,17,-10.02326202
98,26,-8.51947975
98,31,-8.49340153
98,30,-9.40461063
98,55,-9.51416588
98,38,-8.06229877
98,81,-10.87360001
98,7,-8.86101913
98,12,-9.81989384
98,5,-9.72994232
98,66,-9.52378845
98,18,-9.55292130
98,91,-9.20777512
98,72,-9.35305977
98,89,-10.24935913
98,73,-10.12402248
98,23,-9.66745472
98,32,-9.99180412
98,9,-10.20297241
98,43,-9.87765312
98,40,-10.20504379
98,90,-9.70152664
98,64,-9.83264446
98,100,-9.69397736
98,20,-10.06704235
98,13,-10.60631371
98,97,-9.18645668
98,82,-10.51519203
98,33,-10.36683464
98,95,-9.70890713
98,19,-8.83214569
98,36,-9.98145390
98,58,-9.52697372
98,74,-9.52549934
98,96,-9.72410679
98,6,-9.98013592
98,37,-10.36859798
98,2,-9.71757698
98,27,-9.11334419
99,80,4.48455095
99,78,-0.35011256
99,77,-0.91206431
99,79,-4.03958511
99,74,-6.55626583
99,39,-2.66638494
99,40,-7.22528744
99,64,-8.59200096
99,4,-9.89630795
99,54,-9.26112366
99,11,-8.29109287
99,94,-8.85048294
99,15,-8.74267101
99,29,-10.25786018
99,32,-10.16284370
99,55,-7.41069317
99,87,-9.10577393
99,62,-9.82264996
99,38,-7.06555176
99,91,-10.57061958
99,21,-8.94049263
99,2,-9.76283646
99,75,-9.87750149
99,20,-10.45645714
99,52,-10.44868660
99,90,-10.17993927
99,68,-9.67515087
99,50,-10.25408936
99,14,-9.70454121
99,88,-10.40822697
99,96,-9.35097313
99,76,-9.15693378
99,63,-9.84735107
99,30,-10.44712067
99,86,-10.47909451
99,1,-9.74774265
99,26,-10.65604782
99,19,-9.89945698
99,23,-10.60433960
99,56,-10.51765442
99,103,-9.97666931
99,72,-10.66580772
99,12,-10.41527176
99,25,-10.34157944
99,81,-10.60280132
99,71,-9.74756622
99,83,-10.02270699
99,73,-9.11954975
99,27,-10.31588554
99,65,-9.21986866
100,79,2.27097082
100,80,-1.07501435
100,78,-0.11374684
100,77,0.28023410
100,56,-3.57397270
100,40,-8.15658951
100,64,-7.59414816
100,86,-9.43580055
100,104,-8.17016506
100,32,-8.64918709
100,55,-7.85346889
100,75,-5.52602100
100,39,-6.98065948
100,17,-8.75832367
100,20,-8.28704834
100,9,-7.54015255
100,88,-8.56840420
100,12,-8.45519257
100,4,-8.37590981
100,5,-7.79761410
100,54,-7.68990231
100,72,-9.05265427
100,18,-8.12323380
100,52,-7.98344946
100,44,-8.68258286
100,25,-8.58215332
100,10,-7.51363659
100,76,-6.10493422
100,30,-8.19236279
100,74,-6.36479282
100,36,-8.11365509
100,29,-7.77948713
100,6,-8.26415825
100,7,-8.20746994
100,38,-7.82116508
100,11,-8.77466297
100,96,-8.98241043
100,19,-7.97278833
100,47,-7.36682510
100,31,-7.83845329
100,8,-8.28256321
100,24,-8.98913002
100,15,-8.41077232
100,1,-8.25912094
100,43,-7.30268192
100,45,-8.03184128
100,90,-8.29389763
100,14,-8.42222118
100,84,-8.74923515
100,92,-8.53908443
101,81,-1.73545408
101,83,0.83607745
101,84,0.68669790
101,82,-8.47062874
101,21,-8.96439075
101,19,-7.36940956
101,23,-8.55794239
101,97,-10.11749172
101,98,-10.39426994
101,2,-8.48521328
101,45,-9.97057915
101,22,-9.29555130
101,36,-8.92647266
101,20,-10.76549530
101,17,-10.63997555
101,40,-9.76573277
101,85,-7.94198465
101,7,-9.43600178
101,1,-9.81078911
101,3,-9.63760185
101,4,-9.62421036
101,10,-9.53020191
101,86,-10.25680351
101,64,-9.47932625
101,18,-10.19239426
101,39,-9.54238701
101,37,-9.88389206
101,6,-9.56013107
101,96,-9.11016941
101,91,-9.45615482
101,87,-9.06119919
101,38,-9.68861198
101,33,-9.85797977
101,11,-10.46772385
101,88,-9.90608025
101,5,-9.95122337
101,94,-9.50304699
101,29,-10.23969746
101,34,-9.18211174
101,48,-10.28123665
101,31,-10.21423626
101,90,-8.82514477
101,47,-9.05786896
101,71,-9.39970207
101,42,-10.00521660
101,46,-5.17076492
101,52,-9.87251186
101,68,-10.44845390
101,76,-9.55628109
101,32,-9.94533443
102,83,-1.42419124
102,84,-5.13010693
102,81,-4.05156612
102,82,-7.03461361
102,21,-8.19758701
102,4,-8.99824524
102,23,-9.33582973
102,19,-8.46462917
102,15,-9.99843693
102,86,-9.05876732
102,88,-7.02188587
102,20,-10.04222107
102,97,-8.15795135
102,11,-10.20511818
102,33,-9.19343948
102,34,-8.72648430
102,92,-9.63325310
102,98,-7.90206814
102,3,-8.32966328
102,85,-8.66187382
102,36,-9.30212307
102,1,-9.40934944
102,48,-9.27178764
102,78,-10.31341362
102,12,-10.09228325
102,17,-10.26715946
102,6,-9.65648842
102,50,-9.69090843
102,32,-10.05701065
102,2,-8.61927891
102,94,-10.27756023
102,39,-9.67894936
102,7,-8.95060062
102,10,-9.78587246
102,26,-10.47033501
102,64,-10.39925194
102,75,-10.89450264
102,24,-10.55876923
102,18,-9.69068336
102,52,-9.97702026
102,31,-10.02255440
102,40,-10.33336830
102,22,-9.00195885
102,87,-9.87579441
102,100,-8.93732452
102,28,-9.88542557
102,45,-9.74050522
102,25,-9.83624840
102,8,-10.20629406
102,80,-10.50671291
103,82,5.39164782
103,81,-7.26049089
103,84,-6.52946186
103,98,-3.62446308
103,83,-6.92859936
103,36,-8.83520508
103,97,-7.74564743
103,23,-9.39604568
103,21,-7.34216738
103,37,-9.39945984
103,86,-8.01312828
103,35,-6.46171379
103,2,-6.65140724
103,42,-5.68196011
103,27,-9.07218552
103,34,-6.67922068
103,33,-7.94596767
103,46,-6.33094692
103,20,-9.75582504
103,64,-9.86683273
103,47,-6.08400440
103,96,-10.07187843
103,17,-9.63329315
103,48,-7.95442247
103,4,-9.26666069
103,54,-9.18663692
103,52,-9.26300621
103,45,-7.33582592
103,19,-8.65968895
103,10,-7.45672894
103,60,-9.72389603
103,12,-8.84609413
103,32,-10.23257828
103,71,-8.90532589
103,44,-9.42672539
103,22,-8.72990227
103,90,-8.27246952
103,41,-7.71370029
103,31,-9.91647625
103,18,-10.08033562
103,7,-9.61323357
103,26,-9.07944870
103,102,-8.68108177
103,38,-7.72833490
103,6,-9.01408386
103,39,-8.76859188
103,100,-9.97073364
103,40,-9.67048073
103,88,-8.55862904
103,66,-9.44024754
104,83,1.06466401
104,81,-5.89910698
104,88,-5.95556593
104,36,-7.26869059
104,71,-5.96030998
104,33,-8.01384163
104,82,-7.39976883
104,86,-6.96673298
104,18,-8.40583420
104,34,-6.58731699
104,85,-5.58202171
104,84,-5.85493469
104,3,-7.36800003
104,64,-8.66037941
104,4,-7.82798767
104,87,-6.38119698
104,32,-9.09384441
104,37,-8.53203773
104,7,-7.69538021
104,90,-8.58018684
104,31,-8.07091141
104,45,-7.78403568
104,6,-7.44325352
104,69,-8.06418800
104,19,-7.98373413
104,96,-8.73334122
104,24,-8.56887054
104,52,-7.63768768
104,59,-8.23928547
104,100,-8.61415863
104,63,-8.02340984
104,94,-8.11017513
104,39,-8.21985245
104,38,-7.79175329
104,91,-8.82335949
104,2,-7.54162741
104,47,-7.93167925
104,5,-8.75282097
104,50,-7.10248852
104,72,-8.85841751
104,99,-7.44632912
104,46,-7.46930408
104,49,-8.48904419
104,15,-8.30960655
104,58,-9.21750832
104,10,-7.92283964
104,60,-8.63392258
104,1,-8.20432663
104,55,-9.31409836
104,26,-8.51733017
105,81,2.32362032
105,82,-2.89328671
105,21,-5.23348808
105,23,-3.64641047
105,97,-5.10045433
105,98,-4.23618555
105,17,-6.51725435
105,6,-4.98275566
105,84,-5.84890842
105,83,-4.39946604
105,19,-6.47583103
105,20,-8.22450066
105,85,-4.88333988
105,37,-5.33302164
105,45,-5.31850100
105,40,-6.54125643
105,48,-7.47771263
105,38,-6.15463638
105,22,-6.40090752
105,42,-6.68186665
105,33,-5.53915215
105,5,-6.42996979
105,18,-7.78665257
105,9,-5.90077734
105,100,-6.97378874
105,49,-5.15565825
105,39,-4.82660675
105,46,-7.64726877
105,47,-7.08474493
105,86,-6.96956205
105,34,-6.34190464
105,91,-5.62964249
105,2,-6.25304794
105,69,-6.31425858
105,7,-7.28925085
105,14,-4.67589712
105,77,-6.95328522
105,1,-6.90371466
105,89,-7.02201843
105,4,-6.28025198
105,88,-6.43072891
105,3,-7.46650743
105,101,-6.47754812
105,36,-6.44439554
105,64,-7.91280222
105,92,-8.03414249
105,15,-7.86306286
105,30,-7.27567673
105,90,-6.95194101
105,43,-6.46541834
106,86,2.91092539
106,88,-4.61021805
106,85,-5.45862579
106,83,-6.06760025
106,72,-5.51627016
106,87,-6.83997440
106,91,-6.05989122
106,20,-7.74419308
106,104,-5.72517300
106,90,-6.95888948
106,15,-6.25235462
106,81,-7.68466949
106,46,-6.74373722
106,60,-4.96482658
106,40,-6.82822466
106,96,-8.06904793
106,29,-7.88952589
106,92,-7.30734730
106,84,-8.39411926
106,68,-7.02773380
106,11,-7.67333412
106,6,-7.94406796
106,50,-8.02679634
106,30,-8.82919025
106,89,-8.10196114
106,4,-7.39290142
106,102,-7.37450123
106,31,-7.48759699
106,93,-7.74369240
106,82,-8.30737209
106,64,-8.19169426
106,47,-6.37124252
106,18,-8.64269638
106,99,-7.50628567
106,32,-6.99219990
106,37,-8.48541641
106,65,-7.58528900
106,57,-5.27710724
106,80,-8.67672348
106,2,-6.51935816
106,39,-7.20685434
106,62,-8.37201118
106,49,-8.30432796
106,19,-6.69847012
106,51,-7.56327629
106,16,-7.32232094
106,7,-8.27707481
106,23,-7.38196898
106,45,-7.81374836
106,78,-7.57542324
107,87,1.34114671
107,85,-1.69404352
107,86,-2.94047594
107,52,-6.68910217
107,49,-7.21133995
107,88,-4.64211416
107,51,-5.77511406
107,15,-7.03955746
107,50,-6.66926003
107,83,-5.54498577
107,4,-7.36325693
107,68,-6.61917257
107,11,-8.15284252
107,90,-7.89936733
107,29,-7.31784439
107,12,-6.83551884
107,100,-6.54458475
107,1,-7.71271801
107,10,-7.13388443
107,20,-8.46291924
107,96,-7.54821491
107,32,-8.40010929
107,72,-8.11620140
107,60,-7.85005188
107,35,-6.49513817
107,34,-7.11480665
107,7,-7.47391510
107,39,-8.02062798
107,61,-8.22173119
107,40,-8.54321861
107,46,-7.06325531
107,28,-7.67271137
107,2,-7.38321066
107,84,-7.51340294
107,31,-7.92338943
107,55,-8.87032413
107,26,-7.99324894
107,18,-8.36883926
107,62,-7.83905602
107,13,-7.81824875
107,92,-8.16695595
107,8,-8.60909843
107,30,-8.85105038
107,19,-7.94042206
107,94,-7.58282089
107,91,-8.11730957
107,82,-7.95600700
107,33,-8.12580585
107,81,-6.91684628
107,47,-7.54474354
108,85,2.28445268
108,88,0.49761698
108,86,-7.18422604
108,83,-5.32467747
108,87,-0.95273149
108,29,-8.51357079
108,31,-8.07610512
108,84,-7.81643677
108,17,-8.73119164
108,6,-8.16019154
108,49,-8.52635384
108,81,-7.41866970
108,68,-8.43920898
108,9,-8.49060059
108,5,-8.97909832
108,33,-8.62325764
108,25,-6.85227013
108,76,-6.19896889
108,4,-8.17168140
108,91,-8.62495995
108,67,-7.69554329
108,34,-7.61899614
108,15,-8.59558296
108,66,-8.83939266
108,44,-8.71440315
108,7,-6.94991398
108,10,-7.71797276
108,82,-8.36905384
108,63,-8.51668453
108,19,-8.51962471
108,90,-8.37766361
108,95,-9.16569805
108,50,-8.73306179
108,100,-9.00120449
108,77,-9.60635948
108,57,-8.58090019
108,72,-9.26303482
108,13,-8.40345669
108,18,-8.80759048
108,53,-9.79915142
108,51,-8.46254826
108,52,-8.77319431
108,14,-8.75757599
108,32,-9.46978569
108,46,-8.82894802
108,3,-8.51500130
108,97,-8.42676926
108,94,-8.61987495
108,30,-8.73905945
108,21,-8.20909691
109,88,3.65125680
109,85,-0.20407349
109,87,-2.57845259
109,86,-6.59898424
109,83,-6.59218121
109,11,-6.08819389
109,4,-5.28950930
109,15,-9.69295692
109,68,-9.69537735
109,52,-9.47580338
109,100,-9.51561260
109,44,-9.77340317
109,19,-9.62835598
109,84,-10.13070202
109,90,-10.25025940
109,104,-10.43613243
109,82,-9.82670879
109,81,-9.03980541
109,7,-9.93943977
109,80,-10.22933292
109,18,-10.27674866
109,94,-10.01057720
109,1,-7.06362343
109,39,-9.53030777
109,12,-9.55481529
109,3,-10.00520802
109,6,-9.77774811
109,32,-10.62491226
109,76,-10.14863777
109,99,-9.92838287
109,78,-10.30501366
109,20,-10.60901451
109,31,-10.13245392
109,10,-9.27862549
109,50,-9.86433029
109,75,-10.75271797
109,34,-9.75581741
109,103,-10.48212814
109,2,-8.81560516
109,64,-10.56980133
109,29,-10.27878094
109,93,-10.05480385
109,24,-10.20241356
109,60,-10.39595413
109,22,-9.62465000
109,56,-10.88518810
109,5,-10.13891220
109,40,-10.55750275
109,96,-10.43446922
109,97,-10.01631165
110,86,2.56095982
110,72,-10.65063286
110,91,-9.50085163
110,40,-10.23458672
110,87,-10.31474113
110,88,-9.19609642
110,85,-9.88848877
110,82,-10.73744202
110,83,-10.08140469
110,81,-10.76671982
110,92,-11.15184879
110,37,-11.11086273
110,6,-10.63079929
110,43,-10.73374939
110,65,-10.75794029
110,96,-10.80903244
110,50,-10.64975834
110,104,-10.26871490
110,93,-10.09728432
110,36,-10.62809467
110,99,-9.97793770
110,47,-10.95045662
110,58,-10.83367443
110,45,-10.92778015
110,46,-10.87759972
110,66,-11.20081043
110,7,-10.54609489
110,12,-9.51468182
110,18,-11.05666161
110,78,-10.23617935
110,20,-11.01511955
110,26,-11.01917362
110,68,-10.95742989
110,5,-11.00334930
110,22,-10.19504356
110,42,-10.64853477
110,31,-10.99338150
110,30,-11.16449738
110,55,-10.87404156
110,29,-11.10491943
110,48,-11.00773239
110,67,-11.01793766
110,3,-10.81910133
110,101,-10.93570328
110,79,-11.19976425
110,19,-10.54690742
110,15,-10.68737030
110,69,-10.99336720
110,84,-11.20139217
110,77,-11.26128674
111,89,-3.04436564
111,90,-0.10451826
111,92,-2.97088408
111,91,-4.99667168
111,96,-5.74643707
111,93,-5.43422174
111,45,-7.42938900
111,31,-8.53894043
111,8,-9.03166389
111,82,-8.87878895
111,103,-7.03343248
111,17,-8.65264320
111,86,-8.89888382
111,33,-8.41917229
111,102,-7.42977047
111,75,-9.25418568
111,5,-9.00916576
111,47,-8.09397507
111,94,-6.28490257
111,7,-7.74740887
111,78,-7.81768608
111,23,-8.41418266
111,101,-7.59363937
111,81,-7.84164524
111,83,-7.25210857
111,53,-9.27429485
111,46,-8.00991440
111,29,-8.03782272
111,21,-8.49778748
111,61,-8.46802711
111,37,-8.25522423
111,3,-8.51473999
111,32,-8.21683979
111,12,-8.31380081
111,84,-7.68252945
111,100,-9.05187511
111,85,-8.18873024
111,19,-8.15505123
111,1,-8.59346008
111,13,-8.21103859
111,95,-8.12811375
111,30,-9.02048302
111,20,-8.81839561
111,39,-8.34180355
111,36,-8.07738113
111,55,-9.16302395
111,49,-8.95757294
111,74,-9.24398422
111,4,-8.73543167
111,15,-8.65076065
112,89,0.81723183
112,90,0.80872333
112,92,-3.88206387
112,91,-3.45346570
112,101,-7.33651352
112,103,-3.13730240
112,20,-5.39510059
112,104,-8.11014080
112,96,-8.73367977
112,102,-8.62749004
112,62,-9.90700626
112,37,-7.80581665
112,8,-9.23383141
112,29,-7.54402733
112,93,-7.79055977
112,61,-9.69226837
112,78,-9.09566021
112,40,-10.08367920
112,25,-8.47699928
112,7,-9.03880215
112,23,-9.44318962
112,46,-9.04461479
112,66,-8.66366863
112,68,-7.94516897
112,17,-10.31789303
112,36,-9.73364449
112,47,-9.44256020
112,39,-9.64481544
112,2,-9.87108135
112,9,-8.42355728
112,82,-10.18162537
112,12,-9.61124229
112,3,-9.98478508
112,86,-9.53452015
112,69,-10.39267349
112,75,-9.46762848
112,55,-10.14605618
112,30,-10.39009190
112,94,-9.56784344
112,71,-8.77085018
112,100,-10.16315460
112,95,-9.66604996
112,81,-9.45007324
112,26,-10.42978859
112,80,-9.81306171
112,54,-10.59741306
112,64,-10.26049709
112,50,-10.36520863
112,5,-10.20480824
112,14,-9.21502876
113,92,-4.24421930
113,91,-3.20304322
113,89,-5.57214499
113,3,-6.11420107
113,60,-3.72673345
113,2,-8.43328094
113,90,-2.37246156
113,23,-9.49295902
113,12,-6.97586393
113,24,-9.56103897
113,1,-8.70633602
113,19,-5.46020174
113,4,-8.12579823
113,21,-9.27799892
113,52,-7.21297359
113,104,-5.51069975
113,58,-8.16329193
113,81,-8.67296886
113,47,-8.44376945
113,40,-10.04817581
113,69,-9.82709980
113,18,-8.21640110
113,32,-4.47470903
113,84,-9.13012028
113,37,-7.85677338
113,10,-6.62474155
113,7,-6.32729721
113,101,-8.64432621
113,36,-8.46429443
113,33,-8.15791893
113,100,-9.56840134
113,6,-7.94770622
113,75,-9.87393093
113,103,-7.25641775
113,57,-8.26974678
113,46,-8.27408791
113,72,-10.36144257
113,102,-8.08204937
113,26,-9.20970249
113,63,-4.88049221
113,49,-9.75726318
113,17,-9.67839146
113,5,-9.08780098
113,34,-8.11924934
113,41,-10.12795544
113,45,-8.50656605
113,64,-9.44641209
113,8,-9.94745541
113,48,-10.03076172
113,35,-9.24314880
114,91,-2.08378530
114,96,-6.23292494
114,92,-7.85591555
114,90,-5.68846512
114,89,-7.90737724
114,94,-6.82840490
114,93,-6.41427183
114,61,-6.31947374
114,64,-5.96085835
114,95,-5.04777098
114,46,-8.19256306
114,86,-8.55729103
114,102,-4.73834467
114,72,-9.09696579
114,83,-8.10546684
114,62,-7.69707155
114,104,-7.14620876
114,7,-8.96067429
114,84,-8.48828220
114,81,-8.62898636
114,58,-9.66254425
114,99,-7.80339193
114,60,-7.02808285
114,37,-9.36538315
114,29,-8.24172592
114,50,-8.71702194
114,15,-8.27595901
114,34,-8.55117702
114,63,-7.72787333
114,36,-8.31483173
114,103,-3.51997042
114,6,-9.43108368
114,40,-8.80322266
114,87,-8.90741348
114,39,-7.95847130
114,11,-8.66967010
114,69,-9.74694252
114,12,-9.18313599
114,26,-9.65237808
114,20,-8.93373108
114,31,-8.51625633
114,3,-9.01253128
114,82,-9.37933445
114,23,-9.05796242
114,47,-8.16595173
114,52,-9.01726532
114,2,-8.93708611
114,25,-8.74989510
114,57,-7.60321760
114,28,-8.48855972
115,90,2.77113914
115,89,-2.49973631
115,92,-3.44345450
115,91,-3.15957236
115,103,-1.67605233
115,104,-4.75833559
115,78,-3.33796501
115,101,-4.55916882
115,37,-4.11633539
115,39,-3.13007259
115,82,-4.09957314
115,102,-4.27865982
115,4,-5.65469551
115,36,-4.59343290
115,61,-5.09130287
115,7,-4.80061531
115,86,-7.27562666
115,96,-6.22347879
115,8,-5.86537123
115,93,-5.16069460
115,15,-6.16788578
115,75,-7.20013571
115,47,-5.28661489
115,76,-5.25284386
115,5,-6.73922205
115,9,-6.35028791
115,55,-7.70863724
115,62,-6.52125311
115,10,-5.08423519
115,51,-5.65325499
115,43,-6.49030209
115,1,-5.91361952
115,18,-6.22353268
115,94,-5.57305145
115,20,-5.85636234
115,66,-6.99001265
115,81,-7.10784674
115,19,-4.54591227
115,21,-6.98907852
115,3,-6.30448008
115,17,-7.18612051
115,46,-5.78947592
115,33,-6.37361908
115,53,-7.10808849
115,50,-6.83145714
115,12,-5.19476795
115,14,-6.47243690
115,67,-6.21084404
115,6,-6.61087990
115,95,-4.24211359
116,93,4.73920965
116,96,0.89777464
116,95,-2.77502799
116,58,-6.69182873
116,59,-5.26755142
116,94,-4.42899323
116,97,-4.91148043
116,90,-4.33484936
116,103,-6.47829437
116,64,-5.60467243
116,100,-5.17918491
116,69,-5.92549515
116,91,-6.79319620
116,3,-5.82033253
116,5,-4.59944582
116,75,-4.19881582
116,92,-6.23101473
116,99,-6.04541874
116,60,-5.96344948
116,18,-6.46855450
116,7,-4.55589056
116,6,-6.37181950
116,1,-6.60954762
116,57,-6.33692932
116,35,-5.02048063
116,50,-6.60070276
116,15,-7.08702421
116,63,-5.36201906
116,78,-7.12990570
116,86,-6.26908302
116,10,-6.22474957
116,98,-8.17345524
116,76,-4.07204914
116,71,-5.59482288
116,4,-7.36420918
116,16,-7.64931154
116,19,-5.77888584
116,70,-6.68406582
116,55,-7.72124767
116,73,-5.30357552
116,68,-6.74493313
116,104,-6.57336760
116,67,-6.93032122
116,2,-5.66750622
116,46,-6.06387615
116,9,-6.81534815
116,53,-6.25522900
116,31,-6.69052458
116,8,-5.10614824
116,61,-6.14111423
117,94,4.03788805
117,7,-4.10174036
117,99,-7.17378902
117,67,-5.10937643
117,63,-6.42239475
117,87,-6.55589437
117,93,-8.16308784
117,66,-7.63406658
117,96,-7.02297115
117,100,-8.56917000
117,50,-7.34850311
117,65,-4.81100225
117,68,-6.40845394
117,95,-6.41005611
117,59,-7.66385746
117,97,-7.35700703
117,5,-8.09267426
117,1,-8.18837833
117,32,-8.37254047
117,71,-6.27285337
117,27,-8.07806015
117,19,-8.77964401
117,62,-8.27722931
117,64,-8.52133656
117,29,-9.38587761
117,15,-6.62162018
117,52,-8.19980717
117,2,-8.51358032
117,31,-8.57490921
117,60,-7.86831570
117,10,-8.06570244
117,98,-8.37335682
117,57,-6.66898632
117,14,-8.63994503
117,6,-8.43708134
117,80,-9.23362541
117,88,-8.59607792
117,83,-8.04498196
117,4,-8.66931534
117,82,-9.45501423
117,28,-8.22027683
117,12,-7.55060959
117,11,-9.41119957
117,40,-9.81934357
117,20,-9.77802181
117,90,-9.32876396
117,78,-9.23033714
117,77,-9.51655197
117,86,-9.35848427
117,51,-8.37681007
118,95,-3.94296551
118,96,-6.80703449
118,93,-5.18940067
118,59,-6.71636295
118,94,-6.65667534
118,64,-9.05266380
118,7,-7.05431843
118,58,-8.93051529
118,60,-8.28662682
118,91,-9.81652451
118,57,-8.58600712
118,19,-9.40447140
118,70,-9.13347340
118,5,-10.07250118
118,68,-8.05458355
118,63,-8.68890095
118,92,-9.87609673
118,62,-9.48022175
118,15,-8.36241627
118,61,-9.46932220
118,3,-9.75966167
118,72,-9.67511559
118,32,-8.48369884
118,97,-9.79791832
118,6,-9.20870590
118,12,-9.45860767
118,65,-9.48812103
118,28,-9.88977623
118,100,-9.44385719
118,66,-9.18407154
118,26,-9.79736900
118,71,-9.29301834
118,52,-8.89814854
118,76,-9.27023506
118,103,-9.21037102
118,104,-9.66389656
118,1,-8.95094967
118,98,-10.01385880
118,47,-8.33753109
118,23,-10.12039375
118,29,-9.91606331
118,90,-9.97605133
118,4,-8.56896782
118,99,-9.72412872
118,74,-10.53402042
118,102,-9.94689941
118,10,-9.76268864
118,81,-10.44409752
118,34,-9.57168007
118,46,-8.99342728
119,95,4.73660946
119,96,-3.89394569
119,93,0.16922687
119,94,-3.68869424
119,64,-7.83289385
119,62,-8.33028221
119,91,-8.00695515
119,58,-6.48105288
119,5,-8.15838432
119,59,-5.57258892
119,63,-7.39261580
119,17,-8.47956944
119,29,-7.44151163
119,60,-7.97472477
119,61,-8.43337631
119,14,-6.78773499
119,89,-9.04796124
119,30,-7.37230301
119,70,-7.59340668
119,68,-6.35500669
119,74,-9.45341301
119,90,-7.93610477
119,23,-8.55903149
119,103,-4.22690201
119,31,-5.97528028
119,47,-6.57165813
119,46,-7.95219421
119,92,-8.20656967
119,6,-7.54579210
119,57,-5.95304441
119,100,-7.06947660
119,7,-8.07038116
119,98,-8.99480438
119,102,-8.97673416
119,19,-7.28086758
119,56,-8.81634617
119,4,-7.16393042
119,53,-9.42465210
119,9,-7.63973331
119,72,-7.73083925
119,26,-8.76147366
119,67,-7.04099083
119,104,-8.08872604
119,8,-8.65603256
119,97,-8.17627907
119,51,-8.13421631
119,40,-9.73938370
119,16,-7.41533184
119,34,-8.31885719
119,69,-8.97428131
120,93,-1.56349659
120,96,-3.14882708
120,95,-4.58590698
120,59,-5.38649702
120,94,-3.85480452
120,31,-6.70066452
120,58,-7.78385592
120,63,-5.05589771
120,64,-7.52250147
120,57,-6.65243053
120,97,-6.66523027
120,3,-7.83852005
120,19,-5.87639475
120,7,-7.08277655
120,66,-6.61476994
120,6,-7.05216837
120,91,-8.96043396
120,69,-9.11887550
120,85,-7.60596848
120,62,-7.09871197
120,92,-9.52550507
120,5,-4.34904480
120,49,-6.03189802
120,100,-8.55763340
120,10,-5.65015697
120,61,-8.59271717
120,67,-5.60085440
120,2,-4.24078369
120,33,-7.39364624
120,103,-7.77576160
120,81,-8.80091953
120,18,-8.69409657
120,68,-6.38156462
120,86,-9.05094719
120,9,-9.14020920
120,28,-8.73741722
120,23,-8.89637375
120,15,-7.78317356
120,1,-7.18320751
120,99,-8.28020287
120,60,-8.42132759
120,42,-8.50940609
120,90,-7.42535734
120,89,-9.76504135
120,12,-7.59625196
120,34,-8.05751801
120,88,-7.14873171
120,29,-9.26702499
120,46,-7.04204655
120,98,-8.60189629
121,97,-4.07563210
121,100,-4.07455397
121,98,-5.98093224
121,99,-5.18677425
121,94,-6.28238678
121,59,-7.34461355
121,96,-7.49372482
121,31,-7.03180313
121,7,-5.67999125
121,90,-7.87128067
121,10,-7.33042431
121,6,-7.60181189
121,93,-7.16613531
121,64,-8.48123264
121,71,-5.73977470
121,86,-8.41296387
121,81,-8.38411522
121,1,-7.78047562
121,57,-8.28764915
121,15,-8.17555618
121,63,-7.68441820
121,36,-9.07437325
121,19,-6.73862600
121,3,-6.67464542
121,8,-8.28282166
121,95,-8.02644920
121,78,-8.74993801
121,70,-6.62789536
121,60,-6.58184814
121,58,-8.78614998
121,91,-8.80123901
121,4,-8.76258087
121,28,-7.64935207
121,53,-9.47042274
121,66,-7.86607981
121,18,-8.03067970
121,68,-6.88600159
121,2,-7.94718456
121,56,-9.92493820
121,37,-9.12103081
121,103,-8.74775314
121,50,-7.69046831
121,75,-8.97202969
121,104,-7.65321064
121,30,-9.24872780
121,29,-8.43393326
121,5,-8.99095154
121,82,-8.43543434
121,33,-8.56341743
121,65,-6.48471117
122,97,0.02755500
122,98,-5.63592672
122,100,-5.38836765
122,99,-4.67515421
122,19,-3.18163157
122,7,-2.76579475
122,93,-4.25659752
122,94,-6.21181297
122,59,-4.67904615
122,95,-6.49705410
122,31,-6.11057186
122,63,-3.11152744
122,5,-5.06652069
122,57,-4.91302633
122,66,-7.08987808
122,49,-6.88769960
122,34,-5.70194817
122,15,-7.17129040
122,46,-5.95725250
122,3,-4.82578564
122,81,-9.10383034
122,68,-4.10910940
122,6,-8.24633694
122,85,-6.94036293
122,22,-4.68661785
122,67,-6.53500462
122,69,-7.69755316
122,4,-7.65675545
122,52,-7.09877586
122,96,-9.18965244
122,18,-4.92737293
122,65,-4.97495651
122,92,-8.57787418
122,104,-6.24633217
122,2,-7.19139671
122,86,-9.22313595
122,82,-9.30845547
122,1,-5.81105471
122,35,-7.59598970
122,9,-8.25003529
122,73,-8.67737293
122,75,-8.96729088
122,17,-9.39616394
122,29,-8.55245972
122,91,-9.20634747
122,10,-8.12171745
122,23,-9.39455223
122,64,-9.31024265
122,76,-8.48954868
122,88,-7.72506046
123,100,1.24037647
123,97,-8.43086624
123,94,-7.63798189
123,98,-6.54794312
123,7,-8.10055161
123,95,-8.32394695
123,99,-7.52876472
123,4,-9.52407265
123,5,-9.41844368
123,46,-9.31662273
123,68,-8.74771690
123,10,-10.40086937
123,19,-9.57468796
123,88,-10.10025597
123,102,-9.74555397
123,15,-9.80782223
123,63,-9.85345840
123,59,-9.02202225
123,82,-10.39786911
123,1,-9.67932510
123,6,-9.85134506
123,64,-10.56593323
123,96,-10.47956467
123,104,-9.84081841
123,81,-10.54701042
123,41,-10.42232895
123,31,-9.69837666
123,101,-10.27141476
123,93,-9.63646889
123,86,-10.16933155
123,92,-10.53502083
123,85,-10.04920197
123,37,-10.22043991
123,91,-9.65559483
123,23,-9.92493820
123,87,-9.64475441
123,3,-10.37647057
123,71,-10.27029610
123,90,-10.45244408
123,89,-10.20491791
123,103,-10.49629974
123,56,-11.01807785
123,40,-10.44847488
123,76,-10.36290550
123,8,-10.10680103
123,2,-9.83833694
123,35,-9.08848476
123,75,-10.76357841
123,47,-10.30602169
123,20,-10.71382618
124,97,-3.26882052
124,98,-2.50124168
124,100,-8.45980549
124,94,-5.95325422
124,70,-7.43609619
124,15,-9.19106770
124,99,-1.97599030
124,20,-9.26843834
124,60,-5.30435276
124,104,-4.39288425
124,31,-7.77646160
124,26,-9.17487907
124,102,-7.67711210
124,47,-9.35660458
124,23,-10.17481709
124,82,-8.93341064
124,81,-10.20905209
124,86,-9.78536797
124,96,-8.75095940
124,34,-8.82042217
124,6,-8.56489468
124,91,-9.20729446
124,46,-9.16749287
124,95,-8.62457085
124,45,-9.85216999
124,30,-8.41676521
124,33,-9.79305649
124,90,-8.91771793
124,12,-9.59259987
124,24,-10.05353832
124,21,-10.25597763
124,3,-9.74668217
124,63,-8.02531433
124,59,-9.09096718
124,27,-7.67129469
124,57,-7.41950321
124,72,-9.22988510
124,84,-9.77124977
124,4,-8.84224415
124,66,-9.29080391
124,35,-8.14036083
124,42,-9.86830139
124,83,-9.01919746
124,76,-9.36378956
124,64,-9.20705891
124,25,-8.58599663
124,1,-8.85546589
124,48,-9.91685486
124,53,-10.16376305
124,51,-8.37618732
125,99,-3.00910616
125,7,-5.56186485
125,94,-5.48556995
125,47,-6.62771988
125,59,-4.71948242
125,71,-7.11229658
125,100,-6.35590553
125,31,-8.33611488
125,2,-6.58104038
125,98,-5.74259996
125,97,-7.40497255
125,91,-9.07092857
125,82,-7.84731674
125,90,-7.18322086
125,66,-7.83283520
125,70,-7.88159561
125,46,-6.53743839
125,96,-8.49768448
125,10,-7.76456165
125,6,-7.67659283
125,93,-7.55825520
125,3,-7.13122892
125,34,-7.37571716
125,19,-7.49639893
125,5,-6.77013302
125,95,-7.73036671
125,86,-8.13820362
125,72,-9.57734776
125,42,-8.33779907
125,64,-9.13639450
125,15,-8.91191578
125,50,-8.10452843
125,76,-8.54697418
125,52,-8.58307266
125,33,-7.97076511
125,26,-7.57403040
125,36,-8.84545803
125,1,-7.84999371
125,57,-7.52739286
125,35,-7.38934708
125,58,-9.20007133
125,60,-8.92604923
125,18,-8.78529739
125,38,-8.49508095
125,49,-8.16178131
125,28,-8.96625328
125,63,-8.38598633
125,55,-9.28105259
125,45,-8.35525036
125,78,-8.45011997
126,101,0.99272746
126,102,-0.49360180
126,103,-1.67647803
126,104,-1.19250917
126,89,-8.97248650
126,13,-10.59640789
126,82,-10.44696426
126,41,-10.23775959
126,91,-10.31519413
126,37,-10.80698586
126,86,-10.35381889
126,46,-9.72181320
126,90,-9.73359489
126,47,-9.67484760
126,45,-10.05488300
126,9,-10.88359737
126,99,-9.12467003
126,92,-10.13949299
126,14,-10.54899311
126,39,-10.51034451
126,42,-10.00551605
126,20,-10.43827438
126,84,-10.72526932
126,43,-10.59460640
126,81,-10.61466122
126,17,-10.59287262
126,29,-10.65699005
126,66,-10.69110107
126,5,-10.96951485
126,44,-10.84776974
126,67,-10.87002945
126,21,-10.60175228
126,71,-10.36166859
126,72,-10.65129948
126,85,-10.39110184
126,15,-10.66990280
126,33,-10.68943214
126,36,-10.72315598
126,49,-10.83644581
126,30,-10.95455742
126,1,-10.83997440
126,55,-10.79727364
126,78,-10.47984123
126,73,-11.01260281
126,40,-10.66098213
126,69,-10.88317490
126,77,-11.01033688
126,97,-10.74550533
126,53,-11.06745052
126,10,-10.55497169
127,101,0.98308355
127,104,0.82403129
127,102,-1.10676491
127,103,-0.84121370
127,90,-4.63355350
127,89,-7.01941586
127,92,-6.03175974
127,91,-6.47258663
127,37,-7.28717041
127,13,-2.23220706
127,17,-7.88432503
127,36,-4.20288038
127,20,-7.45615435
127,45,-6.88356590
127,29,-6.21453953
127,43,-6.62888813
127,55,-6.60961628
127,9,-7.05345535
127,2,-6.05996084
127,40,-6.18506145
127,82,-7.17041969
127,8,-7.82507038
127,5,-7.88421726
127,86,-6.83111906
127,61,-6.82729673
127,78,-5.85397243
127,14,-6.73060751
127,49,-7.42865801
127,41,-7.83266544
127,39,-6.31635809
127,38,-6.21481609
127,85,-7.52114296
127,46,-6.91762161
127,30,-8.31237221
127,81,-7.06256437
127,15,-6.15840578
127,7,-7.65577507
127,48,-7.48082066
127,35,-6.74366283
127,42,-6.88707924
127,58,-8.43318462
127,33,-7.14354181
127,3,-7.84981203
127,4,-7.03355503
127,19,-7.37905073
127,44,-7.77327633
127,84,-7.74954653
127,99,-4.61372519
127,47,-6.15651703
127,31,-7.39032555
128,102,1.90946352
128,101,1.27448845
128,104,1.87738681
128,103,-1.44301128
128,86,-8.07504559
128,13,-1.62535763
128,82,-8.17736721
128,45,-6.79744148
128,47,-6.97531605
128,37,-9.31375122
128,36,-6.50699043
128,33,-8.81500626
128,84,-7.88732815
128,46,-8.51400948
128,96,-9.16315937
128,90,-7.59440231
128,17,-9.87374878
128,41,-7.70036888
128,10,-7.03525305
128,44,-9.61215878
128,43,-8.59912872
128,55,-9.41998291
128,39,-8.65998268
128,92,-8.41592216
128,42,-8.07596493
128,35,-8.87870979
128,5,-9.48424244
128,81,-9.03864479
128,91,-9.38280869
128,16,-9.62447739
128,8,-10.12052250
128,15,-9.07998466
128,9,-8.56854057
128,53,-9.45290947
128,49,-9.38615513
128,21,-9.29131508
128,20,-9.93099689
128,29,-9.52812672
128,14,-8.55513763
128,40,-9.53567028
128,18,-9.09955025
128,4,-9.40489578
128,26,-9.86447525
128,61,-9.60325909
128,54,-8.73722649
128,38,-8.47154236
128,7,-8.01003838
128,48,-8.49441814
128,95,-8.98725700
128,32,-9.34225368
129,104,4.91559887
129,102,0.54941076
129,103,2.05815005
129,101,1.60065436
129,86,-5.97250080
129,91,-5.48468637
129,90,-6.67594194
129,40,-8.30881310
129,81,-8.95450783
129,20,-8.84791374
129,37,-8.38271809
129,89,-8.27044296
129,17,-9.05027676
129,39,-6.85012817
129,46,-6.83737040
129,64,-8.22711563
129,15,-7.54078579
129,92,-9.33098507
129,36,-6.52868891
129,47,-8.29400826
129,34,-8.21966457
129,44,-9.48507977
129,60,-8.36598110
129,72,-7.69543934
129,43,-8.30075455
129,99,-5.86636114
129,45,-8.73038769
129,19,-7.72918081
129,63,-7.17470551
129,82,-8.79946518
129,56,-9.04752541
129,13,-4.72171593
129,52,-8.86669159
129,41,-9.45944977
129,78,-7.14605999
129,23,-8.97106552
129,10,-8.50766373
129,33,-8.76195908
129,32,-8.51795578
129,24,-9.09424591
129,12,-8.24411774
129,42,-9.20313740
129,21,-9.20808792
129,9,-9.33854485
129,18,-9.15940571
129,3,-8.62532425
129,7,-8.68426704
129,38,-8.41309071
129,70,-8.65702438
129,71,-7.14353561
130,103,2.88477373
130,102,-2.70746469
130,101,-3.65442085
130,90,-4.80880356
130,39,-7.96750307
130,104,-3.53491259
130,78,-7.41828871
130,20,-6.51651859
130,55,-9.22438049
130,1,-9.59278870
130,37,-10.32104874
130,86,-9.89929962
130,82,-10.01433945
130,14,-9.20182037
130,19,-9.54793739
130,43,-9.85794067
130,5,-9.48859787
130,88,-10.10900879
130,61,-9.74159718
130,91,-7.28780937
130,99,-6.99109364
130,96,-8.19995308
130,8,-10.22380257
130,60,-6.36234999
130,45,-9.92672920
130,83,-10.44008446
130,93,-9.27991295
130,51,-9.21575451
130,15,-9.75104237
130,40,-10.19245815
130,4,-10.21498966
130,29,-9.95628834
130,31,-9.67920876
130,38,-10.17015839
130,49,-10.25980473
130,17,-9.83245945
130,13,-9.29012489
130,30,-10.40139198
130,10,-9.89239216
130,89,-9.71596432
130,18,-10.41264629
130,47,-10.12833023
130,87,-10.39854622
130,71,-9.17408752
130,92,-9.19945335
130,67,-10.07869339
130,62,-9.95516968
130,80,-9.82735062
130,41,-10.78569603
130,35,-9.17769814
