hire_id,provider_id,ce_score
1,4,2.37665510
1,1,-2.27459979
1,11,-2.93175364
1,2,-4.19859171
1,88,-4.22250986
1,12,-6.64889431
1,82,-6.71975756
1,3,-4.98787642
1,22,-6.46093750
1,18,-7.38580322
1,34,-3.81431222
1,17,-8.12498474
1,35,-5.68010283
1,6,-6.47125387
1,50,-7.35954332
1,5,-5.74068308
1,20,-8.24633884
1,90,-8.07847023
1,87,-8.52883053
1,97,-6.51833630
1,7,-8.20714378
1,19,-6.74933147
1,25,-6.92282248
1,10,-7.88535261
1,27,-6.96492338
1,45,-6.78745127
1,63,-5.97258091
1,39,-7.16310072
1,81,-8.13149548
1,67,-6.15946054
1,31,-8.01766205
1,15,-8.18763161
1,26,-8.63119602
1,100,-6.99421406
1,8,-7.93700600
1,96,-9.08171654
1,49,-8.29944229
1,30,-7.10774422
1,38,-8.14608479
1,92,-8.79934216
1,33,-8.37782669
1,98,-6.75819111
1,29,-7.49006224
1,47,-7.12116337
1,14,-8.87141228
1,40,-8.75846100
1,52,-8.73859882
1,51,-8.64784145
1,46,-7.03831625
1,9,-9.08268261
2,2,-0.29543117
2,6,-4.37498379
2,3,-4.80543566
2,31,-7.36968660
2,10,-6.09595633
2,4,-6.40466309
2,22,-7.48964214
2,7,-5.68794441
2,19,-6.79630470
2,12,-6.93747997
2,18,-7.50033426
2,11,-7.17907047
2,34,-7.20822048
2,25,-6.85193682
2,1,-5.63429880
2,32,-8.08450413
2,24,-8.63189411
2,28,-6.20598507
2,85,-7.16982412
2,9,-8.25744247
2,82,-8.29081249
2,49,-8.21059895
2,30,-8.54652214
2,97,-7.21760130
2,5,-7.22344732
2,29,-8.10874081
2,78,-8.02233028
2,33,-8.22311783
2,58,-8.62709904
2,27,-7.07404947
2,50,-7.63049603
2,86,-8.04880714
2,88,-7.65139008
2,66,-8.36951160
2,81,-6.99291754
2,64,-8.88933563
2,8,-8.79386234
2,20,-8.66710663
2,37,-7.92817450
2,16,-8.04731464
2,47,-8.07129765
2,48,-8.15764332
2,46,-7.63741398
2,84,-8.13556862
2,17,-8.15017319
2,36,-8.54789257
2,94,-7.99806213
2,26,-8.44584370
2,92,-8.80361652
2,57,-8.29968739
3,1,0.05081082
3,4,-1.84862351
3,3,-1.09499466
3,50,-5.55572319
3,6,-4.41802168
3,2,-4.22043610
3,92,-8.16719532
3,70,-6.27660704
3,12,-4.85598707
3,18,-8.48023605
3,19,-6.60450077
3,24,-7.83550358
3,58,-9.08522320
3,57,-3.54336524
3,69,-7.70925093
3,60,-6.79076862
3,22,-5.34875774
3,9,-9.25131416
3,40,-8.46156216
3,90,-9.28090191
3,71,-6.26465845
3,11,-7.82782888
3,10,-8.64092731
3,91,-8.85976696
3,59,-6.87301159
3,5,-4.83671808
3,31,-8.03551960
3,29,-7.70025396
3,42,-9.18577957
3,15,-7.41696978
3,38,-9.64249706
3,20,-8.99058533
3,17,-9.29327011
3,63,-5.81455803
3,49,-8.42636585
3,64,-9.10617447
3,32,-8.07158279
3,87,-8.45626354
3,30,-8.87983131
3,61,-9.80737495
3,33,-9.57325268
3,67,-6.91882706
3,96,-9.13049698
3,44,-8.93054581
3,102,-9.48213577
3,93,-7.59458876
3,51,-8.44733047
3,55,-9.69326591
3,47,-8.18137741
3,34,-7.45565224
4,4,2.48322439
4,1,1.85034907
4,3,2.97084594
4,2,-2.17530823
4,18,-4.14114857
4,47,-2.24934340
4,31,-5.56627369
4,82,-5.19425106
4,22,-2.88308382
4,12,-6.14409065
4,11,-2.63714123
4,6,-3.30338669
4,19,-2.88721156
4,92,-6.90721798
4,23,-5.48560572
4,17,-6.60961390
4,72,-7.64469528
4,90,-6.00390244
4,45,-5.21102524
4,50,-5.68174696
4,37,-8.03236294
4,30,-8.03228474
4,39,-6.45578432
4,10,-6.19484901
4,29,-6.67143059
4,86,-7.33634377
4,46,-5.85911274
4,36,-6.59567595
4,60,-5.86439037
4,44,-8.71744633
4,27,-7.08308125
4,34,-5.72680092
4,8,-6.37554598
4,81,-6.80906487
4,7,-4.88776827
4,95,-8.17165661
4,104,-8.13120937
4,5,-4.48586273
4,33,-6.76875210
4,35,-6.68309689
4,71,-4.20189333
4,96,-7.56718063
4,20,-7.78880215
4,68,-7.75602055
4,32,-7.37019730
4,67,-5.56132603
4,91,-7.90134668
4,85,-7.10159302
4,24,-7.34137201
4,83,-5.77732944
5,3,-0.70730388
5,2,-3.50181532
5,18,-6.07115412
5,4,-6.44460106
5,1,-5.34573269
5,10,-6.45621204
5,12,-6.02665472
5,24,-7.92508554
5,6,-6.81890678
5,50,-6.56406736
5,31,-8.74273968
5,82,-6.16242075
5,45,-6.35498762
5,34,-6.06166267
5,49,-7.22587633
5,19,-7.59416437
5,17,-8.89408875
5,33,-7.10370016
5,60,-8.22575474
5,36,-7.36065960
5,40,-8.52623081
5,5,-7.52230501
5,58,-9.58723831
5,92,-9.02571201
5,7,-7.99197817
5,20,-9.71639633
5,35,-6.02580595
5,81,-8.06960869
5,70,-8.52602577
5,91,-9.49020290
5,47,-7.83140135
5,21,-7.52788401
5,22,-6.47810793
5,48,-8.39412689
5,69,-9.75147629
5,71,-8.10921192
5,86,-8.15878201
5,46,-6.80404234
5,42,-8.82231903
5,53,-10.15874290
5,9,-8.98325062
5,96,-9.57218361
5,98,-8.87320805
5,97,-9.33857918
5,23,-8.26989937
5,38,-8.40373325
5,37,-9.41372299
5,94,-9.09990883
5,57,-9.13162422
5,64,-9.29428482
6,6,2.84074759
6,7,-1.87941003
6,5,1.63253653
6,8,-4.42401886
6,32,-3.63413239
6,30,-5.09838820
6,19,-4.39108467
6,28,-4.95991230
6,29,-3.92305017
6,31,-6.84425926
6,2,-6.25859547
6,3,-7.14081955
6,35,-6.41180754
6,20,-6.13818264
6,96,-8.75701427
6,22,-7.88876820
6,17,-6.93998146
6,85,-7.01365232
6,12,-8.71486759
6,65,-4.19002438
6,1,-8.34489155
6,86,-8.31024742
6,4,-8.49404621
6,25,-8.13020420
6,24,-9.99820900
6,18,-9.36352444
6,76,-8.93668747
6,15,-8.35968685
6,48,-9.70860672
6,64,-10.20700550
6,47,-9.87292480
6,33,-9.14758682
6,9,-9.69787216
6,34,-8.48685074
6,27,-8.13269424
6,52,-8.30719662
6,69,-9.12465477
6,11,-8.04718494
6,78,-8.75740528
6,40,-10.08365726
6,10,-8.78460407
6,97,-8.41627121
6,93,-8.73436260
6,71,-5.99141550
6,72,-10.32539940
6,16,-9.11622620
6,68,-9.48178768
6,23,-10.27859116
6,94,-8.00113487
6,36,-10.34477711
7,7,1.94459200
7,6,-0.28598219
7,5,0.75972289
7,8,-1.27678812
7,19,-0.43053359
7,31,-4.84788942
7,22,-3.72058988
7,3,-1.58265531
7,96,-4.48168564
7,59,-3.48552895
7,17,-6.95785522
7,18,-6.18648338
7,46,-4.85703993
7,86,-6.43526983
7,10,-6.07040739
7,12,-6.76452351
7,1,-2.34845233
7,2,-6.97998619
7,81,-8.20021439
7,21,-5.86385775
7,4,-6.96539116
7,93,-3.87790585
7,57,-2.90544486
7,94,-5.65694952
7,29,-6.97906923
7,26,-7.96593428
7,71,-3.08790827
7,89,-8.09881401
7,97,-5.31973743
7,63,-5.06613684
7,33,-8.37447643
7,28,-6.81844950
7,36,-7.14830065
7,64,-7.51648712
7,69,-6.12056255
7,34,-8.14855766
7,60,-7.38571501
7,47,-8.00776577
7,42,-8.02300549
7,44,-8.55270290
7,20,-8.88472176
7,90,-7.50829458
7,70,-6.16153049
7,30,-9.19424343
7,45,-8.77677155
7,82,-8.78989887
7,48,-8.37659359
7,50,-7.46972132
7,95,-6.58914137
7,85,-7.52771521
8,8,5.54638577
8,5,0.96913105
8,7,-2.18387961
8,6,-1.30351734
8,17,-6.48566532
8,58,-3.64648962
8,37,-5.64258480
8,18,-4.61296654
8,23,-9.35436058
8,73,-6.01401567
8,26,-7.21587372
8,29,-2.75371099
8,30,-7.21065617
8,89,-7.63082933
8,66,-4.25770807
8,9,-7.00517511
8,36,-9.68994999
8,25,-7.08690739
8,12,-8.67243004
8,33,-9.81349087
8,53,-9.05804825
8,52,-9.95497322
8,92,-9.03038025
8,69,-9.08194923
8,21,-8.21303749
8,3,-9.26747894
8,10,-8.16859055
8,14,-8.70398140
8,75,-8.33116341
8,31,-7.89371490
8,44,-10.07672215
8,22,-9.15640831
8,47,-8.58762550
8,42,-9.51910973
8,82,-10.08960247
8,2,-9.32449436
8,49,-9.01933670
8,54,-9.34273529
8,95,-9.00399208
8,4,-9.87780285
8,86,-9.63572121
8,50,-9.76709175
8,32,-9.41168118
8,101,-10.24583626
8,35,-8.74036217
8,78,-8.55783081
8,74,-8.62399673
8,68,-9.78647995
8,81,-9.98301125
8,28,-6.27231741
9,6,1.97696412
9,25,-0.59071249
9,29,-2.03425264
9,28,-1.18776262
9,26,-5.42772484
9,31,-5.46398258
9,86,-4.99050617
9,46,-6.12241077
9,5,-4.16410637
9,30,-5.74643421
9,42,-8.69945431
9,27,-4.57291317
9,17,-8.00841331
9,2,-6.55898714
9,63,-6.48341084
9,72,-8.27427673
9,19,-5.73850727
9,82,-7.66440773
9,8,-4.74042988
9,96,-7.71432400
9,7,-5.81396294
9,16,-5.87728643
9,88,-6.42853022
9,3,-8.29231644
9,9,-8.29584980
9,4,-6.63721657
9,95,-6.93583679
9,51,-7.28950119
9,91,-7.61441231
9,69,-6.52550793
9,58,-8.74893475
9,22,-7.24219179
9,74,-8.50969410
9,94,-6.01027155
9,53,-10.02413273
9,14,-7.79337692
9,1,-6.43911171
9,85,-6.16772699
9,13,-8.65064335
9,54,-9.53290272
9,33,-7.33398199
9,92,-8.75027943
9,21,-7.59993267
9,23,-8.75890923
9,48,-8.91700459
9,10,-7.97253036
9,34,-5.73184586
9,41,-9.25926590
9,37,-9.00881290
9,52,-9.13098431
10,6,2.66620541
10,5,-0.56936759
10,18,-3.15861678
10,7,-8.00502491
10,8,-9.01156521
10,22,-6.53265762
10,1,-7.39180708
10,31,-8.38861465
10,30,-7.45370483
10,2,-8.55778408
10,36,-9.47004032
10,4,-8.09801483
10,20,-9.19285488
10,3,-6.35903740
10,17,-8.51690578
10,89,-9.43801212
10,46,-7.49353981
10,12,-8.85826111
10,59,-8.43699551
10,29,-7.13707972
10,44,-10.19706631
10,32,-8.28247738
10,42,-9.86357498
10,27,-8.46564484
10,33,-9.94063759
10,58,-10.46604729
10,21,-10.04278755
10,92,-10.62307835
10,81,-9.17334652
10,68,-9.65070057
10,48,-10.36715317
10,19,-8.39353466
10,50,-9.25697327
10,26,-9.97169399
10,49,-9.93900394
10,9,-10.11326981
10,53,-10.79286671
10,64,-10.28072643
10,90,-10.29240513
10,88,-10.07672119
10,75,-10.56851292
10,96,-10.40644932
10,43,-9.49531746
10,28,-9.49774647
10,86,-10.27586174
10,25,-9.53228092
10,77,-10.61695862
10,63,-7.98269844
10,57,-7.87332821
10,37,-10.61214161
11,10,1.94980681
11,12,-5.26268721
11,9,-4.16826725
11,15,-7.44333124
11,4,-1.57777452
11,2,-6.58424664
11,11,0.81615442
11,1,-5.31902266
11,88,-4.89108706
11,49,-9.04713154
11,50,-7.57113981
11,34,-8.45911694
11,35,-9.06188488
11,40,-8.25963974
11,29,-9.45793152
11,14,-7.61002207
11,3,-8.34953213
11,92,-9.92143154
11,52,-8.79363251
11,38,-8.95999432
11,58,-10.12309551
11,20,-9.59195614
11,69,-9.95994282
11,13,-7.53541088
11,31,-9.84350872
11,36,-9.17872906
11,70,-9.93007183
11,16,-7.55707121
11,5,-8.77161694
11,97,-9.68178463
11,45,-8.63273144
11,19,-8.86182117
11,22,-8.96137524
11,60,-10.04006958
11,39,-7.66074133
11,53,-10.41117382
11,77,-10.39575100
11,51,-9.47500134
11,33,-9.38712788
11,86,-9.64343643
11,24,-9.94634533
11,6,-9.35292339
11,23,-9.35340405
11,18,-9.92779350
11,54,-10.18274403
11,30,-10.02956867
11,48,-9.06043434
11,7,-9.22876072
11,104,-9.82421112
11,17,-9.53962517
12,10,3.42771125
12,9,2.36869812
12,12,0.18836775
12,24,-7.46931553
12,17,-9.34148026
12,11,-7.43877268
12,66,-6.00782871
12,2,-2.12003016
12,6,-7.96861935
12,3,-8.40315533
12,22,-7.81732368
12,58,-9.10336113
12,31,-9.35271645
12,4,-10.05796814
12,43,-7.88445473
12,1,-5.97743845
12,40,-9.52247620
12,33,-9.36557770
12,41,-6.56539011
12,15,-7.35167217
12,18,-9.77745819
12,29,-10.55027008
12,13,-7.80853176
12,69,-10.25927162
12,95,-9.12603951
12,81,-9.79374599
12,89,-10.29105949
12,78,-9.30474663
12,8,-10.14743519
12,49,-8.44412804
12,20,-10.30269527
12,92,-10.05015755
12,19,-8.77388191
12,34,-8.82979584
12,91,-10.29128456
12,37,-9.68218231
12,7,-9.74737072
12,21,-9.44082355
12,5,-9.44476604
12,54,-9.85544968
12,42,-8.06547928
12,45,-9.38053322
12,73,-10.56260014
12,86,-9.38270950
12,47,-8.90989780
12,46,-8.15351486
12,44,-10.24750710
12,39,-8.82929897
12,36,-9.66420746
12,50,-8.24575424
13,11,4.19509840
13,10,-1.61186373
13,4,-2.45557618
13,12,-4.80887651
13,50,-6.52100229
13,2,-3.58008432
13,22,-7.53501606
13,9,-4.88595104
13,36,-7.97905731
13,82,-8.78521061
13,3,-6.60914230
13,1,-6.24594688
13,7,-8.99950886
13,15,-8.96208286
13,34,-7.69407654
13,90,-6.46312046
13,61,-8.98412323
13,31,-9.47944164
13,14,-8.82129765
13,19,-8.80642986
13,87,-8.16915417
13,8,-9.74772167
13,32,-9.42185593
13,29,-9.52834320
13,47,-8.39160633
13,92,-7.89932919
13,88,-8.96096516
13,30,-9.71676064
13,39,-8.28176403
13,52,-9.50410652
13,23,-9.75155449
13,41,-9.80903625
13,18,-9.69000530
13,64,-9.29854679
13,81,-8.94457722
13,49,-9.52590275
13,37,-9.68894482
13,6,-7.32589531
13,26,-9.10459805
13,86,-9.28536415
13,38,-7.62499714
13,33,-8.63397980
13,74,-9.67154503
13,96,-9.32638168
13,83,-7.88640499
13,102,-9.27439117
13,103,-9.46722031
13,55,-10.13057327
13,46,-8.34608555
13,21,-9.15144348
14,12,5.25764656
14,10,-0.67311132
14,11,0.00421920
14,24,-4.38796902
14,2,-2.97335958
14,22,-5.19392300
14,18,-8.88863659
14,9,-4.88148117
14,3,-6.82719231
14,15,-4.62328720
14,70,-4.53740120
14,44,-9.53534126
14,31,-6.97974968
14,4,-6.63949823
14,40,-9.01101971
14,13,-4.43093300
14,50,-8.08889103
14,19,-7.44853115
14,49,-6.86120224
14,8,-7.57136965
14,51,-5.76279259
14,1,-7.89234447
14,20,-9.88878155
14,47,-6.68617868
14,34,-8.75639820
14,29,-8.94885921
14,36,-8.95031357
14,32,-9.37850666
14,86,-8.81176662
14,45,-9.46845627
14,104,-8.71284866
14,30,-9.49545574
14,61,-9.16010380
14,35,-6.07208776
14,52,-8.42102242
14,48,-9.68402100
14,43,-9.90465641
14,7,-8.35840988
14,33,-9.32262421
14,82,-9.56906891
14,23,-9.59778309
14,17,-9.80458546
14,57,-7.61262035
14,68,-5.45437241
14,59,-9.35504246
14,58,-9.84804249
14,92,-9.74593258
14,39,-9.31155300
14,6,-8.93136501
14,62,-8.36849689
15,10,-0.36875427
15,12,-4.43234158
15,9,-4.58180285
15,15,-5.52347517
15,29,-9.28037262
15,31,-6.31724787
15,52,-7.41132784
15,50,-7.63409376
15,92,-9.11896229
15,17,-9.32735348
15,4,-9.39180756
15,1,-7.45928144
15,18,-9.18650436
15,2,-7.50283861
15,3,-7.72133970
15,11,-8.10400867
15,14,-6.99429464
15,58,-9.53104782
15,35,-9.50973988
15,96,-9.73555088
15,45,-9.29454041
15,69,-9.80030727
15,49,-8.63634014
15,70,-9.48100185
15,66,-9.15757656
15,30,-9.81598377
15,47,-8.07959270
15,60,-8.95977592
15,91,-9.75590038
15,16,-6.57136440
15,48,-9.44936562
15,13,-6.64447737
15,19,-7.75013304
15,97,-9.27545452
15,6,-8.98481560
15,44,-9.83864021
15,86,-9.82975960
15,36,-9.41049480
15,38,-9.94704819
15,33,-9.80460644
15,40,-9.77463436
15,57,-9.30896664
15,22,-8.91611767
15,32,-9.20961475
15,37,-9.33941078
15,21,-9.24588585
15,39,-8.21667004
15,24,-10.19501972
15,82,-9.39898777
15,54,-10.11526585
16,15,2.08849311
16,16,1.67314398
16,13,0.51984233
16,14,1.60378826
16,51,-3.15378761
16,52,-4.87366390
16,50,-3.16635394
16,35,-4.71275806
16,72,-7.92988157
16,12,-6.65956306
16,29,-7.17644167
16,32,-8.14052963
16,49,-4.37287712
16,86,-8.43800354
16,87,-7.52179956
16,6,-6.89960337
16,28,-7.01741314
16,11,-7.82350874
16,60,-6.25508451
16,33,-7.93471050
16,91,-8.94837189
16,4,-7.90133572
16,70,-7.80675030
16,96,-8.48949432
16,67,-8.46590805
16,94,-8.98758316
16,30,-8.10721779
16,20,-9.01147079
16,5,-8.10914803
16,102,-8.86017990
16,8,-8.24520111
16,68,-8.91416836
16,40,-8.29471207
16,26,-9.14193726
16,1,-7.94533253
16,71,-5.50427914
16,55,-8.86711502
16,83,-8.16237640
16,34,-8.33338642
16,39,-8.01884937
16,46,-7.78373194
16,61,-8.30691528
16,66,-9.05343628
16,10,-8.33271694
16,69,-8.98060608
16,92,-9.12124729
16,18,-9.52899361
16,64,-8.34880829
16,27,-8.17912292
16,54,-9.23786640
17,13,4.20817375
17,15,2.80456734
17,51,3.97514343
17,70,1.27005446
17,50,-1.81763577
17,14,-1.75677383
17,49,-3.17166209
17,52,-2.57181883
17,31,-4.66659164
17,39,-6.49125814
17,78,-6.37532330
17,12,-4.13366842
17,32,-8.32328796
17,61,-7.92507076
17,30,-8.87349987
17,20,-8.64173889
17,8,-2.62988901
17,29,-8.14503670
17,90,-5.86793280
17,55,-8.18245983
17,16,-1.12818849
17,19,-6.78643656
17,91,-6.71486282
17,10,-7.05265236
17,40,-8.67297459
17,86,-8.61302757
17,64,-7.92524958
17,62,-8.17658329
17,88,-6.80454016
17,4,-5.86642551
17,48,-8.49373341
17,43,-7.64410019
17,57,-7.43161201
17,6,-7.12042904
17,35,-5.12602139
17,33,-8.40351105
17,11,-7.92125797
17,59,-8.73160076
17,26,-7.99540281
17,87,-6.93750906
17,7,-7.65892839
17,18,-8.45430088
17,82,-7.55979586
17,17,-8.81798458
17,47,-6.84491777
17,68,-5.67705631
17,85,-5.98140097
17,1,-3.78384948
17,25,-6.75504351
17,9,-8.38671017
18,14,2.66180754
18,16,1.25731552
18,13,2.97707105
18,15,-0.69195640
18,51,-0.75047499
18,11,-7.31605005
18,50,-2.04178786
18,52,-3.26402187
18,49,-2.80130100
18,29,-7.57940722
18,74,-6.96268702
18,40,-8.65959549
18,4,-8.57019806
18,39,-7.92014599
18,87,-8.21664238
18,30,-7.44872808
18,94,-8.16945267
18,35,-5.12100983
18,10,-7.03976011
18,2,-8.11294270
18,62,-9.60662079
18,68,-9.40695286
18,9,-8.44128418
18,5,-7.77136374
18,1,-8.44085693
18,54,-9.27864170
18,27,-6.63120317
18,55,-9.05058289
18,20,-9.45892334
18,6,-7.19555712
18,12,-8.69394588
18,38,-8.64216614
18,43,-7.86734247
18,88,-8.88402748
18,78,-8.59210014
18,37,-9.45864582
18,67,-8.51553535
18,81,-8.72327232
18,7,-8.63728333
18,70,-9.14811325
18,80,-9.68134308
18,71,-8.34577560
18,64,-9.41652298
18,91,-9.35801411
18,72,-9.55631256
18,82,-9.09958458
18,90,-8.96061516
18,86,-8.94201946
18,104,-8.68053055
18,83,-6.05045652
19,16,5.32852077
19,14,0.97250426
19,51,-1.28885889
19,13,0.33703420
19,15,-0.92138964
19,50,-2.09738684
19,52,-3.73556209
19,55,-9.80745316
19,60,-6.12486124
19,49,-4.80415010
19,11,-9.55655384
19,53,-10.21334171
19,78,-8.14495182
19,6,-6.36116695
19,29,-8.56077766
19,86,-9.75768471
19,30,-7.93632603
19,7,-9.57873440
19,37,-9.68766785
19,85,-9.34270191
19,64,-9.27199745
19,35,-7.31215906
19,90,-9.01699638
19,31,-8.49674797
19,82,-8.78423214
19,4,-9.15421772
19,2,-8.08307266
19,28,-7.53059149
19,10,-8.48285580
19,87,-8.91760731
19,32,-9.96984577
19,5,-8.58805370
19,92,-9.04909801
19,88,-9.00473690
19,54,-10.00389767
19,39,-8.46927834
19,74,-7.38339329
19,27,-7.84282303
19,65,-8.99171734
19,8,-9.66070366
19,61,-9.45188808
19,70,-9.67353153
19,12,-9.41116905
19,76,-7.47669840
19,36,-8.79734516
19,96,-9.89538574
19,83,-7.88792038
19,72,-9.83977222
19,22,-7.21341038
19,40,-9.98648167
20,14,2.49329424
20,15,1.52262855
20,13,-0.01065925
20,39,-4.59213352
20,16,-1.38478363
20,51,-1.27519667
20,50,-3.38780761
20,78,-3.14355612
20,9,-7.56022549
20,55,-6.42750502
20,52,-4.99683952
20,35,-6.40209770
20,4,-9.02213478
20,12,-7.71529675
20,40,-8.24719429
20,33,-9.11372566
20,49,-5.39905214
20,10,-7.42546177
20,47,-6.62888050
20,43,-6.36420250
20,6,-8.42255306
20,5,-8.77234554
20,29,-8.60902309
20,26,-9.13119984
20,92,-8.63986492
20,80,-6.67385721
20,94,-8.71083927
20,90,-7.63820601
20,1,-8.24435806
20,53,-9.49297810
20,82,-8.20810509
20,30,-8.51946640
20,86,-9.04161263
20,18,-9.61502457
20,61,-8.58995819
20,69,-9.31534576
20,67,-8.51004887
20,22,-8.16576004
20,37,-9.02499485
20,38,-8.47986507
20,54,-8.85488892
20,89,-8.05942917
20,41,-8.01644325
20,95,-9.13417149
20,76,-8.15636063
20,17,-9.30847549
20,34,-8.61015320
20,20,-9.47814751
20,28,-8.95558643
20,45,-8.83990192
21,17,4.57575512
21,18,3.06638646
21,20,1.18913162
21,19,0.94569045
21,48,-3.15977144
21,45,-2.52078319
21,58,-4.06866550
21,82,-6.13104820
21,47,-5.23712254
21,22,-3.81227517
21,24,-4.46775913
21,37,-7.06451416
21,23,-7.16481304
21,92,-9.46877384
21,8,-5.54504061
21,86,-8.85956192
21,33,-7.82089472
21,21,-7.69609594
21,81,-8.37263489
21,12,-7.98457098
21,66,-7.75003958
21,69,-9.35802364
21,29,-7.52410984
21,46,-7.74740696
21,35,-7.49066448
21,3,-7.00534678
21,6,-8.01818371
21,72,-10.60747051
21,26,-9.48326492
21,2,-9.21438694
21,44,-10.09645367
21,104,-9.16316605
21,10,-8.63749027
21,30,-9.13783932
21,53,-10.41561127
21,51,-9.58435535
21,55,-10.43433094
21,9,-9.85131550
21,38,-8.93479252
21,43,-8.40639210
21,5,-8.88531685
21,1,-7.27752066
21,36,-7.06713867
21,4,-8.80709076
21,78,-8.98686886
21,88,-8.54701233
21,34,-7.88661385
21,89,-9.69600964
21,96,-10.24185181
21,79,-9.60975552
22,18,5.86461115
22,6,-1.82924426
22,3,-3.35373354
22,17,-3.45395684
22,12,-7.43809080
22,29,-7.58120108
22,7,-7.04789448
22,19,-6.37647295
22,50,-5.89745188
22,1,-7.71986008
22,4,-7.71789026
22,2,-8.27521038
22,96,-8.82478333
22,10,-7.90340185
22,58,-8.45744133
22,66,-7.66550493
22,8,-7.36108351
22,5,-8.27106762
22,60,-8.05629349
22,36,-7.64621735
22,81,-8.40753460
22,24,-9.23066998
22,26,-9.73587608
22,16,-8.79028606
22,33,-7.14278269
22,45,-6.20628929
22,44,-9.37780094
22,31,-6.96764421
22,34,-7.90657854
22,37,-8.27564907
22,22,-7.82059574
22,71,-7.16352129
22,47,-8.86422729
22,82,-8.83139324
22,64,-8.62670612
22,9,-8.89532280
22,40,-9.36095905
22,59,-7.34249830
22,86,-9.07338524
22,35,-8.48579025
22,78,-8.51596165
22,20,-9.62404442
22,69,-9.03442574
22,30,-7.13513851
22,48,-8.95488167
22,92,-9.79033947
22,32,-7.80758429
22,43,-9.32497215
22,55,-9.89831448
22,90,-8.92154217
23,19,5.74917316
23,7,-2.90049291
23,17,0.23070320
23,1,-2.93899846
23,3,-1.92561316
23,31,-5.16710186
23,20,-3.78836441
23,5,-3.12302876
23,4,-5.56342030
23,96,-6.76743460
23,94,-7.52253580
23,6,-4.32284784
23,63,-6.22195768
23,92,-7.72120047
23,18,-2.65228009
23,10,-5.23921871
23,2,-5.44548321
23,100,-7.67254257
23,86,-6.41236973
23,81,-6.69954967
23,8,-7.47764635
23,59,-6.90332890
23,22,-3.65200543
23,21,-5.80349827
23,72,-8.53396416
23,37,-7.87641191
23,24,-6.37230301
23,51,-8.22430515
23,29,-7.34951878
23,78,-9.48331928
23,71,-6.29848766
23,82,-6.79407978
23,97,-7.54669189
23,28,-7.76920223
23,64,-9.71903324
23,93,-7.25167656
23,48,-6.97343349
23,15,-8.19330025
23,85,-6.08765841
23,23,-7.32570791
23,70,-9.08966160
23,33,-7.80719805
23,50,-8.89417744
23,69,-6.89877510
23,11,-8.29227734
23,68,-8.02186584
23,45,-6.27038574
23,32,-9.67250919
23,30,-9.60083675
23,60,-9.57808304
24,20,6.41165972
24,17,3.10043645
24,19,-3.37106276
24,18,-3.83167267
24,30,-5.53978109
24,48,-4.98057413
24,45,-4.74315453
24,32,-5.91715145
24,29,-4.71208763
24,24,-5.78140879
24,37,-7.23531866
24,33,-5.68967104
24,86,-8.60194588
24,23,-6.70262957
24,40,-5.23760176
24,58,-5.32441044
24,92,-8.84008503
24,81,-7.85493183
24,78,-7.01624680
24,82,-7.26512003
24,39,-5.84540129
24,31,-8.89834595
24,47,-7.03988695
24,22,-6.55081320
24,38,-6.30357790
24,44,-8.98007202
24,104,-7.77482033
24,6,-7.85036516
24,72,-9.68322277
24,12,-7.77504110
24,5,-7.65725088
24,8,-8.81791592
24,35,-6.07917070
24,53,-9.22652054
24,64,-8.53303719
24,56,-8.11952591
24,21,-8.35126400
24,102,-8.69239712
24,69,-8.89816570
24,3,-8.21312904
24,51,-8.42365551
24,55,-8.71599388
24,43,-8.28867245
24,88,-6.47296095
24,49,-9.17406654
24,80,-8.43217373
24,46,-8.24112606
24,91,-8.55949879
24,7,-9.63686275
24,2,-9.15924644
25,17,3.37761998
25,19,3.50165725
25,20,-2.40057707
25,8,-2.33924747
25,92,-5.44521236
25,37,-5.70801878
25,23,-5.23314953
25,29,-4.37792921
25,69,-3.79881072
25,22,-3.87666702
25,96,-3.62244296
25,86,-3.83489323
25,30,-7.93887568
25,5,-2.63478732
25,31,-5.05026150
25,89,-5.76594114
25,48,-5.33590317
25,58,-5.04730034
25,18,-5.39393425
25,24,-5.29585409
25,45,-5.68997955
25,72,-6.77927160
25,33,-6.66461658
25,7,-3.95378780
25,12,-6.49970341
25,9,-6.92897415
25,6,-7.22694445
25,91,-5.90766430
25,66,-5.87956333
25,21,-3.30265236
25,53,-8.45392799
25,88,-7.20597315
25,95,-4.73204994
25,82,-6.75581741
25,94,-4.04229450
25,3,-6.55003262
25,4,-6.73915386
25,40,-7.41338825
25,28,-6.98561573
25,26,-8.44368362
25,81,-7.33649206
25,36,-6.35061598
25,85,-5.91080093
25,51,-7.40553904
25,32,-7.85725498
25,102,-7.72511339
25,73,-8.61084461
25,39,-6.79674196
25,2,-6.19275665
25,42,-8.21563816
26,21,4.86946583
26,22,3.59514046
26,23,0.20816034
26,24,-0.95353931
26,45,0.63031840
26,33,-0.58198452
26,47,-1.16242456
26,18,-5.50543356
26,3,-6.46857405
26,34,-0.89124465
26,19,-5.59243536
26,82,-3.89192271
26,36,-2.68176937
26,46,-2.78705621
26,20,-7.34917355
26,37,-6.62851858
26,48,-5.44445705
26,17,-6.53293705
26,35,-4.39874744
26,8,-6.75894070
26,6,-4.85634184
26,81,-5.84895849
26,40,-7.82594109
26,92,-7.29816866
26,98,-7.35236597
26,41,-7.32952690
26,5,-5.97460699
26,101,-8.68512917
26,72,-8.15074062
26,7,-7.20265150
26,2,-6.35868502
26,15,-8.96960163
26,12,-7.61650896
26,26,-7.40456581
26,84,-6.66702414
26,4,-7.50233841
26,32,-8.57360458
26,69,-8.76275539
26,86,-8.87451839
26,31,-8.15651321
26,10,-7.74366140
26,75,-8.21295452
26,1,-7.65960503
26,71,-7.43735600
26,59,-8.91959572
26,25,-6.88361931
26,53,-9.02891254
26,91,-8.33736515
26,97,-7.66100359
26,58,-8.92364311
27,23,4.06400490
27,21,-0.87585360
27,24,-5.63861561
27,82,-6.00142336
27,22,-0.75687468
27,81,-7.21867132
27,37,-7.15522909
27,45,-4.24677420
27,46,-6.66829109
27,84,-6.86910772
27,17,-8.97590446
27,40,-7.78637362
27,89,-8.28877354
27,18,-8.74001217
27,92,-9.13759041
27,96,-9.92559528
27,47,-7.79723835
27,72,-10.60966301
27,36,-8.65808105
27,38,-7.79280949
27,2,-9.29208565
27,91,-9.16662598
27,20,-9.74489975
27,8,-9.55649662
27,7,-9.54160881
27,48,-8.41359234
27,12,-9.66247940
27,10,-9.40672302
27,3,-9.42305565
27,19,-8.85576630
27,33,-8.17333508
27,59,-10.09938622
27,15,-10.13609123
27,34,-6.48017836
27,9,-9.71155357
27,4,-9.13351059
27,39,-7.86108065
27,52,-10.28564453
27,58,-10.26882267
27,44,-9.60994339
27,69,-10.25595570
27,60,-9.79272270
27,95,-9.42153931
27,88,-8.69604778
27,32,-10.16207218
27,86,-9.05357265
27,5,-9.41953659
27,83,-7.80266714
27,85,-7.98412466
27,35,-6.88995504
28,22,4.36422443
28,24,-0.61529374
28,2,-3.75799036
28,12,-3.99252439
28,11,-3.47073150
28,21,-6.22192001
28,4,-4.80189943
28,10,-4.84565163
28,6,-5.68806076
28,19,-2.25621843
28,3,-4.95208788
28,48,-6.75434303
28,9,-8.00011063
28,36,-7.21035624
28,23,-4.45403671
28,45,-6.25628376
28,28,-7.53366470
28,18,-7.48611164
28,17,-7.50406504
28,37,-8.99323559
28,71,-6.00583315
28,58,-9.94968319
28,7,-6.26289177
28,69,-9.64849091
28,50,-7.85594654
28,1,-6.62374210
28,31,-8.43052769
28,27,-8.54160976
28,20,-8.07633114
28,81,-7.61424541
28,59,-9.40891457
28,39,-9.05314159
28,16,-9.23421574
28,33,-7.80863380
28,29,-9.12322903
28,86,-7.98572636
28,82,-8.35008717
28,32,-9.65764904
28,46,-8.42194748
28,13,-9.31187344
28,68,-8.77218151
28,30,-10.25745296
28,91,-9.13171864
28,40,-9.02397823
28,34,-8.87901783
28,63,-7.62852383
28,78,-9.62104511
28,38,-9.56021786
28,73,-10.01619625
28,60,-8.11526775
29,24,4.11378908
29,21,-1.17243540
29,23,-0.85023916
29,12,-4.69337940
29,22,-3.75220990
29,4,-7.56274557
29,10,-5.65610933
29,3,-8.31251621
29,11,-6.33664942
29,2,-7.08441687
29,26,-7.81475687
29,18,-9.50720119
29,9,-5.88074350
29,36,-7.87720442
29,44,-9.78070736
29,88,-7.64500237
29,17,-8.44083691
29,40,-7.04781771
29,1,-8.75014591
29,100,-6.95117044
29,47,-8.53542995
29,58,-8.01533127
29,34,-8.45300770
29,71,-6.74723816
29,19,-8.39723587
29,8,-7.10697985
29,82,-9.25240993
29,63,-7.58399677
29,62,-8.07809544
29,33,-6.35851097
29,92,-9.02412128
29,42,-9.50601292
29,37,-9.36659527
29,20,-7.62791491
29,66,-8.66239357
29,39,-6.96038580
29,104,-9.41046429
29,46,-8.79247761
29,91,-9.19526958
29,25,-8.36261082
29,86,-9.27931309
29,38,-6.56579065
29,6,-8.85679150
29,79,-9.67297459
29,54,-9.08205318
29,45,-9.30453014
29,49,-9.05375767
29,35,-7.09943628
29,78,-9.45003033
29,29,-8.95863438
30,21,3.17406368
30,23,-1.74931514
30,24,-1.29948545
30,22,-0.23029415
30,17,-5.40005398
30,81,-6.02623510
30,19,-4.18271446
30,82,-6.56207705
30,97,-5.46858644
30,42,-6.14805746
30,5,-5.13436079
30,30,-6.95146132
30,98,-4.75451183
30,34,-4.75649738
30,37,-7.81802464
30,86,-7.14584255
30,95,-6.18171930
30,46,-6.73675489
30,7,-6.44262218
30,96,-7.02600241
30,48,-6.73229074
30,6,-6.26665306
30,26,-7.58774567
30,47,-6.58503819
30,69,-6.59270477
30,92,-6.99094868
30,9,-7.72708607
30,1,-6.53142262
30,2,-6.68404961
30,36,-5.52732372
30,33,-5.32657385
30,44,-8.04232693
30,45,-5.36968279
30,29,-6.71077490
30,89,-7.06227875
30,31,-5.54388237
30,3,-7.22085571
30,10,-7.89636755
30,100,-6.88109112
30,91,-8.39183903
30,8,-6.27542353
30,20,-8.89094639
30,73,-8.39960766
30,58,-7.35644054
30,4,-7.23460865
30,84,-6.48751163
30,94,-6.94523048
30,40,-8.01306629
30,72,-8.28147984
30,18,-8.04811859
31,27,2.21240640
31,25,-3.25397444
31,28,-3.13085151
31,26,-8.05185890
31,6,-6.55819368
31,31,-8.49414730
31,2,-5.98716927
31,12,-8.83481693
31,8,-9.71129608
31,15,-7.60970831
31,16,-6.80274248
31,5,-9.05765152
31,51,-7.93648529
31,32,-9.20803070
31,30,-9.58134460
31,29,-8.90915775
31,4,-8.02764702
31,55,-9.63890076
31,72,-9.90456200
31,22,-8.97367477
31,13,-6.98574209
31,19,-8.62964439
31,86,-8.99859333
31,37,-9.00233269
31,1,-8.63633728
31,87,-8.50868893
31,91,-7.87501669
31,14,-8.43634892
31,49,-8.96750641
31,11,-9.64331913
31,50,-8.23338604
31,33,-9.93331432
31,52,-9.00846672
31,9,-9.37261105
31,63,-9.43653107
31,35,-9.34440804
31,24,-10.17615986
31,64,-9.60964966
31,47,-9.21018791
31,20,-9.84429741
31,3,-9.20205879
31,85,-9.21202374
31,82,-9.12655640
31,54,-10.27467155
31,104,-9.36402893
31,10,-8.48574543
31,68,-9.84543896
31,17,-9.90071774
31,78,-8.50532818
31,83,-8.83983898
32,28,3.11905742
32,25,4.56541777
32,26,-3.88362050
32,31,-6.19957876
32,27,-3.60637498
32,6,-6.15352631
32,5,-7.50514317
32,30,-8.08068466
32,35,-6.75064993
32,3,-8.08923531
32,7,-6.60505819
32,72,-9.42450428
32,18,-8.59306908
32,29,-7.73268938
32,64,-8.99521637
32,71,-6.95326519
32,12,-8.85631275
32,8,-8.45320702
32,86,-8.90045738
32,48,-8.82928562
32,24,-9.45654392
32,19,-8.58760166
32,2,-8.58401489
32,33,-7.61050653
32,15,-7.68037653
32,32,-8.99420452
32,4,-8.68248653
32,51,-7.18157387
32,23,-9.26964951
32,96,-9.04432201
32,68,-8.86775494
32,60,-8.82841587
32,84,-8.54882908
32,50,-7.01000309
32,59,-8.87664700
32,52,-8.52383232
32,63,-8.39748001
32,100,-8.93313980
32,90,-8.93113422
32,47,-8.97197056
32,91,-9.12347317
32,10,-8.53875256
32,1,-8.62995529
32,34,-8.13340569
32,46,-8.39731598
32,36,-8.49637318
32,85,-8.50727654
32,69,-9.23890591
32,92,-9.61006165
32,88,-8.96164989
33,25,3.36787105
33,26,2.40494967
33,27,-1.07556570
33,28,-0.92652732
33,6,-3.17990375
33,2,-6.81368017
33,5,-8.25226879
33,17,-7.81815672
33,4,-8.18066788
33,7,-7.22207975
33,58,-7.34109735
33,10,-7.27615261
33,8,-7.87414980
33,23,-7.34565401
33,11,-7.90899801
33,29,-6.83118820
33,9,-8.66012096
33,82,-8.47095776
33,31,-7.29592991
33,86,-9.09617233
33,92,-8.71046543
33,36,-7.65810919
33,30,-8.62167740
33,81,-8.80089474
33,91,-8.64390278
33,46,-8.13094807
33,16,-8.20365334
33,72,-9.05709171
33,89,-8.29238605
33,21,-7.56120348
33,69,-8.00481701
33,33,-8.43307495
33,12,-8.77838993
33,22,-8.32040691
33,35,-8.18011665
33,13,-8.63525963
33,47,-8.25342655
33,100,-8.08015347
33,19,-8.20623493
33,37,-8.64317036
33,52,-8.55413532
33,78,-8.61384392
33,53,-9.75862408
33,34,-7.56838751
33,90,-8.49251080
33,51,-8.30904484
33,93,-8.40901089
33,94,-8.59753132
33,75,-8.56923771
33,95,-9.01435947
34,25,0.61511844
34,28,0.36333889
34,26,-4.79118061
34,27,0.74013007
34,52,-7.93702316
34,6,-7.73564291
34,2,-7.02914190
34,12,-9.88790703
34,91,-7.84384108
34,86,-10.04961491
34,10,-7.61655617
34,5,-9.04834747
34,96,-9.31048679
34,99,-5.15842056
34,69,-9.48982716
34,30,-8.80737591
34,9,-9.25473404
34,92,-9.33266068
34,16,-7.67750406
34,4,-8.70363617
34,72,-10.02007866
34,48,-9.81056309
34,8,-9.71476173
34,46,-8.75763130
34,22,-9.14436340
34,36,-9.22915649
34,7,-9.63965893
34,31,-9.12255859
34,47,-9.52651978
34,29,-8.95187092
34,58,-9.30305099
34,34,-8.20452595
34,104,-9.56481171
34,45,-9.79828548
34,89,-8.69454288
34,73,-9.98008728
34,11,-8.99411678
34,23,-9.70685387
34,33,-10.01668167
34,90,-8.63453770
34,64,-9.71078300
34,19,-8.61682224
34,56,-10.26403809
34,51,-8.94504929
34,63,-8.77512646
34,15,-9.32864952
34,39,-9.61524391
34,82,-10.06981087
34,3,-9.52676105
34,13,-9.23925686
35,26,1.16438127
35,28,-2.63428211
35,25,-0.05833378
35,27,-2.13268757
35,6,-3.38810420
35,19,-4.80647182
35,3,-3.99346209
35,31,-6.13918161
35,72,-7.88294601
35,29,-6.65243149
35,7,-4.70780802
35,33,-5.63921928
35,30,-6.63131332
35,92,-7.30458879
35,18,-6.88582230
35,32,-7.08170414
35,2,-4.61971045
35,5,-6.25699902
35,91,-8.20645237
35,12,-7.91555977
35,86,-7.59679699
35,34,-5.04440117
35,10,-6.59890461
35,69,-6.93780518
35,24,-8.35426807
35,1,-5.00362444
35,36,-6.67838001
35,96,-8.49131870
35,48,-8.00247860
35,47,-6.84061146
35,64,-7.89614964
35,45,-7.67159891
35,71,-5.07622910
35,51,-6.69309425
35,50,-5.99238396
35,15,-7.67436790
35,104,-8.55938625
35,21,-8.70954800
35,42,-8.98371792
35,63,-7.58321667
35,4,-7.11832428
35,58,-7.55229712
35,81,-7.49096537
35,37,-8.96162033
35,52,-6.09223652
35,8,-8.43458462
35,23,-8.54524708
35,84,-8.42147160
35,38,-7.64300251
35,46,-6.58017635
36,29,3.73302650
36,51,-3.48283935
36,30,1.72351837
36,31,-1.79446530
36,14,-3.70202255
36,88,-6.95313549
36,28,-4.62700605
36,32,-3.21590042
36,20,-4.69452000
36,5,-2.21348357
36,8,-4.83223391
36,39,-6.28161764
36,15,-5.68048143
36,78,-7.12685204
36,96,-8.12701130
36,6,-5.04814911
36,55,-6.31794786
36,17,-7.48902464
36,50,-7.85886145
36,25,-5.08044434
36,7,-4.95356655
36,4,-6.62286901
36,40,-6.97893906
36,80,-7.94835711
36,18,-8.46265125
36,12,-8.32729912
36,54,-5.12404871
36,42,-8.64646244
36,35,-4.67917204
36,16,-5.03675127
36,64,-8.48588943
36,60,-5.90325022
36,52,-8.05660439
36,74,-7.85599804
36,3,-7.91027403
36,10,-8.16812325
36,56,-7.34957647
36,27,-5.44586611
36,41,-8.40795708
36,2,-6.59183931
36,33,-6.14711905
36,66,-8.56483650
36,49,-7.49463606
36,26,-8.07620049
36,90,-8.07892895
36,86,-7.48095608
36,43,-7.58992624
36,91,-7.58400822
36,104,-6.82070827
36,58,-6.60728312
37,29,0.22909120
37,30,-1.72506535
37,31,2.30858278
37,32,-5.51766396
37,6,-8.61889267
37,8,-10.07800007
37,52,-8.70931053
37,64,-9.66053581
37,15,-6.50183773
37,19,-8.17328835
37,2,-7.54442978
37,51,-9.34552479
37,20,-10.06250763
37,28,-9.46060181
37,85,-6.87997866
37,12,-8.98471451
37,40,-9.86865902
37,62,-9.81730652
37,88,-7.67374802
37,11,-10.04953289
37,5,-9.57029247
37,47,-8.76261044
37,4,-9.15526104
37,49,-7.58428574
37,68,-7.87891150
37,72,-9.27416992
37,61,-9.67851353
37,25,-9.36519527
37,86,-10.05465412
37,94,-9.02918053
37,60,-9.34537220
37,26,-9.39999676
37,24,-9.85868549
37,67,-6.47419357
37,92,-9.67193699
37,55,-10.05664253
37,41,-10.20219135
37,7,-10.00826359
37,50,-9.36274147
37,46,-9.63070583
37,10,-9.57933903
37,66,-8.30648327
37,18,-10.01159763
37,78,-9.95948505
37,96,-10.33225060
37,1,-8.86988354
37,27,-9.58983898
37,3,-9.35659790
37,87,-10.08208275
37,39,-9.36597157
38,31,0.94819701
38,30,-1.47475791
38,29,1.64794219
38,19,-2.20197725
38,17,-4.60710812
38,5,-2.10122943
38,32,-2.92638469
38,6,-5.87578249
38,7,-4.24655485
38,78,-7.47367096
38,51,-3.85007501
38,8,-3.75776720
38,4,-6.18688297
38,96,-4.36345530
38,3,-6.79376507
38,37,-8.88751698
38,90,-7.01080847
38,50,-7.46179533
38,46,-7.22442484
38,76,-7.77801943
38,60,-5.24575758
38,72,-8.61818695
38,53,-6.63945150
38,86,-6.89848852
38,91,-8.56460285
38,20,-7.52272415
38,95,-5.54631424
38,28,-6.80560780
38,64,-7.85568476
38,1,-6.77776432
38,94,-6.43350506
38,14,-5.52355433
38,25,-6.71704340
38,59,-7.00357533
38,18,-8.01999378
38,58,-6.92710733
38,2,-6.63667536
38,11,-8.45085621
38,69,-6.24866486
38,47,-7.90652132
38,56,-7.61804438
38,40,-8.37384892
38,77,-9.15732288
38,63,-6.71011114
38,55,-6.69516277
38,35,-5.92172098
38,68,-7.79891682
38,33,-6.23365259
38,12,-8.67958069
38,16,-5.78229666
39,32,5.10585403
39,64,-2.78982306
39,29,-0.88563520
39,30,-1.39479506
39,20,-3.34272456
39,15,-2.86415315
39,50,-7.82824707
39,5,-4.71292543
39,7,-6.82007408
39,78,-4.34748554
39,52,-6.84312916
39,96,-4.81792355
39,55,-4.98247147
39,60,-2.76165891
39,3,-9.14186096
39,14,-2.86895013
39,80,-7.55837154
39,61,-7.86051655
39,12,-8.93663788
39,40,-9.35097885
39,17,-8.02510452
39,83,-7.00793457
39,6,-5.39248848
39,74,-7.23044443
39,51,-5.40672684
39,39,-8.35668850
39,31,-8.27092075
39,19,-8.76138878
39,91,-6.91898918
39,16,-4.15081453
39,18,-9.42265987
39,90,-6.49526787
39,92,-8.56141663
39,49,-7.54333735
39,4,-8.88237953
39,28,-8.32690334
39,2,-8.83294106
39,42,-9.96686649
39,36,-9.22076416
39,84,-9.41507530
39,94,-7.61888313
39,47,-8.80119228
39,34,-9.41177177
39,104,-4.18224049
39,21,-9.78418159
39,26,-9.57430267
39,24,-10.07908249
39,72,-9.79561806
39,58,-9.38554001
39,8,-9.82291031
40,29,0.07919853
40,30,-2.65717173
40,32,-3.32903361
40,31,-3.41493821
40,20,-6.14552212
40,78,-7.43910933
40,8,-7.91093016
40,6,-5.38604403
40,7,-5.84527826
40,59,-6.11365747
40,1,-6.09749937
40,40,-8.50135899
40,57,-4.88505125
40,61,-9.10504913
40,17,-8.28083420
40,90,-8.08988762
40,96,-8.87508774
40,55,-7.61076784
40,10,-8.41617203
40,12,-8.75213814
40,5,-5.53121424
40,93,-6.94203472
40,86,-8.38817883
40,39,-7.86510038
40,19,-6.96700144
40,89,-7.31848288
40,3,-7.34933233
40,66,-8.63165474
40,68,-7.24601269
40,22,-7.89888906
40,28,-7.05857992
40,62,-8.04961205
40,15,-7.70982885
40,16,-7.91770697
40,49,-8.76676369
40,97,-6.53448153
40,92,-8.62999439
40,63,-7.51709986
40,64,-9.01371956
40,13,-8.35136127
40,41,-8.58587646
40,2,-8.66944218
40,51,-8.09169292
40,71,-5.04431772
40,43,-8.87593269
40,35,-7.87075424
40,50,-8.25566578
40,88,-8.69552994
40,87,-8.74358940
40,80,-9.37570286
41,34,2.46083760
41,33,1.68757820
41,36,-0.88848990
41,35,3.13379025
41,47,-6.13938141
41,3,-7.34895515
41,45,-4.28125763
41,10,-8.18687630
41,46,-7.00741529
41,6,-6.26872921
41,22,-5.34648561
41,82,-7.85203695
41,24,-10.02542210
41,2,-7.48896503
41,38,-6.07756615
41,18,-9.80583286
41,21,-5.73034143
41,88,-9.12820721
41,86,-9.06575108
41,44,-10.06059933
41,37,-9.54309750
41,12,-9.75741482
41,85,-8.52262306
41,69,-9.52383232
41,1,-8.59647560
41,5,-7.99537849
41,40,-8.69137096
41,58,-9.08463383
41,4,-9.52239513
41,87,-10.19498444
41,7,-10.00697231
41,92,-9.54607677
41,26,-8.17873192
41,19,-9.64974689
41,90,-9.06673908
41,50,-7.37034416
41,102,-9.93072605
41,17,-9.60254288
41,23,-9.34915924
41,31,-10.42075920
41,9,-9.10027981
41,48,-9.61824226
41,11,-9.72571087
41,81,-8.99698734
41,59,-10.05462933
41,49,-7.61003494
41,13,-6.52938080
41,43,-9.74521637
41,20,-6.57444096
41,54,-10.00740623
42,45,-1.26416314
42,33,0.59399164
42,35,2.88290668
42,36,-2.80997300
42,3,-5.05455637
42,6,-4.72888517
42,34,-1.59335482
42,18,-6.06679249
42,21,-3.83538437
42,47,-4.20932198
42,7,-5.84432507
42,22,-3.41960359
42,19,-6.28137493
42,24,-7.97962809
42,17,-6.84775972
42,12,-7.67014456
42,31,-8.04855442
42,46,-6.47713566
42,2,-7.41255617
42,5,-6.36849070
42,48,-6.78345013
42,28,-6.94233608
42,71,-6.52325726
42,10,-7.81987000
42,8,-7.74123621
42,20,-8.31017971
42,30,-8.63030148
42,1,-7.76588964
42,81,-5.82454014
42,86,-8.70488358
42,15,-7.95298481
42,37,-7.03615808
42,42,-8.78956127
42,96,-8.76339531
42,4,-7.23751688
42,40,-8.19652653
42,25,-8.01030350
42,82,-6.74420786
42,63,-7.78090715
42,59,-8.26753139
42,50,-7.95050573
42,23,-7.61186314
42,99,-7.90526199
42,32,-8.77718830
42,104,-8.87927532
42,29,-8.10663795
42,26,-8.46920395
42,60,-8.74971390
42,90,-8.30601215
42,64,-8.64243221
43,35,-1.33485234
43,34,-0.76281154
43,36,-3.81369472
43,33,-4.85459709
43,82,-7.42416906
43,47,-8.78149414
43,3,-8.97278214
43,4,-9.34396839
43,37,-9.82493401
43,18,-9.82662678
43,7,-9.31279945
43,71,-6.41859818
43,23,-9.47567749
43,6,-10.09867096
43,2,-9.08164692
43,69,-9.60368443
43,24,-9.75027084
43,29,-9.47630882
43,86,-8.53232384
43,31,-10.02665234
43,12,-8.74886227
43,104,-9.53183365
43,10,-9.89034081
43,26,-9.67356300
43,48,-9.78730774
43,84,-9.89104271
43,40,-9.96131325
43,1,-10.09291744
43,13,-9.66414070
43,90,-9.64637280
43,45,-9.43229198
43,8,-10.38109493
43,21,-9.88586521
43,15,-10.47045994
43,5,-10.06716728
43,32,-10.14645863
43,78,-9.78979683
43,58,-9.87064362
43,39,-9.63082314
43,88,-10.21261597
43,46,-10.02902508
43,25,-9.90602684
43,38,-9.64601898
43,101,-10.22595406
43,81,-10.53135395
43,96,-10.37117672
43,64,-9.74708080
43,100,-10.24063778
43,79,-10.65341854
43,92,-10.44673634
44,35,4.18974590
44,33,1.42913997
44,36,-1.75731957
44,47,-2.04774046
44,34,-1.52201772
44,86,-7.58426189
44,30,-8.00098705
44,6,-5.81993389
44,4,-7.19687271
44,8,-7.66776848
44,15,-7.41222143
44,26,-5.96655846
44,82,-6.60490704
44,45,-5.23041868
44,10,-6.54558516
44,90,-7.04256487
44,37,-6.02305508
44,38,-4.19333267
44,2,-5.79097462
44,5,-5.72186852
44,54,-6.91234970
44,46,-6.93529987
44,50,-7.30381298
44,72,-9.08181667
44,31,-8.52237320
44,28,-7.43603659
44,7,-8.03042507
44,25,-7.44550610
44,41,-6.99103737
44,56,-8.14877987
44,40,-8.14434719
44,70,-8.21187973
44,13,-7.37706995
44,88,-7.98650169
44,39,-7.88432360
44,1,-7.64468956
44,16,-8.44675541
44,21,-3.01754403
44,3,-8.33448792
44,71,-7.38980865
44,49,-6.79042196
44,92,-6.94392824
44,102,-8.73515797
44,95,-8.79722500
44,29,-8.12758827
44,11,-5.73635101
44,18,-8.19793987
44,42,-8.06090832
44,20,-8.71831036
44,83,-7.72873116
45,36,5.91753006
45,33,-1.38640869
45,45,-3.74513412
45,34,-4.45474195
45,37,-8.05640125
45,82,-7.64391899
45,47,-6.62510920
45,21,-6.33097553
45,18,-8.08532238
45,8,-9.74549866
45,22,-5.78848648
45,24,-9.15495586
45,69,-9.10372829
45,12,-8.75415993
45,71,-8.22494984
45,4,-8.98879814
45,31,-9.36666965
45,48,-8.48271561
45,84,-7.74653196
45,5,-9.80117035
45,29,-8.80292034
45,39,-8.88780880
45,40,-9.12323666
45,15,-9.58977318
45,16,-9.41653919
45,59,-9.84444904
45,81,-8.49767685
45,86,-9.85273933
45,17,-9.27262688
45,32,-9.64441013
45,38,-8.70845699
45,92,-9.57626152
45,75,-10.47617531
45,19,-9.05218410
45,20,-9.53494930
45,6,-8.79725361
45,104,-9.40580750
45,101,-9.90047073
45,90,-9.81774807
45,102,-10.02933884
45,46,-8.81016350
45,35,-7.67668200
45,58,-9.86112785
45,1,-9.68860245
45,44,-10.36420345
45,64,-10.01424980
45,103,-10.09803772
45,52,-9.88729954
45,30,-9.86136532
45,3,-8.54172039
46,37,4.89387226
46,39,-0.14862743
46,82,-7.33907175
46,36,-4.24183702
46,38,-2.89764166
46,33,-5.41952896
46,40,-4.90544605
46,81,-6.92535543
46,17,-7.26231003
46,11,-7.58805943
46,8,-8.44739819
46,101,-8.94118023
46,78,-8.23649406
46,1,-8.68559647
46,21,-8.97011089
46,43,-7.42139578
46,7,-7.91618872
46,34,-7.68222809
46,103,-7.75171995
46,9,-8.87612915
46,58,-8.23097610
46,89,-9.13615608
46,47,-7.99076605
46,30,-9.28228760
46,66,-8.92879295
46,102,-9.06410313
46,86,-9.30426407
46,20,-8.89521122
46,63,-9.29415417
46,15,-8.99224567
46,2,-8.78785133
46,45,-8.26536846
46,26,-8.57575321
46,19,-8.21224499
46,23,-9.35642147
46,92,-9.25174809
46,6,-9.04636860
46,29,-8.72843552
46,59,-8.69138718
46,18,-8.93366337
46,84,-8.26549244
46,4,-8.48716831
46,10,-8.67081165
46,27,-8.38376141
46,24,-9.74289989
46,61,-8.79225445
46,79,-9.35453892
46,68,-9.58344173
46,90,-8.51919270
46,98,-9.19588566
47,39,4.04034424
47,38,3.52171278
47,40,0.73172945
47,33,-3.81862903
47,80,-1.48555481
47,54,-5.45509291
47,78,-3.63743210
47,37,-5.65446568
47,21,-4.75450945
47,35,-6.80133200
47,30,-7.91582012
47,20,-5.03257990
47,17,-7.90289736
47,36,-7.00610781
47,4,-7.19731808
47,23,-7.75264359
47,43,-7.65777636
47,2,-7.30994844
47,55,-5.23817015
47,1,-7.02703190
47,82,-7.74535131
47,29,-7.02778769
47,34,-7.11676979
47,14,-7.39922810
47,26,-7.93923473
47,8,-8.00987530
47,51,-5.50063753
47,47,-7.12677193
47,15,-7.58671618
47,79,-7.99673271
47,9,-4.97751045
47,88,-7.33322859
47,13,-6.71626997
47,90,-7.28561974
47,56,-8.47627640
47,86,-8.29893112
47,12,-7.01272821
47,77,-6.76646376
47,46,-7.96418810
47,89,-7.67526627
47,92,-6.71697950
47,32,-7.84210920
47,45,-7.80516720
47,19,-7.25952959
47,81,-8.23314762
47,41,-8.00833035
47,104,-7.94375992
47,44,-8.50329685
47,70,-7.36718607
47,31,-7.88192654
48,37,4.15864563
48,39,-3.42920446
48,36,-4.37818384
48,33,-6.81331730
48,38,-3.91054177
48,34,-5.69704962
48,82,-8.51172066
48,40,-6.64765549
48,21,-8.22616768
48,81,-7.40614080
48,23,-9.03824806
48,43,-7.86892796
48,78,-7.41177607
48,75,-9.97758102
48,8,-8.86540413
48,2,-9.66148567
48,101,-8.99708176
48,7,-8.25401306
48,44,-10.11927986
48,47,-8.08897114
48,17,-8.92512512
48,103,-6.06508827
48,92,-8.88301849
48,61,-8.59898567
48,84,-7.56008530
48,18,-10.40125275
48,90,-8.56316948
48,63,-10.35049438
48,15,-10.22631359
48,98,-9.44505882
48,12,-9.69195366
48,3,-9.85894012
48,4,-9.48560810
48,83,-7.89184952
48,58,-9.27795601
48,5,-9.37719154
48,89,-9.56063366
48,102,-9.36371422
48,52,-10.51687336
48,30,-9.61454582
48,100,-8.88144779
48,45,-8.51790333
48,29,-9.43072128
48,46,-10.10402775
48,6,-10.12336349
48,20,-9.66788864
48,32,-10.31220913
48,69,-10.13244057
48,88,-9.50238705
48,35,-9.51042557
49,40,4.18140984
49,38,2.85194230
49,39,-0.70611870
49,54,-6.10144711
49,80,-4.71479511
49,43,-4.13384295
49,1,-6.69481802
49,92,-6.32085419
49,4,-7.87742281
49,44,-9.89672375
49,20,-5.61343193
49,61,-8.01537704
49,90,-7.90784597
49,79,-9.49831104
49,72,-8.97316837
49,91,-7.70312023
49,86,-9.35577869
49,41,-9.38276386
49,2,-6.57041502
49,104,-8.13107300
49,9,-6.05016994
49,30,-8.31921482
49,37,-8.96262360
49,62,-8.98832512
49,21,-6.66162539
49,78,-8.22082806
49,14,-7.38063478
49,102,-8.48256111
49,77,-7.70389366
49,29,-8.09588146
49,58,-5.72049141
49,12,-8.06028271
49,3,-7.72911167
49,88,-9.22962379
49,94,-9.73024654
49,56,-9.33670521
49,31,-8.79568386
49,53,-8.97030640
49,8,-8.72025299
49,33,-6.39288902
49,69,-7.00280190
49,89,-7.40777206
49,55,-8.48340893
49,46,-8.22938442
49,17,-9.62783909
49,19,-8.35580349
49,32,-9.14058018
49,24,-8.68776226
49,57,-7.11848354
49,64,-9.01450348
50,38,1.11208594
50,37,-5.71934414
50,39,-5.29212666
50,40,-3.76021457
50,33,-9.52129078
50,36,-8.27134514
50,54,-9.18700314
50,34,-10.40477085
50,80,-7.12449741
50,21,-8.85033512
50,82,-10.76849651
50,92,-10.16121960
50,72,-9.20709419
50,86,-10.95489597
50,78,-10.22830009
50,20,-10.60895538
50,8,-10.26099300
50,81,-10.59117794
50,103,-9.92058277
50,104,-9.02723217
50,64,-10.83412933
50,15,-10.75469589
50,4,-10.50782490
50,35,-10.39468861
50,101,-10.64279652
50,30,-10.67336464
50,17,-10.79786777
50,31,-10.69517326
50,47,-10.62286854
50,79,-10.82409763
50,43,-10.65404797
50,23,-10.75202370
50,61,-10.85993385
50,69,-10.45512104
50,102,-10.66466713
50,6,-10.83690262
50,29,-10.55907726
50,19,-10.55671406
50,88,-10.21812248
50,45,-10.76606083
50,100,-10.76046562
50,63,-10.90581322
50,91,-10.95867634
50,77,-10.32378006
50,96,-11.01690769
50,32,-10.64291286
50,9,-10.18610668
50,5,-10.34570122
50,46,-10.88149548
50,75,-10.84774590
51,41,1.63171983
51,43,1.01422346
51,44,-2.87462759
51,42,-3.36151099
51,82,-7.17375469
51,39,-5.14316511
51,37,-7.09873819
51,38,-7.21235800
51,36,-8.14160824
51,81,-8.13096333
51,1,-8.73610783
51,78,-7.38620234
51,48,-6.37319899
51,7,-8.64878178
51,45,-6.40681696
51,46,-7.34115362
51,33,-7.74004602
51,30,-9.69551468
51,86,-8.98018265
51,47,-6.42792749
51,101,-8.69918919
51,20,-8.91132832
51,9,-8.92573738
51,4,-8.84914207
51,31,-8.25042439
51,53,-9.24868870
51,15,-8.49676132
51,89,-8.58317089
51,26,-9.21948814
51,40,-8.56145763
51,102,-8.76677608
51,104,-8.06172848
51,17,-8.53748798
51,103,-8.54491520
51,6,-8.89467716
51,56,-9.04298973
51,29,-8.91093826
51,8,-9.54502773
51,14,-9.42501926
51,21,-8.57730865
51,63,-8.84914970
51,90,-8.25906563
51,13,-8.65795040
51,2,-8.82815647
51,55,-9.60693645
51,34,-8.51469135
51,54,-9.41980171
51,5,-9.45297718
51,10,-8.50253582
51,22,-7.79226971
52,42,1.98831749
52,41,0.33197773
52,43,-1.72892368
52,44,-3.71875668
52,17,-7.71013832
52,37,-8.41590309
52,19,-7.55159283
52,46,-5.97407818
52,47,-5.39827919
52,48,-7.14931679
52,30,-9.55176640
52,45,-7.26627588
52,23,-8.67234421
52,89,-9.18270016
52,8,-9.59912300
52,75,-9.08853340
52,7,-9.85621643
52,6,-9.36537838
52,9,-9.22077751
52,31,-9.41036892
52,36,-8.90842152
52,3,-8.72285080
52,20,-9.35466480
52,14,-9.43238354
52,18,-9.73789120
52,29,-9.03678322
52,21,-9.30577278
52,25,-9.00420570
52,74,-9.36501884
52,53,-9.63492012
52,63,-9.01536465
52,22,-8.50766945
52,40,-8.94862080
52,13,-9.04314804
52,32,-9.58164406
52,33,-8.51724815
52,92,-9.35313606
52,88,-8.66335583
52,82,-8.82262993
52,2,-9.09141731
52,39,-8.49647713
52,24,-9.46305180
52,5,-9.74641609
52,96,-9.56353569
52,60,-8.98100281
52,4,-9.24646187
52,69,-9.39818096
52,38,-8.62987614
52,52,-9.31215858
52,12,-9.11461067
53,43,5.72836924
53,41,-5.11832619
53,40,-3.61818886
53,44,-8.17940235
53,42,-3.66252232
53,46,-7.14272118
53,47,-5.55950928
53,29,-8.78333759
53,17,-8.70517349
53,38,-5.38393974
53,39,-8.18137836
53,8,-9.52613354
53,86,-9.11156082
53,37,-7.07514858
53,82,-8.70423126
53,104,-7.56096220
53,101,-8.70415020
53,75,-8.96081448
53,45,-7.75137472
53,78,-7.24741077
53,19,-8.20181274
53,53,-9.70952320
53,7,-8.38569260
53,102,-7.57492542
53,91,-9.08575535
53,20,-8.47798347
53,90,-8.28800869
53,36,-8.05691242
53,6,-9.52517033
53,31,-9.64438534
53,48,-7.60768366
53,3,-9.22552299
53,100,-9.51366329
53,89,-9.63836193
53,88,-8.74411583
53,14,-7.07645798
53,30,-9.73476505
53,2,-8.88996220
53,33,-9.21167850
53,10,-8.61641026
53,15,-8.74017811
53,4,-9.43155193
53,103,-8.47240353
53,92,-8.67010212
53,5,-9.64376640
53,13,-7.85183859
53,81,-9.57806683
53,55,-10.01110744
53,35,-9.45608234
53,12,-9.55250072
54,44,6.03483391
54,41,0.69585234
54,42,0.20714571
54,46,-6.12716913
54,47,-5.37005234
54,43,-5.78793144
54,68,-8.89305878
54,45,-7.44926596
54,48,-6.26852942
54,4,-8.80272484
54,20,-9.62686825
54,12,-7.42878866
54,40,-9.46351910
54,33,-8.57675171
54,95,-8.83944511
54,22,-8.50677490
54,21,-9.03472137
54,18,-9.65977573
54,92,-9.57486820
54,52,-9.01939297
54,66,-9.50580406
54,32,-10.02497673
54,50,-9.54468822
54,19,-8.77018547
54,76,-9.80157661
54,101,-9.47821808
54,36,-9.19653606
54,23,-9.80650139
54,17,-9.84223270
54,3,-8.75020027
54,81,-9.45148754
54,88,-8.90778732
54,102,-9.98933506
54,85,-9.71198273
54,70,-9.89420223
54,9,-9.31895733
54,37,-9.78864765
54,82,-9.70576859
54,86,-9.90790653
54,2,-9.75283241
54,64,-9.85050201
54,69,-9.59096336
54,89,-10.10873413
54,75,-9.71015739
54,59,-9.27293396
54,53,-9.77296162
54,5,-10.00887871
54,24,-9.53727150
54,34,-9.66967773
54,10,-9.38968277
55,41,1.24674058
55,44,-1.63552785
55,42,-4.10372925
55,43,-5.56757641
55,46,-4.83635044
55,47,-6.82385921
55,48,-6.94421673
55,45,-7.81840611
55,18,-8.86784267
55,53,-9.23004913
55,88,-9.24194527
55,87,-9.30991745
55,80,-9.78475857
55,86,-9.93602848
55,23,-9.60990810
55,17,-9.96619511
55,4,-9.26703930
55,36,-9.48011494
55,20,-9.93771267
55,12,-9.84761810
55,54,-9.56515980
55,11,-9.12532520
55,62,-8.61933804
55,73,-9.54290676
55,5,-9.69777584
55,78,-9.95948315
55,72,-9.58777142
55,82,-9.48768616
55,90,-9.32725239
55,16,-9.19708729
55,40,-9.80873585
55,58,-9.62930012
55,6,-9.84883595
55,52,-9.76991749
55,60,-9.59482288
55,85,-9.33069706
55,22,-9.66949749
55,91,-10.36817360
55,94,-10.14648151
55,50,-9.13367653
55,95,-10.07101727
55,13,-9.74070644
55,104,-9.81998158
55,8,-10.10712147
55,92,-9.74315357
55,35,-9.86218739
55,33,-9.51751804
55,64,-9.72957802
55,37,-9.94120884
55,70,-9.90806293
56,45,1.75363827
56,33,-3.97332692
56,47,-3.36346745
56,46,-1.65356374
56,48,-5.34619379
56,22,-3.62931895
56,34,-3.77720380
56,18,-7.25313616
56,17,-7.07260132
56,21,-5.38208246
56,2,-7.05917025
56,3,-7.14141607
56,82,-6.95556927
56,6,-7.68375349
56,35,-7.18226957
56,10,-6.99342537
56,19,-6.96239948
56,36,-7.21829653
56,23,-7.04295111
56,86,-9.04442406
56,20,-9.02515888
56,5,-8.32789135
56,8,-9.77216053
56,1,-8.20829868
56,54,-9.71704674
56,92,-8.36239719
56,4,-7.90311670
56,31,-9.25251293
56,9,-8.19707108
56,81,-7.76667547
56,37,-7.99140549
56,7,-9.32978821
56,24,-8.60775471
56,15,-9.67341518
56,42,-8.49778080
56,84,-8.28714752
56,75,-9.83601665
56,40,-8.65225983
56,12,-9.06358433
56,38,-8.19110298
56,43,-9.10763264
56,104,-9.67446709
56,41,-8.28299999
56,53,-10.14025402
56,88,-8.47113514
56,100,-9.26810551
56,94,-9.32675266
56,28,-8.40001488
56,44,-9.28460121
56,83,-7.81348610
57,47,5.82145214
57,48,-3.64868116
57,46,-5.92229939
57,45,-2.61789966
57,20,-7.12366104
57,18,-5.54892111
57,21,-7.93824673
57,23,-5.97361374
57,92,-7.71680069
57,17,-6.84246731
57,19,-6.31425190
57,22,-7.39555693
57,24,-6.87111187
57,82,-7.55630493
57,4,-9.35690498
57,8,-9.94968414
57,64,-9.96277428
57,35,-8.04275990
57,31,-10.12669373
57,10,-10.13387966
57,37,-9.20703602
57,32,-10.14518547
57,86,-9.88883972
57,1,-10.19748306
57,41,-9.92282677
57,66,-10.21020126
57,81,-9.12031364
57,16,-10.35673904
57,26,-10.35843086
57,33,-9.11877823
57,36,-9.70326424
57,34,-8.41350365
57,67,-9.82705688
57,3,-9.87379265
57,38,-9.40386391
57,30,-10.33518982
57,52,-10.39241982
57,29,-9.83297539
57,15,-10.22999573
57,55,-10.19277954
57,14,-9.68979454
57,2,-10.22125149
57,6,-10.08238316
57,60,-10.04112625
57,104,-10.41478825
57,44,-10.65750504
57,25,-10.21306515
57,54,-9.34174728
57,75,-10.61734581
57,7,-10.64101791
58,46,4.30046988
58,84,-2.23516798
58,91,-7.12954140
58,6,-4.11503935
58,47,-3.79733849
58,45,-4.49172258
58,63,-6.07446575
58,2,-5.82019901
58,89,-6.06605768
58,92,-7.25908375
58,19,-4.16907501
58,26,-8.14490795
58,71,-4.52896929
58,83,-1.98729694
58,86,-7.87248611
58,81,-2.93039751
58,40,-9.12997723
58,1,-7.74051857
58,10,-4.58451462
58,7,-7.22307396
58,69,-7.64108562
58,72,-8.41283226
58,3,-5.59637928
58,48,-5.88234329
58,23,-7.50161695
58,42,-6.80124283
58,31,-6.84514427
58,90,-6.77817822
58,20,-8.99135399
58,66,-8.53947544
58,82,-8.29319668
58,64,-8.10875797
58,55,-9.55695915
58,68,-7.21513891
58,96,-7.55491781
58,29,-7.81718016
58,99,-6.36333704
58,18,-6.84192705
58,104,-8.41197014
58,22,-6.31348705
58,93,-7.12474537
58,33,-7.00348043
58,37,-8.82435036
58,65,-7.80673504
58,60,-7.82846308
58,21,-7.92554283
58,49,-8.27520084
58,50,-7.13587570
58,4,-7.77727985
58,101,-9.35095596
59,48,5.26498032
59,47,-2.92536402
59,46,-3.62664628
59,45,-4.19635725
59,23,-5.93443632
59,64,-9.03284550
59,82,-8.28629112
59,18,-8.44901466
59,19,-7.76614380
59,24,-8.20921993
59,7,-9.52844620
59,20,-9.61750793
59,86,-9.11655045
59,92,-8.08592606
59,21,-7.16851139
59,35,-7.44306278
59,3,-8.79502106
59,17,-9.08727837
59,84,-7.97178984
59,33,-7.46444988
59,34,-5.95496416
59,81,-9.09285355
59,22,-6.57149363
59,36,-8.43468094
59,80,-10.10012436
59,10,-9.26798630
59,100,-9.38805199
59,75,-9.31533527
59,31,-9.92280388
59,6,-8.99897194
59,88,-8.95316982
59,104,-10.05662346
59,37,-9.75352955
59,44,-9.87875748
59,26,-10.14150047
59,40,-9.93177319
59,8,-9.94489861
59,72,-10.30649471
59,32,-9.94617748
59,53,-9.79562378
59,70,-10.15169144
59,1,-10.15258217
59,43,-9.17961979
59,69,-10.11822605
59,11,-9.49894333
59,4,-9.90422249
59,55,-9.82918358
59,87,-9.62737846
59,60,-9.79330349
59,29,-10.09844875
60,47,-0.18590572
60,45,0.40404442
60,46,-0.48310393
60,34,-3.81737113
60,33,-3.16457057
60,19,-4.37174129
60,96,-7.37051344
60,48,-6.16995525
60,6,-4.81846189
60,35,-4.65475798
60,3,-6.38494158
60,2,-5.52215910
60,18,-7.56623507
60,91,-7.69948626
60,10,-6.33002996
60,90,-7.15216732
60,21,-5.37511110
60,92,-6.87582731
60,36,-6.79785442
60,22,-3.80364919
60,31,-6.95829058
60,59,-6.21006060
60,82,-6.65359831
60,64,-8.30305576
60,88,-8.06116486
60,85,-8.15376472
60,55,-6.83088350
60,15,-8.39230537
60,86,-7.29699278
60,5,-6.05865526
60,7,-7.48785067
60,67,-7.63720322
60,17,-8.05413246
60,84,-6.92375803
60,81,-6.20394135
60,99,-6.97425556
60,52,-8.31328487
60,43,-8.17280483
60,1,-7.23018312
60,70,-7.21646833
60,28,-6.03902769
60,71,-6.16903734
60,87,-8.23748875
60,20,-7.52558661
60,27,-7.63664961
60,40,-7.14170837
60,60,-8.16464806
60,95,-8.29878330
60,102,-8.52802563
60,63,-7.27072287
61,51,0.96907848
61,49,-3.77956605
61,50,-4.02249289
61,15,-3.36004090
61,52,-5.11433220
61,13,-2.97359157
61,4,-8.57913589
61,14,-5.75068665
61,87,-9.28712559
61,16,-6.15586901
61,86,-10.32491398
61,29,-10.23323345
61,61,-9.68831825
61,35,-9.24375057
61,94,-9.31220531
61,31,-9.51205921
61,32,-9.93668556
61,11,-9.75495720
61,90,-9.76219463
61,26,-10.00517082
61,30,-10.13850498
61,6,-9.14393997
61,8,-9.94399548
61,10,-9.12927723
61,55,-10.10503769
61,27,-8.62811470
61,72,-10.37732887
61,12,-9.50667572
61,84,-10.11477470
61,56,-10.64558220
61,1,-9.01703453
61,22,-9.37870216
61,64,-10.01934242
61,25,-9.20501328
61,39,-9.91178513
61,28,-9.65665817
61,38,-10.57144547
61,82,-10.09408092
61,62,-10.32590103
61,85,-10.09633446
61,88,-10.15459251
61,79,-10.44096756
61,78,-9.86217690
61,74,-10.60111904
61,70,-9.68325329
61,20,-10.26894855
61,7,-10.32397461
61,19,-10.14707565
61,60,-9.55696297
61,57,-9.83656406
62,52,0.60872191
62,15,1.57905686
62,51,1.15233028
62,14,1.93377328
62,16,1.70482337
62,13,0.13668045
62,50,-1.05337667
62,11,-5.57735729
62,10,-1.79141724
62,49,-1.85640776
62,29,-2.01402807
62,9,-4.30530739
62,32,-4.08751869
62,55,-5.98847294
62,87,-6.21137285
62,12,-3.87311268
62,64,-5.06397390
62,61,-5.87760258
62,60,-4.29831600
62,92,-6.40482140
62,18,-6.85132980
62,30,-4.34970760
62,54,-5.41387606
62,4,-6.52314138
62,96,-7.15806866
62,88,-6.19056273
62,91,-6.60130882
62,86,-6.81209612
62,28,-5.17304182
62,8,-5.76953697
62,24,-6.78666449
62,83,-6.00399542
62,34,-4.88610125
62,46,-5.78142929
62,53,-6.18474531
62,26,-6.07955647
62,85,-6.87780762
62,3,-6.38289928
62,23,-5.63578844
62,39,-5.44451618
62,102,-7.26918697
62,35,-5.81767607
62,20,-6.92053366
62,90,-6.57232094
62,56,-6.93752909
62,21,-6.85632992
62,72,-6.83087635
62,70,-6.73785114
62,48,-7.07701445
62,84,-6.64195299
63,49,3.48778081
63,50,0.34356302
63,51,2.14718175
63,52,-1.86117041
63,85,-7.24930334
63,15,-7.02774668
63,53,-3.12574577
63,87,-8.27089882
63,54,-3.15166903
63,31,-7.94034338
63,60,-5.63246965
63,86,-8.89466381
63,10,-7.12541676
63,64,-8.60742474
63,57,-6.94769478
63,56,-3.56955266
63,4,-9.12397575
63,55,-8.29954529
63,11,-9.76579094
63,6,-8.41405582
63,47,-7.90740252
63,14,-7.19489336
63,29,-7.50077868
63,46,-7.64610481
63,32,-8.99877930
63,66,-7.99802446
63,1,-8.69448090
63,28,-8.70950222
63,94,-9.01908493
63,2,-8.79137897
63,61,-8.91061974
63,63,-8.30367661
63,67,-7.90151834
63,7,-8.23592281
63,78,-9.79804611
63,43,-8.91700554
63,16,-7.95286798
63,33,-8.91160679
63,81,-9.28984261
63,72,-9.22366905
63,19,-8.46495819
63,23,-8.70704365
63,26,-9.05142403
63,25,-9.02310562
63,12,-8.98997402
63,70,-9.04682541
63,90,-9.39885521
63,73,-9.69410324
63,58,-8.65399933
63,3,-8.43365479
64,52,4.35622787
64,50,3.54083109
64,15,-0.18326718
64,51,1.94009495
64,16,-1.62159300
64,49,-1.59638679
64,14,-1.37725639
64,13,-1.35157692
64,10,-5.16656733
64,11,-6.16508055
64,27,-7.70789194
64,32,-8.53504467
64,87,-7.74091053
64,9,-8.08948612
64,35,-6.37994528
64,64,-9.20982456
64,28,-8.76113605
64,2,-9.03541470
64,25,-8.82875538
64,12,-7.35088730
64,91,-9.23037624
64,29,-9.98502636
64,4,-8.64104462
64,18,-10.13017273
64,72,-10.13990211
64,60,-8.93954372
64,36,-9.06541920
64,80,-9.84062004
64,55,-9.57289219
64,40,-10.20999241
64,88,-9.62014198
64,62,-9.97715950
64,90,-9.78362274
64,70,-9.73470020
64,96,-9.36633396
64,94,-9.47714329
64,6,-6.89233017
64,68,-9.75848103
64,1,-8.95515251
64,57,-8.93805599
64,84,-9.62212849
64,26,-10.04333019
64,48,-9.72166348
64,3,-9.36918736
64,20,-10.39077187
64,34,-8.48055649
64,95,-9.80417728
64,83,-8.22290897
64,86,-10.14588642
64,92,-10.14691448
65,50,-0.31936029
65,29,-7.01498795
65,4,-4.50274229
65,32,-7.57633495
65,3,-3.38273168
65,7,-6.37538433
65,31,-6.88028669
65,46,-6.46134424
65,44,-6.90921783
65,2,-5.52879286
65,30,-8.53654957
65,85,-6.94184828
65,6,-5.66779423
65,1,-6.35283327
65,86,-7.76037359
65,34,-6.74013948
65,19,-5.68189287
65,12,-5.69003773
65,18,-6.44062185
65,60,-6.51870489
65,14,-7.24944639
65,5,-7.65282440
65,49,-6.79053879
65,40,-7.48127031
65,41,-6.94138098
65,16,-7.48547554
65,10,-6.61065483
65,48,-7.50071096
65,28,-6.94897699
65,68,-7.49216509
65,64,-8.03662872
65,96,-7.31454802
65,72,-8.84989548
65,98,-7.89576101
65,51,-7.56954050
65,94,-7.25049162
65,80,-8.20036793
65,45,-6.73412800
65,91,-8.67877007
65,89,-7.02608442
65,92,-7.88595533
65,71,-6.02864027
65,101,-9.04074192
65,70,-7.91911793
65,43,-5.34832239
65,33,-6.76709986
65,69,-8.65613747
65,81,-6.13816595
65,26,-7.56190825
65,36,-6.19322443
66,53,0.78358513
66,54,2.21203756
66,55,-4.42789984
66,56,-2.68355632
66,78,-7.55671883
66,58,-9.28281498
66,86,-10.40746021
66,14,-9.14545059
66,72,-10.41871548
66,79,-9.05157852
66,17,-10.47039127
66,8,-10.13914204
66,30,-9.40746307
66,77,-9.43721008
66,42,-10.67810440
66,51,-8.05725384
66,69,-9.81856441
66,20,-10.34162331
66,9,-10.44888020
66,49,-10.46442699
66,64,-10.19875908
66,29,-8.95768356
66,10,-10.30046463
66,102,-9.75160503
66,44,-10.57652378
66,40,-10.60288429
66,74,-10.53519630
66,36,-10.64840221
66,82,-10.81974030
66,62,-9.67736149
66,34,-10.50683594
66,37,-10.79836655
66,7,-10.36363792
66,83,-10.87313080
66,75,-10.67960548
66,104,-9.62894726
66,89,-10.30137253
66,92,-9.92408371
66,5,-9.94412899
66,31,-10.28563309
66,33,-10.47779846
66,90,-9.85979366
66,88,-10.39009380
66,4,-10.84493542
66,18,-10.51126480
66,91,-10.33751106
66,16,-9.92181969
66,12,-10.37144756
66,60,-8.77235031
66,6,-10.65089417
67,55,4.69163609
67,53,-0.37022004
67,56,-0.34100941
67,54,-1.97562444
67,78,-0.13506274
67,61,-2.96894050
67,39,-3.99255061
67,64,-5.69878006
67,15,-6.02774334
67,80,-4.83080149
67,32,-6.48146057
67,90,-6.35329247
67,14,-6.46858311
67,51,-6.14427090
67,62,-6.52577305
67,13,-5.59465027
67,86,-8.64605141
67,52,-7.38480568
67,37,-8.42280102
67,50,-6.98419857
67,63,-7.88216877
67,83,-8.45158672
67,49,-6.80582237
67,60,-7.08536386
67,77,-7.39810562
67,74,-8.36363697
67,16,-7.16235113
67,35,-7.65405989
67,8,-8.52859974
67,43,-7.82620239
67,91,-8.20558167
67,30,-8.01230431
67,20,-8.43875504
67,58,-8.14176655
67,11,-8.45391369
67,69,-7.80776358
67,88,-8.16564465
67,5,-8.10845089
67,103,-5.79155254
67,79,-8.01065922
67,87,-8.99706745
67,12,-8.42524910
67,29,-7.72115374
67,31,-7.78749371
67,4,-8.27754498
67,104,-7.18463612
67,7,-8.55548382
67,59,-7.85438681
67,75,-8.55682278
67,70,-6.85315323
68,53,5.07802486
68,56,6.66436529
68,54,3.69004583
68,55,1.38552201
68,51,-0.62573427
68,14,-4.72168493
68,29,-4.49960756
68,60,-5.37340736
68,23,-6.29615211
68,30,-5.06700945
68,89,-9.31271076
68,58,-7.59578276
68,69,-6.70980167
68,64,-7.91878033
68,16,-7.59119129
68,46,-7.57840681
68,17,-9.76774311
68,79,-5.65565825
68,8,-8.19192791
68,78,-8.05031204
68,77,-7.49744987
68,5,-7.11600399
68,74,-8.23716068
68,38,-7.18376875
68,61,-7.34378481
68,49,-5.43362665
68,62,-6.62378740
68,95,-9.09728622
68,52,-6.71741247
68,26,-8.53057957
68,90,-8.93200970
68,9,-9.08545113
68,50,-5.25312567
68,39,-7.94892263
68,40,-8.68472099
68,37,-8.15625668
68,72,-9.60097694
68,92,-9.27395153
68,100,-9.04100227
68,31,-8.85333824
68,75,-8.71437740
68,57,-7.77809906
68,21,-9.52063370
68,47,-7.83060694
68,91,-9.27635002
68,73,-9.13315201
68,42,-9.00008774
68,103,-8.06907940
68,76,-8.85366440
68,33,-8.73125648
69,56,5.63990688
69,53,-0.98089087
69,54,-1.11161184
69,79,-2.05859447
69,55,-5.05075169
69,77,-7.98638725
69,51,-6.13406181
69,35,-8.31915760
69,40,-10.08667755
69,37,-10.20563889
69,8,-10.08130074
69,29,-10.00604057
69,20,-10.33725643
69,62,-9.38781071
69,43,-9.40976715
69,39,-9.70397091
69,78,-8.80760765
69,80,-9.64822674
69,50,-7.24960709
69,38,-9.07179260
69,33,-10.09367275
69,87,-10.78550529
69,90,-10.03813648
69,30,-10.17584610
69,52,-8.92640591
69,86,-10.57352257
69,82,-10.61347675
69,72,-10.46709251
69,61,-9.44555569
69,26,-9.94218063
69,64,-9.82233143
69,4,-10.41355324
69,27,-8.88140869
69,49,-7.92561245
69,11,-10.39150906
69,1,-10.20636845
69,23,-10.46263885
69,69,-9.81710529
69,25,-9.25127411
69,91,-10.38915157
69,14,-10.16437244
69,31,-9.62504864
69,15,-10.22803783
69,75,-9.44743824
69,2,-10.40932846
69,104,-9.97836399
69,16,-10.03642273
69,68,-10.33062840
69,70,-9.83469963
69,102,-10.45514202
70,53,1.81035161
70,54,-1.00198936
70,55,-1.71383655
70,56,-1.92363334
70,40,-9.33768654
70,78,-6.63899040
70,35,-9.05474281
70,30,-8.91546822
70,92,-8.44775963
70,59,-8.44370270
70,12,-8.38670540
70,91,-8.70838928
70,86,-10.01052380
70,96,-9.15520573
70,61,-9.05095577
70,90,-7.43183947
70,37,-9.10766506
70,58,-9.35940742
70,49,-9.25490856
70,69,-9.09056091
70,75,-9.43394279
70,14,-9.22013283
70,85,-9.66155434
70,51,-9.00361156
70,82,-9.64617443
70,89,-8.54915714
70,50,-9.42551327
70,64,-9.41917896
70,15,-9.36406040
70,104,-8.77447987
70,42,-9.97378540
70,6,-9.78302193
70,52,-9.72166634
70,48,-9.29616356
70,9,-9.45073700
70,95,-8.78798866
70,29,-8.94443130
70,33,-9.86133385
70,16,-9.90559769
70,28,-5.67459154
70,80,-8.69516563
70,66,-9.31522560
70,31,-9.43115807
70,25,-6.44455242
70,11,-9.81438923
70,72,-10.02687836
70,7,-8.72614384
70,73,-9.35799789
70,47,-9.04082394
70,26,-9.45602226
71,57,5.58550453
71,58,1.89818859
71,60,1.77159059
71,1,-0.94032013
71,3,-2.70736837
71,4,-2.73266649
71,70,-3.34750414
71,92,-5.51690435
71,71,0.62414765
71,59,-1.88969743
71,69,-4.29898405
71,19,-1.46320581
71,12,-3.98185444
71,2,-4.78695202
71,61,-6.74955368
71,50,-5.67080307
71,51,-6.09770346
71,10,-5.88055515
71,15,-4.25061369
71,9,-4.48889542
71,40,-6.39717150
71,63,-2.40203714
71,22,-4.89616776
71,93,-3.11810064
71,91,-5.88191271
71,55,-7.29964352
71,90,-7.16509104
71,72,-7.43957901
71,86,-7.05470371
71,7,-4.81465054
71,49,-5.71663952
71,76,-7.57088614
71,64,-7.10102463
71,52,-6.89735937
71,28,-6.49739265
71,97,-3.56287146
71,96,-6.55073738
71,67,-4.45006037
71,6,-4.75253773
71,30,-6.87927961
71,99,-5.65877485
71,24,-7.66883707
71,29,-6.82441330
71,14,-5.73076725
71,62,-7.41950989
71,31,-6.27197266
71,95,-5.98397493
71,16,-6.16844034
71,94,-6.09991741
71,88,-6.90119362
72,58,5.30295229
72,69,0.91682315
72,59,-0.02750734
72,17,-5.21551132
72,96,-3.60583735
72,92,-5.33002043
72,20,-1.68788397
72,93,-4.43127441
72,89,-5.21386290
72,95,-4.27973175
72,8,-6.27451849
72,40,-4.25286198
72,19,-5.61819553
72,9,-5.70194769
72,23,-6.92912531
72,57,-2.62380672
72,30,-6.49973679
72,66,-5.33637381
72,91,-6.32968664
72,29,-5.72240591
72,2,-5.43281603
72,86,-7.75995159
72,55,-7.87685776
72,37,-6.27099609
72,103,-3.48089528
72,61,-6.05645227
72,70,-4.08441448
72,1,-5.04051971
72,3,-5.29537106
72,53,-8.15728569
72,72,-7.66621923
72,54,-7.15892649
72,32,-6.95896482
72,12,-6.11961794
72,71,-2.01127410
72,31,-6.22203159
72,38,-4.01747274
72,39,-6.23734856
72,47,-6.30767679
72,5,-7.78387117
72,73,-8.52105141
72,101,-8.19130611
72,36,-4.92610502
72,62,-6.79598284
72,7,-7.42277193
72,14,-7.57566404
72,51,-7.68601179
72,33,-7.77802229
72,90,-7.55813217
72,60,-6.17750978
73,59,5.37230015
73,57,2.18580604
73,7,-1.78842175
73,58,-1.20649981
73,19,-3.70943284
73,93,-2.93438649
73,96,-5.28282785
73,94,-4.45007038
73,99,-3.42085576
73,3,-5.47449017
73,100,-3.07617593
73,95,-5.20337391
73,31,-6.01593924
73,50,-6.58917809
73,29,-6.95365906
73,5,-6.68044472
73,63,-6.52763462
73,6,-6.53789043
73,60,-4.56842232
73,70,-4.63646841
73,98,-4.20346832
73,97,-5.20785475
73,61,-7.85006380
73,64,-8.18193913
73,69,-6.44412613
73,66,-7.03068924
73,4,-8.06028175
73,71,-4.79675198
73,49,-7.01298285
73,81,-8.51248264
73,32,-7.13544750
73,40,-8.88022995
73,20,-8.72142315
73,28,-6.92822123
73,1,-6.25849009
73,8,-8.30538750
73,36,-8.42637825
73,55,-8.94825268
73,78,-9.49114132
73,2,-8.30671501
73,18,-8.73749161
73,10,-7.13600588
73,15,-7.39425850
73,30,-7.54639482
73,62,-7.71335649
73,103,-6.47937346
73,11,-9.09646988
73,90,-8.54178333
73,68,-7.40034056
73,13,-7.55854130
74,60,3.41241241
74,70,-5.14383554
74,32,-5.65625143
74,31,-5.84334183
74,50,-6.05047226
74,3,-4.01851606
74,14,-4.66535568
74,28,-7.20789719
74,96,-6.98344851
74,57,0.67265826
74,29,-5.09488821
74,20,-7.49973440
74,102,-6.54495382
74,104,-5.57513475
74,26,-6.86186981
74,12,-6.86588907
74,64,-7.59875727
74,16,-5.40069246
74,6,-6.14912462
74,13,-6.23586750
74,40,-7.57374191
74,15,-6.30256891
74,4,-6.78355980
74,63,-5.78677797
74,52,-6.94092226
74,86,-6.10973406
74,51,-5.98032713
74,36,-7.08728886
74,18,-7.52750540
74,68,-7.54918861
74,25,-7.88237762
74,1,-5.43759823
74,19,-5.72606659
74,7,-6.92938375
74,27,-7.47803593
74,90,-6.92011833
74,72,-8.21838379
74,23,-7.04779005
74,91,-7.28161478
74,39,-7.48704147
74,80,-8.28117561
74,5,-6.29564953
74,2,-7.78793383
74,59,-5.73391771
74,46,-6.92922544
74,22,-5.93043709
74,99,-7.20714998
74,33,-8.12011337
74,71,-4.88045263
74,11,-8.29489422
75,58,1.90653169
75,57,-2.65573382
75,14,-3.51282358
75,59,-5.76640272
75,29,-4.15338421
75,93,-7.18360281
75,51,-5.02303696
75,30,-4.38679647
75,60,-3.42789769
75,95,-5.79545975
75,96,-7.50036287
75,4,-7.93509531
75,62,-8.08725643
75,3,-8.19347000
75,15,-7.99829102
75,67,-7.86291170
75,16,-5.99171925
75,69,-5.35014248
75,5,-8.32302666
75,92,-7.72554302
75,52,-8.35354614
75,1,-7.14412355
75,2,-7.97740793
75,47,-8.39414406
75,64,-9.54085541
75,18,-9.77569962
75,49,-7.35649109
75,98,-8.40457153
75,53,-7.96422958
75,70,-6.86277580
75,50,-8.62808228
75,6,-9.23674583
75,72,-9.25803375
75,74,-7.97752953
75,55,-8.96398735
75,32,-9.34539413
75,63,-8.42116451
75,31,-8.05610561
75,103,-8.17249584
75,40,-8.06796837
75,101,-9.72543907
75,8,-8.32299232
75,66,-8.36580658
75,9,-8.67651463
75,94,-9.17689705
75,54,-7.69171333
75,12,-8.44949532
75,19,-8.43580341
75,86,-10.12755775
75,46,-8.51047707
76,61,4.41688061
76,62,-2.29762936
76,64,-4.17031527
76,63,-4.10712528
76,78,-7.13038540
76,90,-6.23539448
76,37,-8.61794376
76,39,-5.97017670
76,55,-9.47566128
76,15,-9.07392883
76,103,-6.93868160
76,35,-8.14990330
76,29,-9.64093494
76,3,-8.22877312
76,51,-9.41694736
76,5,-9.66816425
76,31,-9.36908054
76,43,-8.45659733
76,18,-9.66928959
76,12,-9.40273952
76,79,-9.21897602
76,101,-9.16434860
76,8,-9.45917606
76,91,-10.11462688
76,50,-9.29599857
76,82,-8.75787544
76,14,-9.55177116
76,20,-8.88786602
76,10,-9.26967621
76,76,-8.66061497
76,94,-9.91272449
76,30,-9.64126492
76,96,-8.94087696
76,49,-9.53351402
76,98,-9.58389759
76,58,-9.96100140
76,27,-9.40861988
76,74,-9.58772564
76,13,-9.40380955
76,32,-10.00248051
76,53,-10.14488602
76,2,-9.51731968
76,34,-9.21782875
76,4,-8.89503670
76,47,-8.67356205
76,52,-9.58899689
76,75,-9.69489956
76,80,-9.51843548
76,11,-9.68036079
76,56,-10.10608196
77,63,5.81163549
77,62,-4.51529741
77,61,-5.73743248
77,26,-8.22889328
77,4,-4.49195623
77,50,-8.07652855
77,71,-3.39720225
77,12,-7.53464174
77,3,-3.88248897
77,57,-4.22973299
77,94,-6.91959429
77,24,-7.98088121
77,19,-5.62315989
77,46,-7.26763725
77,96,-9.09620476
77,15,-8.46269417
77,88,-7.55372000
77,100,-5.71181011
77,66,-7.21215963
77,58,-8.62146759
77,6,-4.94174337
77,80,-8.59259224
77,1,-5.05206823
77,68,-7.35547686
77,36,-6.35511637
77,29,-8.18197346
77,55,-9.62015152
77,64,-8.86738110
77,25,-7.48320675
77,52,-8.72389317
77,20,-7.89597750
77,7,-7.84310389
77,43,-8.18971825
77,90,-8.79224396
77,60,-8.59703732
77,67,-7.29458189
77,34,-5.39936304
77,65,-5.70934725
77,92,-8.73321152
77,32,-9.11229134
77,30,-8.48188210
77,35,-6.92941332
77,93,-7.39996767
77,82,-8.83242607
77,31,-7.16611052
77,47,-8.59386063
77,91,-8.85149002
77,104,-8.55226803
77,51,-8.61771679
77,72,-9.32142925
78,62,4.81476641
78,61,-2.19521332
78,64,-6.12252855
78,63,-2.95840478
78,17,-8.40319538
78,50,-8.29076290
78,30,-9.57149601
78,53,-10.01758766
78,6,-10.50850677
78,2,-10.31396008
78,56,-9.22129631
78,46,-9.29515457
78,40,-9.82357121
78,54,-10.09831905
78,96,-10.24181652
78,58,-9.76904964
78,12,-10.46109104
78,20,-9.90951252
78,88,-9.01670742
78,92,-10.02923203
78,91,-10.46889114
78,29,-10.01935959
78,78,-10.41953182
78,55,-10.47230530
78,8,-10.35348797
78,80,-10.07766724
78,79,-10.10262775
78,26,-10.39602947
78,94,-10.09284878
78,81,-10.12627697
78,44,-10.30770588
78,22,-10.35748577
78,42,-10.35334682
78,90,-9.95767403
78,21,-10.16027927
78,95,-9.83840847
78,18,-10.39411926
78,36,-10.24358368
78,82,-10.61814785
78,24,-10.20937538
78,37,-10.67918682
78,85,-10.28724289
78,4,-10.43087292
78,104,-10.44878292
78,31,-10.31326199
78,93,-10.15664577
78,86,-10.67048740
78,66,-10.36506653
78,3,-10.39308357
78,77,-10.70378876
79,64,3.92849517
79,62,-3.13042164
79,61,-4.26126337
79,96,-5.05276299
79,63,-7.57602119
79,52,-8.06823730
79,32,-7.18505335
79,15,-5.43919659
79,94,-7.68160915
79,91,-8.41345119
79,80,-6.25183964
79,60,-7.75818539
79,50,-7.91312265
79,51,-8.56621552
79,26,-8.94852924
79,3,-8.36626720
79,31,-8.62698460
79,55,-8.02747440
79,46,-8.08744335
79,76,-8.48411560
79,74,-8.53764343
79,54,-8.08712101
79,90,-8.13225746
79,95,-7.67907906
79,19,-8.53232288
79,93,-8.04038906
79,49,-8.45231247
79,16,-5.97892666
79,47,-8.11146545
79,81,-8.21603584
79,6,-9.22098064
79,40,-6.77061605
79,29,-8.59003544
79,18,-8.15398788
79,30,-8.82866669
79,88,-9.26834774
79,56,-8.86036873
79,36,-8.98371410
79,27,-8.73040104
79,24,-9.53751755
79,21,-9.45821953
79,84,-8.58656883
79,7,-8.59096718
79,5,-9.18310833
79,103,-8.23414040
79,25,-8.76493549
79,10,-9.33189297
79,20,-9.26653767
79,102,-8.51786709
79,4,-8.91489315
80,62,2.35444736
80,61,-3.13912201
80,63,0.04077790
80,64,-5.19771481
80,40,-4.21439981
80,20,-4.61116695
80,58,-5.77918720
80,86,-7.83812571
80,88,-7.67680788
80,29,-6.30878687
80,30,-6.78804588
80,31,-7.01598406
80,19,-6.93223476
80,12,-7.05026865
80,104,-6.64061069
80,18,-8.60092449
80,4,-8.20305920
80,36,-7.45345926
80,80,-7.52918673
80,68,-5.58365345
80,32,-7.05683279
80,44,-8.92479324
80,24,-7.88348722
80,59,-6.26919031
80,2,-8.32163143
80,8,-7.08257961
80,39,-4.57771587
80,46,-5.82975674
80,90,-7.66877031
80,55,-8.06610489
80,100,-6.66455412
80,50,-7.98000431
80,47,-6.81753016
80,78,-7.48737144
80,56,-8.57908154
80,92,-8.33976650
80,6,-8.01696777
80,82,-8.37775326
80,49,-8.07040882
80,54,-7.91488695
80,34,-7.97711372
80,3,-7.69612980
80,26,-7.23523331
80,37,-8.20452690
80,66,-7.32329750
80,69,-7.55899811
80,101,-9.12201405
80,71,-5.97516823
80,72,-8.99756050
80,51,-7.65954971
81,66,1.92611229
81,65,4.09639978
81,94,-2.45528960
81,7,-4.26056337
81,67,-0.06677011
81,63,-2.48576283
81,31,-4.62677622
81,68,-0.69798219
81,59,-4.73796701
81,74,-7.93961763
81,10,-4.28644133
81,49,-5.90967131
81,3,-7.60241365
81,50,-7.44899416
81,15,-3.94052148
81,19,-5.07704163
81,57,-4.92086935
81,95,-6.14364004
81,5,-8.80022812
81,73,-6.91850805
81,97,-4.43754864
81,2,-6.78185225
81,6,-6.82906389
81,93,-7.23754358
81,1,-6.99652338
81,85,-6.18862057
81,29,-8.63944626
81,12,-7.42040682
81,78,-8.61412048
81,88,-7.10619593
81,45,-8.14437866
81,32,-7.54272890
81,72,-5.42153454
81,64,-8.48144341
81,99,-7.13053274
81,70,-4.61623335
81,9,-8.68999481
81,80,-8.79113865
81,87,-8.00759315
81,52,-7.58349562
81,30,-8.70373535
81,37,-7.85882044
81,71,-3.95578527
81,90,-8.29582024
81,51,-8.71322536
81,86,-9.16318893
81,58,-8.75137234
81,4,-8.01349068
81,18,-9.29657841
81,96,-8.00074005
82,66,1.93583369
82,65,0.61863828
82,68,1.91666126
82,94,-2.90456414
82,63,-0.67689872
82,67,-0.25296342
82,95,-2.99748731
82,7,-6.53731728
82,60,-7.28653669
82,71,-4.20899153
82,86,-9.02490807
82,37,-8.66409683
82,89,-8.26947308
82,8,-8.24473286
82,93,-5.67390537
82,59,-6.18624067
82,81,-7.98471451
82,50,-6.61773968
82,31,-5.07096052
82,82,-8.77300549
82,92,-6.90418243
82,19,-5.37073612
82,70,-6.93520927
82,14,-8.18834686
82,100,-6.11720181
82,46,-6.11928844
82,47,-6.78910637
82,23,-8.62577724
82,2,-5.65371704
82,96,-7.87502623
82,58,-8.95888615
82,102,-9.47248363
82,97,-5.44251537
82,26,-8.07499027
82,6,-7.30025196
82,29,-8.21734047
82,104,-8.77080917
82,62,-7.27231169
82,57,-5.79325867
82,75,-8.93549442
82,12,-7.02939224
82,5,-8.76885128
82,49,-6.00681448
82,32,-8.42408848
82,21,-7.90877390
82,30,-8.88469982
82,53,-9.77460003
82,78,-8.31791782
82,3,-6.87890673
82,98,-7.27047968
83,67,4.86157894
83,94,-2.88672447
83,66,-2.34240270
83,15,-3.03859901
83,31,-5.16368532
83,97,-3.81215692
83,49,-3.70643330
83,7,-6.86924601
83,4,-5.89147568
83,19,-5.21451902
83,2,-5.37763166
83,93,-5.82979870
83,63,-4.99526072
83,68,-4.58673477
83,57,-3.21336293
83,81,-7.86612558
83,87,-4.26752043
83,85,-3.67765617
83,1,-4.68326283
83,52,-6.72439241
83,5,-7.20806360
83,82,-7.86905146
83,12,-6.95572472
83,29,-7.98793983
83,88,-5.50564098
83,26,-8.35415173
83,51,-7.46370888
83,10,-6.08583784
83,32,-7.13215780
83,18,-9.08676338
83,64,-7.54037428
83,92,-7.68012333
83,6,-7.59267950
83,96,-6.37763929
83,14,-7.42518711
83,50,-6.90342665
83,59,-5.48033762
83,36,-8.36901855
83,3,-7.96898317
83,80,-8.27738476
83,95,-5.56922102
83,86,-8.40434837
83,39,-7.70141411
83,47,-5.41750765
83,65,-5.28170347
83,90,-7.87200260
83,91,-8.40264416
83,60,-7.52142477
83,25,-7.73965263
83,55,-8.34215450
84,68,4.49978495
84,63,-3.52108407
84,31,-6.07469893
84,44,-9.75058079
84,66,-0.15604642
84,95,-7.20039415
84,19,-4.59718418
84,85,-6.87763786
84,70,-8.73540688
84,52,-8.01833916
84,94,-7.29712200
84,4,-7.80084419
84,40,-9.08321953
84,90,-7.25672817
84,88,-7.72701025
84,7,-7.28526783
84,72,-7.98545074
84,32,-7.72476435
84,20,-9.51548004
84,49,-6.72613382
84,89,-7.85057163
84,50,-8.38990784
84,67,-4.39497614
84,86,-9.28884888
84,46,-8.76165962
84,59,-6.08226442
84,97,-6.31970215
84,61,-9.52780724
84,57,-4.74510527
84,92,-9.30363083
84,29,-9.32307625
84,69,-6.35238791
84,6,-8.97407913
84,12,-7.87794352
84,102,-8.85060787
84,96,-9.73649597
84,15,-7.61170721
84,104,-8.39209557
84,91,-8.88487148
84,3,-8.83745289
84,65,-6.09037685
84,64,-9.89633179
84,47,-9.49876404
84,62,-9.01689339
84,100,-8.90131855
84,71,-7.93623257
84,33,-9.86551094
84,93,-7.64257479
84,1,-8.26090908
84,2,-8.02112770
85,66,-0.28480157
85,68,-0.79148453
85,65,-1.72481859
85,94,-3.66830087
85,67,-4.10058594
85,50,-5.93761444
85,63,-5.46643829
85,71,-3.76563215
85,72,-7.39885139
85,31,-5.25137138
85,82,-7.70254421
85,59,-6.32894230
85,29,-4.98526335
85,40,-7.10209703
85,70,-6.59570980
85,91,-6.95338297
85,69,-6.58506203
85,86,-8.22676373
85,64,-7.22070599
85,32,-6.60987139
85,19,-6.40084362
85,46,-5.93638468
85,55,-7.90696096
85,7,-7.02801943
85,95,-7.24799967
85,77,-6.23466778
85,34,-5.28481102
85,3,-6.44963837
85,30,-6.16911173
85,96,-7.01970768
85,18,-7.07553291
85,81,-5.95396566
85,49,-7.30802584
85,6,-6.89013481
85,4,-6.69106102
85,60,-6.90262699
85,58,-7.20685482
85,99,-6.86206150
85,47,-5.96282578
85,33,-5.76736355
85,53,-8.42288494
85,36,-5.46360159
85,62,-6.03306913
85,87,-8.32216167
85,54,-7.60578346
85,93,-5.07245541
85,90,-6.38945723
85,80,-6.08059263
85,2,-6.51063967
85,61,-7.96446562
86,69,5.11212111
86,36,-3.04285455
86,71,1.76319182
86,58,-2.67457294
86,72,-1.70822108
86,33,-5.82354307
86,17,-7.16722107
86,20,-5.60855722
86,37,-6.42413282
86,18,-7.17097616
86,70,-2.17818975
86,45,-6.92214441
86,86,-7.52913952
86,46,-5.79274988
86,59,-6.49689531
86,34,-5.90651655
86,38,-5.68884134
86,19,-7.58273745
86,47,-6.57699633
86,32,-7.98131466
86,30,-8.42215919
86,6,-6.96465063
86,92,-7.54810476
86,91,-5.84302521
86,39,-6.69955301
86,15,-6.25046015
86,7,-8.04021263
86,54,-7.68726778
86,52,-8.12273979
86,82,-7.54153633
86,48,-7.58473444
86,21,-7.80360842
86,8,-7.78987074
86,14,-7.26369047
86,35,-6.97599792
86,60,-7.70393610
86,26,-7.40644789
86,29,-7.98684359
86,64,-8.03739166
86,89,-7.36041451
86,53,-8.03968430
86,73,-8.62558937
86,68,-4.04249525
86,23,-7.65688562
86,9,-8.91491890
86,66,-5.97572088
86,67,-5.54847574
86,5,-8.34626770
86,31,-7.44250870
86,56,-8.54760551
87,70,3.54964924
87,72,0.19458877
87,71,2.24560142
87,15,-2.60823107
87,68,-4.16563988
87,31,-6.25887728
87,7,-6.91975212
87,69,-1.62244511
87,6,-7.63170862
87,35,-6.17619324
87,28,-6.05638504
87,96,-7.84884119
87,19,-7.52455425
87,51,-7.50105238
87,66,-6.96255684
87,86,-8.79521656
87,50,-8.68796444
87,65,-5.66719437
87,30,-9.21239567
87,32,-9.55888844
87,80,-8.54723454
87,29,-8.41159630
87,67,-5.74687767
87,60,-7.81754684
87,8,-6.34700060
87,33,-8.69163513
87,5,-7.25727081
87,85,-7.66775703
87,87,-8.76284122
87,3,-9.60875416
87,40,-10.11134624
87,55,-9.47672653
87,25,-7.66758680
87,94,-8.20100975
87,11,-9.60626888
87,26,-9.79200649
87,12,-9.48873329
87,64,-9.64748096
87,81,-9.83488941
87,20,-10.27126694
87,46,-9.06556892
87,2,-9.27840996
87,13,-8.36228657
87,36,-10.00374031
87,49,-9.00478649
87,59,-8.37966061
87,90,-9.35366440
87,18,-9.91475964
87,99,-8.35656357
87,63,-9.30712414
88,71,5.00880003
88,3,-1.68254721
88,69,-1.54430413
88,4,-5.22903109
88,24,-7.00422144
88,99,-4.03699589
88,6,-5.85402966
88,36,-3.98236012
88,63,-4.05938435
88,34,-2.79942060
88,100,-5.91177225
88,31,-7.74585390
88,18,-6.53130198
88,1,-2.30539942
88,82,-6.46840906
88,26,-6.40374470
88,37,-6.89399290
88,19,-5.94506454
88,59,-4.95263195
88,33,-6.48983622
88,88,-7.87231207
88,58,-6.55930853
88,10,-7.44581556
88,96,-8.27150059
88,12,-7.51797867
88,38,-6.08287001
88,25,-7.16504526
88,7,-7.40228987
88,70,-5.19450426
88,2,-6.45561266
88,86,-7.66609001
88,39,-7.22901535
88,94,-7.45340347
88,28,-7.29717016
88,84,-7.36229038
88,60,-7.89748478
88,64,-8.18858337
88,45,-7.19073248
88,15,-8.07671833
88,62,-7.04936934
88,11,-8.24866295
88,93,-5.76782990
88,46,-6.25361395
88,57,-3.94763947
88,92,-7.16491842
88,104,-8.45709419
88,52,-7.31957388
88,76,-7.98788452
88,27,-7.00269556
88,78,-8.83341789
89,72,5.03974104
89,70,-0.30218199
89,86,-6.89588261
89,91,-6.98905420
89,15,-5.63699627
89,68,-7.13852692
89,69,-5.42773104
89,46,-9.13033485
89,104,-6.54731369
89,40,-9.94429588
89,85,-9.54236221
89,31,-8.94215393
89,71,-3.56149411
89,92,-9.63574600
89,23,-8.12724113
89,19,-9.08154678
89,50,-9.25703907
89,100,-9.90410995
89,52,-9.90960503
89,26,-10.30488968
89,32,-10.19448662
89,47,-9.82923603
89,87,-10.08311176
89,66,-8.04694653
89,89,-9.86997223
89,6,-9.87533092
89,51,-9.06239700
89,49,-9.42573166
89,64,-10.13488007
89,25,-9.74215317
89,58,-10.15565205
89,20,-10.67816925
89,88,-9.97647858
89,12,-10.27253151
89,65,-8.03640747
89,24,-10.45003128
89,60,-9.81517601
89,2,-9.72409248
89,90,-9.90482330
89,102,-9.19822502
89,94,-9.89917755
89,53,-10.63366890
89,35,-9.81445312
89,54,-10.52336311
89,10,-10.29361248
89,39,-10.37301350
89,67,-7.50082874
89,8,-10.45464706
89,103,-8.98292542
89,28,-9.92651844
90,72,-6.27450752
90,70,-3.81561208
90,71,-2.75289965
90,15,-7.55556345
90,3,-7.43434572
90,1,-6.50472593
90,52,-8.52967453
90,99,-6.95749235
90,35,-8.34626389
90,69,-7.17736673
90,36,-9.33274460
90,6,-8.66122818
90,86,-9.74140453
90,57,-7.04649115
90,19,-8.70875168
90,5,-8.76979828
90,26,-9.37021637
90,76,-8.74173355
90,50,-8.28677750
90,49,-8.93574429
90,60,-8.94899368
90,51,-9.51510715
90,96,-9.33469963
90,2,-8.95332241
90,33,-9.12333775
90,12,-9.28214455
90,10,-9.76549053
90,65,-9.15579605
90,13,-9.06022835
90,4,-8.35473824
90,82,-9.40489578
90,64,-10.04461098
90,91,-9.86152077
90,58,-9.39130020
90,87,-9.56291962
90,8,-9.30921364
90,92,-9.17264366
90,28,-9.30303001
90,95,-9.74129677
90,53,-10.25771141
90,90,-9.11809826
90,32,-10.05595875
90,42,-9.64938164
90,63,-8.82355976
90,55,-10.43181801
90,59,-9.57977200
90,100,-9.09451866
90,46,-9.02468109
90,67,-9.43983650
90,16,-9.35223770
91,75,5.03997898
91,73,2.59916282
91,74,1.03867626
91,77,-4.80243778
91,79,-5.75563908
91,78,-8.01258278
91,80,-8.40004063
91,76,-5.28483200
91,7,-8.66632080
91,53,-9.01744366
91,89,-8.71436405
91,93,-8.17334461
91,23,-8.74794292
91,90,-8.55274677
91,29,-9.06832409
91,100,-8.15430164
91,36,-8.34918118
91,26,-8.74308395
91,95,-8.25410748
91,92,-8.70660210
91,54,-9.10594845
91,15,-9.58310032
91,66,-5.36496019
91,9,-8.13458157
91,81,-9.07203579
91,8,-8.62992477
91,52,-9.38484383
91,14,-8.58504772
91,2,-9.46520138
91,50,-9.38709450
91,69,-9.05217648
91,12,-9.25291920
91,18,-9.32355976
91,25,-8.51784801
91,82,-9.41784000
91,5,-9.26273346
91,91,-9.33927822
91,64,-9.51227856
91,44,-9.29565334
91,43,-8.49849606
91,96,-9.61345673
91,103,-9.16736794
91,6,-9.10784817
91,21,-9.51460075
91,58,-9.68201351
91,32,-9.43257427
91,10,-8.04359150
91,60,-9.35289574
91,3,-8.86569691
91,68,-9.24556351
92,74,3.86963630
92,73,-0.38954970
92,75,-0.90638083
92,76,-0.51028436
92,93,-6.07821941
92,62,-7.77991486
92,78,-5.66680241
92,77,-5.03425884
92,55,-7.90146780
92,29,-8.40257359
92,2,-7.72742081
92,80,-7.39179945
92,35,-7.89959478
92,79,-6.91747284
92,1,-8.80703545
92,14,-7.62661314
92,5,-6.15250349
92,54,-8.57816792
92,61,-7.37508392
92,32,-7.64063883
92,40,-8.84114265
92,64,-7.86456537
92,39,-7.86050653
92,97,-6.65209627
92,90,-7.33259106
92,20,-9.16337776
92,92,-7.80622959
92,71,-8.13222313
92,15,-7.89893579
92,83,-9.03228474
92,94,-8.56769085
92,49,-8.52426815
92,30,-8.49164486
92,103,-7.17298222
92,69,-8.22960567
92,18,-9.11367035
92,95,-7.19603729
92,96,-8.72900200
92,68,-8.72378731
92,51,-7.80474710
92,11,-8.97686958
92,82,-9.23285866
92,50,-8.35233974
92,67,-7.44067430
92,100,-7.46240520
92,6,-8.87078571
92,91,-8.77800846
92,4,-8.66494274
92,10,-8.78774643
92,56,-8.81295395
93,73,4.44624949
93,74,0.69090903
93,75,-0.00068867
93,66,-2.53318644
93,95,-6.38431120
93,76,-4.24511909
93,58,-6.25028229
93,89,-6.42914486
93,17,-8.09783077
93,9,-7.10647774
93,93,-7.11148930
93,8,-5.84605980
93,92,-7.11393070
93,23,-8.81305981
93,30,-8.56804657
93,65,-6.56237459
93,69,-6.66141081
93,77,-5.84582043
93,53,-7.67959881
93,5,-8.10439682
93,22,-8.99986458
93,29,-8.75785446
93,79,-7.55664301
93,78,-8.19541550
93,37,-8.31215858
93,97,-6.86854362
93,35,-7.95476341
93,6,-8.75571823
93,33,-8.68348122
93,90,-7.04369164
93,25,-7.50430489
93,26,-9.07285690
93,94,-8.20082283
93,91,-8.76802540
93,14,-7.95286274
93,64,-9.23600960
93,20,-8.15805435
93,80,-8.49568272
93,81,-9.09256458
93,96,-9.16655731
93,36,-8.72847652
93,101,-9.80706692
93,42,-8.57773113
93,72,-9.42484093
93,54,-8.50208569
93,56,-8.52589035
93,86,-9.84292698
93,82,-9.58595657
93,12,-9.05683613
93,100,-8.24635410
94,76,5.01003075
94,73,-3.37527752
94,75,-4.30140114
94,74,-1.34730923
94,3,-6.29312992
94,96,-8.20913982
94,7,-6.29050732
94,64,-7.74483538
94,6,-7.47547865
94,78,-7.45731449
94,65,-6.54833412
94,5,-6.51631308
94,12,-8.46799183
94,95,-7.37144232
94,100,-6.43211746
94,82,-7.78189850
94,63,-6.55092144
94,80,-7.64980698
94,19,-7.51452112
94,23,-7.28180885
94,8,-7.61095524
94,31,-7.22337675
94,99,-6.18044567
94,4,-7.74001265
94,34,-6.12535954
94,2,-6.34127617
94,52,-7.97550678
94,81,-7.28054237
94,84,-7.89265156
94,90,-7.09701633
94,1,-7.39054203
94,50,-7.68706179
94,94,-8.30930042
94,32,-7.86214256
94,17,-8.88371849
94,21,-7.41559505
94,68,-7.42428589
94,77,-6.57804346
94,40,-8.38308048
94,79,-6.79113483
94,92,-8.31544971
94,29,-7.87088394
94,14,-7.43996429
94,22,-8.24604511
94,66,-7.36112213
94,26,-7.74090099
94,59,-7.73021793
94,9,-7.34750271
94,18,-7.70818186
94,60,-7.76935625
95,75,3.13469148
95,76,-4.11298180
95,73,-4.01036549
95,74,-1.75292921
95,12,-8.01310349
95,43,-7.83608198
95,3,-8.22252369
95,14,-9.02612686
95,86,-9.21857643
95,8,-8.48753357
95,36,-8.04337978
95,26,-9.91550446
95,40,-9.24129200
95,63,-8.76873302
95,20,-9.02725220
95,102,-8.98073578
95,78,-9.46739769
95,90,-9.32526970
95,104,-8.59407425
95,80,-9.12146664
95,7,-9.09366417
95,64,-9.28640938
95,53,-8.08286858
95,18,-9.96815109
95,19,-8.63940430
95,58,-9.09288979
95,91,-9.32336998
95,77,-7.10615444
95,79,-7.80614281
95,93,-9.75778294
95,61,-9.06370449
95,32,-9.57658195
95,29,-9.72873878
95,44,-8.94154739
95,10,-8.73229408
95,54,-8.48787117
95,100,-9.24763298
95,92,-9.20746517
95,6,-9.59766102
95,2,-9.53549194
95,47,-8.13406849
95,52,-9.68090725
95,1,-10.01981449
95,55,-9.85934734
95,50,-9.05304337
95,4,-9.16839218
95,13,-8.86966515
95,15,-8.73619270
95,101,-9.51960182
95,31,-9.36701012
96,77,0.59875047
96,78,-0.22973220
96,79,-3.91239572
96,56,-5.45976019
96,55,-6.37457657
96,74,-5.67948961
96,54,-7.52629948
96,26,-8.75315762
96,39,-6.31336594
96,30,-9.51764011
96,53,-8.50551224
96,73,-7.49608088
96,76,-7.49402618
96,38,-8.02397633
96,80,-6.21457577
96,61,-8.76773167
96,8,-9.40059948
96,14,-5.45193815
96,17,-9.67940998
96,86,-9.89014912
96,90,-7.14209509
96,32,-7.02713251
96,31,-8.73647881
96,43,-8.45783329
96,91,-9.04394913
96,29,-9.23703861
96,64,-7.20543575
96,20,-9.46471310
96,75,-6.62848568
96,94,-9.95907593
96,69,-9.83835411
96,58,-9.60587120
96,40,-9.34699726
96,13,-7.38188457
96,4,-9.84082508
96,104,-7.12964439
96,23,-9.98316002
96,72,-9.77205658
96,51,-8.62960243
96,27,-9.20427608
96,57,-7.93460655
96,18,-9.81503010
96,12,-9.32174301
96,11,-10.04808140
96,62,-9.30478287
96,37,-9.81184101
96,9,-9.67874432
96,25,-8.50530624
96,88,-9.67983723
96,7,-9.77595043
97,78,4.83112764
97,77,1.26536846
97,80,-1.22593558
97,55,-0.63945132
97,79,-3.82276034
97,39,-2.69371295
97,54,-4.50390816
97,56,-4.05219555
97,90,-6.39804888
97,103,-5.54715586
97,75,-6.86219835
97,61,-6.66529179
97,12,-8.58199215
97,91,-8.77940083
97,37,-8.23777676
97,53,-7.70952940
97,14,-7.74398279
97,40,-8.49049187
97,8,-8.69380569
97,62,-7.29521704
97,13,-7.87648916
97,17,-8.74401951
97,29,-8.46735096
97,20,-8.84656239
97,86,-8.72765160
97,47,-7.92142344
97,43,-7.93513346
97,32,-8.45501041
97,10,-7.22313118
97,15,-8.58314800
97,72,-9.36596394
97,82,-8.43154335
97,74,-6.31519270
97,102,-7.70362949
97,30,-8.44596577
97,51,-6.99450731
97,18,-9.18004227
97,1,-8.88518620
97,58,-7.77738142
97,104,-8.21750069
97,92,-8.69484997
97,7,-8.95979881
97,64,-7.93268347
97,96,-8.62736034
97,88,-8.12339211
97,9,-7.15641022
97,46,-8.46632576
97,23,-9.03606415
97,4,-8.80138874
97,101,-8.56347370
98,77,0.85233301
98,79,-2.19393611
98,56,-0.84608197
98,78,1.45854270
98,54,-5.58689404
98,8,-8.91446209
98,53,-5.66462326
98,75,-7.64031792
98,80,-4.82230234
98,29,-9.78883743
98,86,-10.00798130
98,17,-9.94685078
98,26,-8.50078106
98,31,-9.13655472
98,30,-9.46716881
98,55,-9.28114223
98,38,-8.77647400
98,81,-10.88466072
98,7,-9.53508663
98,12,-10.02137947
98,5,-9.85174370
98,66,-9.19474411
98,18,-9.86315918
98,91,-9.87680626
98,72,-10.01332664
98,89,-10.44290543
98,73,-9.09144878
98,23,-10.16046429
98,32,-10.02589130
98,9,-9.85658646
98,43,-9.47930145
98,40,-10.20984077
98,90,-9.45170975
98,64,-9.30457592
98,100,-10.03058147
98,20,-10.13708496
98,13,-10.74062920
98,97,-9.60758781
98,82,-10.60855103
98,33,-10.50441074
98,95,-10.26894760
98,19,-9.88692570
98,36,-10.29205799
98,58,-9.70584774
98,74,-7.77864838
98,96,-10.15258980
98,6,-10.42596245
98,37,-10.43746567
98,2,-10.22277069
98,27,-9.21236038
99,80,5.79909134
99,78,0.28570950
99,77,0.82390088
99,79,-2.16361833
99,74,-5.50965643
99,39,-1.87179422
99,40,-4.87668610
99,64,-6.05951405
99,4,-9.49721527
99,54,-7.95321655
99,11,-7.82418442
99,94,-8.39716816
99,15,-6.69565201
99,29,-9.44486713
99,32,-9.07217121
99,55,-6.93259048
99,87,-8.55959988
99,62,-9.05931759
99,38,-5.74049664
99,91,-9.56599903
99,21,-7.50759697
99,2,-9.55754566
99,75,-9.10740662
99,20,-9.83958530
99,52,-9.58879948
99,90,-9.03960896
99,68,-9.27109432
99,50,-9.29808044
99,14,-9.09421825
99,88,-9.73227310
99,96,-8.72250366
99,76,-8.49597740
99,63,-9.39657784
99,30,-9.45902252
99,86,-9.90591335
99,1,-9.37108612
99,26,-10.07222652
99,19,-9.21361446
99,23,-9.72619534
99,56,-9.93525982
99,103,-8.68581486
99,72,-10.11114883
99,12,-10.08486938
99,25,-9.84209538
99,81,-9.80567360
99,71,-9.28426838
99,83,-9.36808491
99,73,-8.34767628
99,27,-9.65723038
99,65,-8.03576660
100,79,3.44335270
100,80,-1.22119474
100,78,-0.53904885
100,77,-0.10384233
100,56,-0.33532044
100,40,-8.25256824
100,64,-6.93232250
100,86,-9.47563076
100,104,-8.62983990
100,32,-8.61307049
100,55,-8.45312595
100,75,-6.66160059
100,39,-7.61598253
100,17,-9.02391529
100,20,-8.71796322
100,9,-8.51194954
100,88,-8.70413685
100,12,-8.72051620
100,4,-8.93206310
100,5,-8.62952900
100,54,-8.15979958
100,72,-9.38673496
100,18,-8.52708721
100,52,-8.15980911
100,44,-8.22947025
100,25,-9.05653667
100,10,-8.60823917
100,76,-7.21624327
100,30,-8.81301403
100,74,-7.08523035
100,36,-8.00271225
100,29,-8.14856052
100,6,-9.17568302
100,7,-8.99905300
100,38,-8.39767551
100,11,-8.87553120
100,96,-9.22447681
100,19,-8.23330212
100,47,-7.95114470
100,31,-8.51544857
100,8,-8.77059174
100,24,-8.96205235
100,15,-8.98249817
100,1,-8.84154797
100,43,-7.96479750
100,45,-8.69028950
100,90,-8.78700542
100,14,-9.33692360
100,84,-9.00134563
100,92,-8.99887753
101,81,1.62866127
101,83,2.16761637
101,84,2.15807438
101,82,-3.79341817
101,21,-4.64806461
101,19,-6.14617729
101,23,-5.20516491
101,97,-7.34737539
101,98,-8.09084606
101,2,-6.75996494
101,45,-7.98204899
101,22,-6.20181370
101,36,-6.22050047
101,20,-10.15847015
101,17,-9.74424934
101,40,-8.43763161
101,85,-6.30319881
101,7,-7.38537216
101,1,-8.72064972
101,3,-7.53398514
101,4,-8.11295128
101,10,-7.67285633
101,86,-9.36504555
101,64,-6.43550634
101,18,-9.08090305
101,39,-7.91301346
101,37,-8.70842743
101,6,-7.05961227
101,96,-7.58436966
101,91,-8.15730858
101,87,-8.02575874
101,38,-8.52577400
101,33,-7.46762037
101,11,-9.75965500
101,88,-8.88731766
101,5,-9.24779129
101,94,-8.13565826
101,29,-9.69583321
101,34,-6.36774302
101,48,-8.85079384
101,31,-9.31841087
101,90,-7.13068295
101,47,-7.68168068
101,71,-8.03449440
101,42,-8.51533699
101,46,-4.53283310
101,52,-7.97605324
101,68,-9.78656960
101,76,-8.58021927
101,32,-7.67945004
102,83,2.04121304
102,84,1.56201708
102,81,0.84365755
102,82,-3.26795816
102,21,-4.33090019
102,4,-6.79060364
102,23,-5.58693361
102,19,-5.32621574
102,15,-7.44559622
102,86,-7.19528389
102,88,-5.17212248
102,20,-7.96210575
102,97,-4.66388655
102,11,-8.57984447
102,33,-5.98118877
102,34,-3.85469437
102,92,-6.56920767
102,98,-3.90657949
102,3,-5.24481583
102,85,-6.67169666
102,36,-4.66501474
102,1,-7.31452656
102,48,-6.28080606
102,78,-8.80111217
102,12,-8.21972561
102,17,-8.43805027
102,6,-7.35481310
102,50,-7.05456591
102,32,-6.50140095
102,2,-6.36713886
102,94,-8.14612675
102,39,-7.59992313
102,7,-6.20017433
102,10,-8.18193436
102,26,-8.00410366
102,64,-7.77147388
102,75,-9.20569324
102,24,-8.14086151
102,18,-7.10950756
102,52,-6.59034538
102,31,-7.29273748
102,40,-8.23831558
102,22,-5.92204094
102,87,-8.58503246
102,100,-5.42876196
102,28,-7.27344418
102,45,-6.98583651
102,25,-7.80614758
102,8,-8.34986973
102,80,-8.93269062
103,82,6.46621561
103,81,-6.38398790
103,84,-4.86455345
103,98,-3.66535997
103,83,-6.42965031
103,36,-7.30954123
103,97,-7.31402254
103,23,-8.74130821
103,21,-6.78142262
103,37,-8.72685814
103,86,-8.04457283
103,35,-6.38330078
103,2,-6.83517027
103,42,-5.22569132
103,27,-8.49197102
103,34,-5.37583971
103,33,-6.81308508
103,46,-6.44615650
103,20,-9.49473095
103,64,-9.56022835
103,47,-6.04923201
103,96,-9.79954815
103,17,-9.24867439
103,48,-6.87896490
103,4,-8.67467117
103,54,-9.20545959
103,52,-8.57965183
103,45,-6.75193357
103,19,-8.47066879
103,10,-7.76157808
103,60,-9.58687401
103,12,-8.54511547
103,32,-9.81374645
103,71,-7.84337854
103,44,-8.85958672
103,22,-8.12565136
103,90,-8.10833263
103,41,-7.22113657
103,31,-9.59147549
103,18,-9.61136055
103,7,-9.49579430
103,26,-8.77165031
103,102,-9.03413010
103,38,-7.58855200
103,6,-9.24898911
103,39,-8.57419109
103,100,-9.48056412
103,40,-9.31105709
103,88,-8.27565861
103,66,-9.26836777
104,83,2.89056325
104,81,-2.92218041
104,88,-3.58349824
104,36,-6.81866837
104,71,-5.53192663
104,33,-7.66180706
104,82,-7.34776640
104,86,-4.71296263
104,18,-7.84240150
104,34,-5.95278931
104,85,-3.66112089
104,84,-5.42902040
104,3,-6.43206787
104,64,-8.78835773
104,4,-7.83053446
104,87,-5.60189104
104,32,-9.16052341
104,37,-8.44965649
104,7,-8.15761662
104,90,-8.07878685
104,31,-7.92862225
104,45,-8.14967918
104,6,-7.31263924
104,69,-8.72225094
104,19,-8.00718880
104,96,-9.16591930
104,24,-8.87676907
104,52,-8.25558567
104,59,-8.26804924
104,100,-7.94493723
104,63,-7.40114260
104,94,-8.31619835
104,39,-8.02600384
104,38,-7.84232950
104,91,-8.57569790
104,2,-7.51728439
104,47,-8.21733952
104,5,-9.27407551
104,50,-7.23584414
104,72,-9.62645054
104,99,-7.35943604
104,46,-7.20596552
104,49,-8.73080158
104,15,-9.06085873
104,58,-9.44565868
104,10,-8.04485512
104,60,-9.03468990
104,1,-8.39113140
104,55,-9.71926403
104,26,-8.50791740
105,81,3.60645580
105,82,-1.03536534
105,21,-2.56676602
105,23,-1.66956580
105,97,-3.26064515
105,98,-2.52643180
105,17,-5.15735292
105,6,-5.77338362
105,84,-3.00890231
105,83,-3.01946878
105,19,-3.88367105
105,20,-6.01024866
105,85,-4.79733896
105,37,-4.78720760
105,45,-4.34587240
105,40,-4.60564804
105,48,-4.65475702
105,38,-4.99394751
105,22,-2.90881324
105,42,-5.08433294
105,33,-4.66230059
105,5,-7.14200592
105,18,-6.24420834
105,9,-7.03690577
105,100,-5.34242773
105,49,-5.75603819
105,39,-4.12177372
105,46,-4.33065796
105,47,-4.76010942
105,86,-6.13919020
105,34,-4.22758055
105,91,-5.63724899
105,2,-5.75766611
105,69,-7.28941870
105,7,-6.13475370
105,14,-5.58427238
105,77,-7.67599297
105,1,-6.49587059
105,89,-6.97134733
105,4,-6.32183218
105,88,-5.40441275
105,3,-5.45793247
105,101,-7.18074846
105,36,-4.53112078
105,64,-6.82524252
105,92,-6.61706591
105,15,-7.21845818
105,30,-7.48655272
105,90,-5.79886913
105,43,-6.10436630
106,86,5.09900856
106,88,-3.49645281
106,85,-4.64891434
106,83,-5.01304483
106,72,-3.16091704
106,87,-6.67968321
106,91,-3.32705760
106,20,-8.51818752
106,104,-5.07940626
106,90,-7.33879375
106,15,-6.72794533
106,81,-6.80218983
106,46,-6.42831469
106,60,-6.50472832
106,40,-7.51261520
106,96,-8.62399101
106,29,-7.97357321
106,92,-7.10066128
106,84,-7.98080111
106,68,-7.37740135
106,11,-8.38695526
106,6,-7.99367237
106,50,-8.31754303
106,30,-9.04900074
106,89,-7.50364685
106,4,-8.10598183
106,102,-7.14083529
106,31,-7.57719946
106,93,-8.47034264
106,82,-8.40563011
106,64,-8.48545074
106,47,-7.04983187
106,18,-9.23120880
106,99,-7.78960037
106,32,-7.45831013
106,37,-8.74582386
106,65,-7.95186090
106,57,-6.51519203
106,80,-8.84473610
106,2,-7.47541189
106,39,-7.45331430
106,62,-8.23582840
106,49,-8.50918007
106,19,-6.81881285
106,51,-7.99496746
106,16,-8.02249622
106,7,-8.73999596
106,23,-7.10857105
106,45,-8.27778435
106,78,-8.30110455
107,87,3.66921902
107,85,0.81446970
107,86,-0.87057793
107,52,-5.43815088
107,49,-5.08899021
107,88,-1.93341565
107,51,-4.08003330
107,15,-6.08200169
107,50,-4.73546696
107,83,-3.07028794
107,4,-5.97389126
107,68,-6.17243147
107,11,-6.99523211
107,90,-6.59527874
107,29,-5.92576361
107,12,-5.88329458
107,100,-5.23561668
107,1,-6.43590450
107,10,-6.12841177
107,20,-7.60846329
107,96,-6.77024746
107,32,-7.46314526
107,72,-7.54260445
107,60,-6.81265926
107,35,-5.78522110
107,34,-5.77269506
107,7,-7.23865175
107,39,-6.05562162
107,61,-6.99012756
107,40,-7.32460880
107,46,-5.98286343
107,28,-6.75867844
107,2,-6.59077787
107,84,-6.42556286
107,31,-6.93531513
107,55,-8.08428764
107,26,-7.20941973
107,18,-7.72226810
107,62,-6.22469997
107,13,-6.39407253
107,92,-7.33623791
107,8,-7.25919151
107,30,-7.21700382
107,19,-6.55335045
107,94,-6.45052433
107,91,-7.49111938
107,82,-7.02031946
107,33,-7.05176830
107,81,-4.86869764
107,47,-6.14894533
108,85,5.29123831
108,88,3.40228820
108,86,-4.36866426
108,83,-2.78898573
108,87,0.32814929
108,29,-7.87519598
108,31,-6.48605824
108,84,-5.86102772
108,17,-8.32322025
108,6,-7.53114891
108,49,-6.64272738
108,81,-4.03927660
108,68,-7.14435339
108,9,-7.75139618
108,5,-8.38277721
108,33,-7.11472845
108,25,-6.18205500
108,76,-7.36628675
108,4,-8.07928848
108,91,-8.06141949
108,67,-6.77019930
108,34,-6.93396139
108,15,-7.45999146
108,66,-7.06725550
108,44,-8.25576210
108,7,-7.41427708
108,10,-7.12987280
108,82,-6.68553400
108,63,-6.62899303
108,19,-7.01236963
108,90,-8.13754082
108,95,-8.38035297
108,50,-8.00623512
108,100,-7.77248764
108,77,-9.01682281
108,57,-7.12850761
108,72,-8.39844036
108,13,-8.21932220
108,18,-8.46830750
108,53,-9.52231026
108,51,-8.32028770
108,52,-8.23584366
108,14,-8.35718822
108,32,-9.05733681
108,46,-8.04826164
108,3,-7.92543650
108,97,-6.63398218
108,94,-7.64255667
108,30,-8.11268234
108,21,-7.29875517
109,88,5.53436470
109,85,2.10103226
109,87,-1.27848792
109,86,-6.07074451
109,83,-5.74212742
109,11,-4.77277040
109,4,-4.30334997
109,15,-9.93744183
109,68,-10.14068317
109,52,-9.71537399
109,100,-9.59601688
109,44,-9.88747406
109,19,-9.79042339
109,84,-10.15112591
109,90,-10.10747814
109,104,-10.35446548
109,82,-10.13551426
109,81,-7.99305248
109,7,-10.49567318
109,80,-10.38899612
109,18,-10.52008438
109,94,-10.26734638
109,1,-6.20418644
109,39,-9.53012943
109,12,-9.97225475
109,3,-10.08585453
109,6,-10.12465954
109,32,-10.66312504
109,76,-10.27880096
109,99,-10.04538727
109,78,-10.60386944
109,20,-10.67896366
109,31,-10.26848316
109,10,-9.74897480
109,50,-9.90199089
109,75,-10.76325130
109,34,-10.02211380
109,103,-10.29734802
109,2,-9.58180714
109,64,-10.58930683
109,29,-10.26647091
109,93,-10.31396198
109,24,-10.45987225
109,60,-10.51024342
109,22,-9.92647839
109,56,-10.87002087
109,5,-10.37625027
109,40,-10.59487724
109,96,-10.53364086
109,97,-10.18478680
110,86,3.74865913
110,72,-8.67193508
110,91,-7.82085562
110,40,-7.61872435
110,87,-9.52929115
110,88,-7.98764658
110,85,-8.84355736
110,82,-10.03507042
110,83,-8.97581100
110,81,-9.81063080
110,92,-10.08275509
110,37,-10.55304050
110,6,-10.24764633
110,43,-8.76728630
110,65,-9.92503834
110,96,-10.41277122
110,50,-10.21509171
110,104,-10.06175995
110,93,-9.83899021
110,36,-10.10413170
110,99,-9.82415199
110,47,-10.34863663
110,58,-10.58459854
110,45,-10.40311241
110,46,-10.32221413
110,66,-10.80672550
110,7,-10.29685402
110,12,-9.19492149
110,18,-10.86395931
110,78,-9.24097729
110,20,-10.55837059
110,26,-10.56297493
110,68,-10.46942139
110,5,-10.64925766
110,22,-9.87954617
110,42,-10.29212284
110,31,-10.40891838
110,30,-10.70704079
110,55,-10.45332050
110,29,-10.51862526
110,48,-10.41811466
110,67,-10.48667145
110,3,-10.46868134
110,101,-10.42273331
110,79,-10.64200974
110,19,-9.69091511
110,15,-10.07543182
110,69,-10.41297531
110,84,-10.72952747
110,77,-10.67904282
111,89,1.70946872
111,90,2.62273431
111,92,1.16553450
111,91,-1.42462456
111,96,-4.74385691
111,93,-4.79291058
111,45,-6.25889969
111,31,-7.61729383
111,8,-7.83055019
111,82,-7.68856573
111,103,-5.98642635
111,17,-7.33491421
111,86,-7.51442003
111,33,-6.92942762
111,102,-6.37192822
111,75,-8.15880585
111,5,-8.29967976
111,47,-7.07224607
111,94,-5.66270733
111,7,-6.95123863
111,78,-5.21444559
111,23,-7.58042669
111,101,-6.75660372
111,81,-6.26419115
111,83,-6.57479382
111,53,-8.36762714
111,46,-6.95231771
111,29,-5.64375496
111,21,-7.48420477
111,61,-7.39848328
111,37,-6.61545897
111,3,-7.60548401
111,32,-7.31194210
111,12,-7.01683521
111,84,-6.83460426
111,100,-8.20657825
111,85,-7.42326832
111,19,-6.79720688
111,1,-7.65280104
111,13,-7.79726791
111,95,-7.12235785
111,30,-7.89006424
111,20,-7.64921856
111,39,-6.90602684
111,36,-5.85036612
111,55,-8.23348522
111,49,-7.95100164
111,74,-8.37442780
111,4,-7.68058014
111,15,-7.86036301
112,89,4.35363388
112,90,3.70159221
112,92,-0.13242519
112,91,0.21140768
112,101,-6.42801619
112,103,-2.78703856
112,20,-5.45010138
112,104,-6.02439356
112,96,-6.85544252
112,102,-6.90462732
112,62,-7.43664312
112,37,-5.92572260
112,8,-7.63980675
112,29,-5.07047796
112,93,-6.10910463
112,61,-7.78974295
112,78,-6.24240446
112,40,-8.60286045
112,25,-6.63612032
112,7,-7.83474779
112,23,-7.93878555
112,46,-7.18777704
112,66,-6.81861448
112,68,-6.31496668
112,17,-9.00614262
112,36,-7.85161257
112,47,-7.70099163
112,39,-7.78598881
112,2,-9.01221275
112,9,-7.28419352
112,82,-8.87048340
112,12,-8.58861351
112,3,-8.82791901
112,86,-8.27101517
112,69,-9.26821899
112,75,-7.88345337
112,55,-8.49463558
112,30,-8.37954807
112,94,-7.35760832
112,71,-7.91663885
112,100,-8.44223022
112,95,-7.89812040
112,81,-7.53338957
112,26,-9.03085041
112,80,-8.51748753
112,54,-8.69569111
112,64,-8.96550751
112,50,-9.09828377
112,5,-9.01182079
112,14,-7.89663172
113,92,2.23990893
113,91,-1.62013626
113,89,-1.23283350
113,3,-4.09691525
113,60,-2.75921631
113,2,-6.52903032
113,90,-0.72146231
113,23,-8.21279526
113,12,-5.99507141
113,24,-8.07618332
113,1,-6.07925463
113,19,-4.43564129
113,4,-6.42027140
113,21,-8.14753532
113,52,-5.91953564
113,104,-5.69250441
113,58,-6.75927210
113,81,-6.22090149
113,47,-6.35655785
113,40,-7.70198059
113,69,-8.33645725
113,18,-7.73359919
113,32,-3.96074986
113,84,-7.54049778
113,37,-7.16757584
113,10,-6.02161551
113,7,-6.67048025
113,101,-8.07285500
113,36,-6.81281042
113,33,-6.77501059
113,100,-8.17220306
113,6,-7.22994709
113,75,-9.13819408
113,103,-6.39176655
113,57,-6.27100849
113,46,-6.83794117
113,72,-9.01213169
113,102,-7.72242498
113,26,-7.77373648
113,63,-4.58702946
113,49,-8.24960232
113,17,-8.79469204
113,5,-8.57928753
113,34,-7.00664568
113,41,-9.09838009
113,45,-7.87615585
113,64,-8.57064533
113,8,-9.10309315
113,48,-8.95508862
113,35,-8.09953403
114,91,3.29637694
114,96,-3.53701782
114,92,-4.12325430
114,90,-2.34855080
114,89,-3.39208603
114,94,-3.84760213
114,93,-2.94496942
114,61,-5.11953878
114,64,-4.44393826
114,95,-3.54966044
114,46,-6.28022909
114,86,-5.24498749
114,102,-3.35194016
114,72,-5.79795694
114,83,-6.79209518
114,62,-5.62076998
114,104,-4.88253546
114,7,-7.49681473
114,84,-6.74047613
114,81,-6.92016459
114,58,-8.05627632
114,99,-6.39702940
114,60,-6.13708162
114,37,-7.34308147
114,29,-6.40860605
114,50,-7.34892607
114,15,-6.99126005
114,34,-6.98996449
114,63,-5.56897354
114,36,-6.67743540
114,103,-2.83406520
114,6,-7.31343031
114,40,-6.97202063
114,87,-7.39558697
114,39,-6.52970076
114,11,-7.61345673
114,69,-7.88506031
114,12,-7.62674952
114,26,-7.77423382
114,20,-7.76078367
114,31,-6.80106211
114,3,-7.89740324
114,82,-7.97187185
114,23,-7.84187889
114,47,-7.05383205
114,52,-7.87411261
114,2,-7.84268522
114,25,-7.01422358
114,57,-6.35387182
114,28,-6.92668867
115,90,3.87222648
115,89,-3.38710141
115,92,-4.67217922
115,91,-3.67759037
115,103,-1.88823712
115,104,-6.13450146
115,78,-4.26732540
115,101,-5.63338709
115,37,-5.62044573
115,39,-3.99773526
115,82,-5.31199503
115,102,-5.01175499
115,4,-7.39480257
115,36,-5.96326971
115,61,-5.91952038
115,7,-7.21936655
115,86,-8.39842987
115,96,-7.32910347
115,8,-7.51120853
115,93,-7.23750687
115,15,-6.87447834
115,75,-7.80057049
115,47,-7.10040855
115,76,-6.19229507
115,5,-8.37270737
115,9,-7.82142544
115,55,-8.83903694
115,62,-7.30306530
115,10,-7.69981575
115,51,-7.57857418
115,43,-7.36282873
115,1,-7.57369184
115,18,-8.89625549
115,94,-7.32403517
115,20,-7.27836227
115,66,-8.56107044
115,81,-8.29209518
115,19,-6.72687054
115,21,-7.99716663
115,3,-8.11171150
115,17,-8.55745983
115,46,-7.37943649
115,33,-7.86228943
115,53,-8.40671921
115,50,-8.05488110
115,12,-6.75103569
115,14,-7.91365337
115,67,-8.15437222
115,6,-8.37066269
115,95,-6.23268986
116,93,5.70434189
116,96,2.12966537
116,95,0.42760673
116,58,-3.59564447
116,59,-2.91552830
116,94,-2.90985441
116,97,-2.00077462
116,90,-2.26211476
116,103,-3.40899563
116,64,-4.95453215
116,100,-3.21287107
116,69,-4.73227501
116,91,-5.37439919
116,3,-4.66247368
116,5,-2.33699608
116,75,-3.53736877
116,92,-5.23876524
116,99,-4.11693621
116,60,-5.24562931
116,18,-5.76883030
116,7,-4.10561371
116,6,-5.61201239
116,1,-5.00781918
116,57,-4.23363304
116,35,-3.98542070
116,50,-4.95888186
116,15,-5.30745125
116,63,-4.02899599
116,78,-5.23389339
116,86,-5.81097698
116,10,-5.70631933
116,98,-5.91601324
116,76,-2.84492660
116,71,-3.88653231
116,4,-6.00162220
116,16,-6.07138777
116,19,-5.10429382
116,70,-4.94971085
116,55,-6.79686642
116,73,-4.20586872
116,68,-5.58827019
116,104,-5.92275715
116,67,-4.57349205
116,2,-4.78911304
116,46,-4.31755638
116,9,-5.56966972
116,53,-5.72263908
116,31,-5.33860874
116,8,-4.22860289
116,61,-4.77671623
117,94,6.11521769
117,7,-3.27617836
117,99,-6.08579493
117,67,-3.56808043
117,63,-5.56671095
117,87,-3.97790933
117,93,-7.26849174
117,66,-6.29823446
117,96,-6.29387856
117,100,-7.50484371
117,50,-6.05935240
117,65,-2.94552875
117,68,-5.69968653
117,95,-5.32288980
117,59,-6.91796684
117,97,-6.36014509
117,5,-7.53123379
117,1,-7.91072321
117,32,-7.70067310
117,71,-5.41866159
117,27,-5.90691757
117,19,-8.29778290
117,62,-7.97718620
117,64,-8.03490448
117,29,-8.87331390
117,15,-5.44364500
117,52,-7.40204859
117,2,-8.25297165
117,31,-7.96235895
117,60,-7.18272400
117,10,-7.16849375
117,98,-7.09251881
117,57,-5.52280569
117,14,-8.08371162
117,6,-7.83978176
117,80,-9.00865936
117,88,-7.39793348
117,83,-7.23981142
117,4,-7.98071480
117,82,-9.00126457
117,28,-7.16116953
117,12,-6.79851770
117,11,-8.98356724
117,40,-9.45796967
117,20,-9.57805061
117,90,-8.58005810
117,78,-8.68997383
117,77,-9.26136780
117,86,-8.91174507
117,51,-7.47900152
118,95,-1.41966462
118,96,-3.43421054
118,93,-3.36348343
118,59,-4.97760630
118,94,-5.28799295
118,64,-8.25586224
118,7,-6.86700726
118,58,-7.50922203
118,60,-7.99536800
118,91,-9.37973976
118,57,-7.59261894
118,19,-9.02917385
118,70,-8.69660568
118,5,-9.58190441
118,68,-7.34014320
118,63,-7.80591011
118,92,-9.37232494
118,62,-8.42587471
118,15,-8.02614307
118,61,-9.00178814
118,3,-9.24836445
118,72,-9.73311138
118,32,-7.68863535
118,97,-9.02455330
118,6,-8.87628651
118,12,-9.36387920
118,65,-8.51391506
118,28,-9.64126396
118,100,-7.94019842
118,66,-8.47813511
118,26,-9.49620724
118,71,-8.97348213
118,52,-7.85116100
118,76,-8.09681320
118,103,-8.35542774
118,104,-9.70398045
118,1,-8.48089504
118,98,-9.17670345
118,47,-8.41580677
118,23,-9.84737301
118,29,-9.29939556
118,90,-9.46917057
118,4,-8.08028316
118,99,-8.92005539
118,74,-10.24385738
118,102,-10.03752422
118,10,-9.71402550
118,81,-10.07642269
118,34,-9.12803268
118,46,-8.87024689
119,95,4.81664610
119,96,-0.92616838
119,93,1.36277318
119,94,-0.39578462
119,64,-5.59350348
119,62,-5.22706842
119,91,-6.60387993
119,58,-5.29535246
119,5,-6.88473940
119,59,-4.94545555
119,63,-6.09653044
119,17,-6.17579842
119,29,-4.41682100
119,60,-7.32685947
119,61,-6.27091360
119,14,-5.71933937
119,89,-7.49245501
119,30,-5.45325851
119,70,-7.15327740
119,68,-6.08765173
119,74,-7.50443029
119,90,-6.64066935
119,23,-7.90055132
119,103,-4.05621052
119,31,-5.36711454
119,47,-6.41889143
119,46,-7.53870869
119,92,-7.09884214
119,6,-7.58867216
119,57,-5.09586000
119,100,-6.21300268
119,7,-7.71599007
119,98,-6.74567223
119,102,-7.84251690
119,19,-5.58793831
119,56,-8.52059078
119,4,-6.77184296
119,53,-8.28007507
119,9,-7.57515955
119,72,-7.08314371
119,26,-7.64939070
119,67,-6.46498203
119,104,-7.26394892
119,8,-6.94025612
119,97,-6.30363989
119,51,-6.69796896
119,40,-8.15038204
119,16,-5.90132570
119,34,-7.76904631
119,69,-6.80787039
120,93,2.05569744
120,96,-0.26050457
120,95,-1.13605797
120,59,-1.98583317
120,94,-1.90372860
120,31,-5.45275259
120,58,-5.56229115
120,63,-3.75526714
120,64,-6.10088110
120,57,-4.72289896
120,97,-3.96281171
120,3,-6.48759460
120,19,-5.31790638
120,7,-6.03992844
120,66,-5.62416506
120,6,-6.81854820
120,91,-7.78724480
120,69,-7.60572243
120,85,-7.01728058
120,62,-5.49875355
120,92,-8.08105564
120,5,-2.84916067
120,49,-5.11142588
120,100,-7.03658676
120,10,-6.03817225
120,61,-7.26053715
120,67,-4.35199451
120,2,-4.20333576
120,33,-7.07236719
120,103,-5.00458765
120,81,-7.74831200
120,18,-8.36558628
120,68,-5.78375864
120,86,-8.89101696
120,9,-7.78304863
120,28,-8.56984425
120,23,-8.23520756
120,15,-7.08717012
120,1,-6.59825087
120,99,-7.13394690
120,60,-8.05455780
120,42,-8.71722507
120,90,-5.71351910
120,89,-9.00467587
120,12,-7.56860733
120,34,-7.67982960
120,88,-5.82943726
120,29,-8.49548626
120,46,-6.20918798
120,98,-7.05717516
121,97,0.16999641
121,100,-1.37300169
121,98,-3.68941236
121,99,-3.56273293
121,94,-4.26438999
121,59,-6.13180971
121,96,-4.94001913
121,31,-5.37137461
121,7,-4.28314829
121,90,-6.49437284
121,10,-6.35848093
121,6,-6.33152819
121,93,-6.36004019
121,64,-7.16337633
121,71,-4.51093340
121,86,-8.08303356
121,81,-7.52223635
121,1,-6.99529743
121,57,-7.36080217
121,15,-5.76805019
121,63,-6.79273224
121,36,-8.40451145
121,19,-6.07094622
121,3,-6.62812805
121,8,-7.10205793
121,95,-6.71917009
121,78,-7.48345804
121,70,-5.28479433
121,60,-5.60883570
121,58,-7.65602398
121,91,-7.40311098
121,4,-7.19083691
121,28,-6.90451622
121,53,-9.26395798
121,66,-6.35319424
121,18,-8.33403778
121,68,-5.72240305
121,2,-7.41985369
121,56,-9.86503124
121,37,-8.00708389
121,103,-7.03824663
121,50,-6.79350376
121,75,-9.06901550
121,104,-7.01811171
121,30,-8.40101433
121,29,-7.63770819
121,5,-7.82362509
121,82,-7.70565224
121,33,-8.09092808
121,65,-2.91978049
122,97,2.65146351
122,98,1.26942205
122,100,-0.19374317
122,99,-3.67842650
122,19,-2.86659408
122,7,-2.01974368
122,93,-4.41792250
122,94,-5.30441952
122,59,-3.62913132
122,95,-5.19900894
122,31,-4.67348099
122,63,-2.89605069
122,5,-3.46437192
122,57,-3.99267268
122,66,-6.51362324
122,49,-6.45217514
122,34,-5.22216702
122,15,-7.22710609
122,46,-7.16853142
122,3,-5.56477404
122,81,-7.95671225
122,68,-4.18713093
122,6,-7.41496563
122,85,-6.61096191
122,22,-5.11984158
122,67,-6.30805206
122,69,-7.79735947
122,4,-6.54811001
122,52,-7.40867043
122,96,-9.32345390
122,18,-6.22353077
122,65,-4.28702354
122,92,-8.73309803
122,104,-6.99991226
122,2,-6.25798941
122,86,-9.53580570
122,82,-8.69251347
122,1,-5.56822681
122,35,-6.80764389
122,9,-8.48842812
122,73,-8.88670826
122,75,-9.58838272
122,17,-9.06138515
122,29,-7.73997021
122,91,-9.45758343
122,10,-8.38024998
122,23,-9.18604183
122,64,-9.57413387
122,76,-8.71442604
122,88,-7.36488724
123,100,4.28986788
123,97,-4.41164541
123,94,-6.43844366
123,98,-1.30359936
123,7,-5.69122028
123,95,-6.33752394
123,99,-6.02456903
123,4,-5.25288057
123,5,-5.49378109
123,46,-7.69498491
123,68,-7.60911226
123,10,-8.67114735
123,19,-6.87793207
123,88,-7.98089933
123,102,-8.33507347
123,15,-8.08288479
123,63,-5.56741381
123,59,-7.06681108
123,82,-8.13491344
123,1,-7.21014738
123,6,-7.30066442
123,64,-8.51531696
123,96,-8.55810833
123,104,-7.50709963
123,81,-7.99808025
123,41,-8.47359085
123,31,-6.58662176
123,101,-9.04236317
123,93,-7.52522278
123,86,-8.93436146
123,92,-7.88642216
123,85,-8.37177658
123,37,-8.31228161
123,91,-8.10434437
123,23,-7.86971331
123,87,-8.46921062
123,3,-7.97594357
123,71,-8.17463589
123,90,-8.19115067
123,89,-8.49531078
123,103,-8.46737099
123,56,-10.00950623
123,40,-8.06362724
123,76,-8.21260071
123,8,-6.41820812
123,2,-6.78423071
123,35,-5.86863995
123,75,-9.75915432
123,47,-8.10847473
123,20,-8.83964539
124,97,0.29681993
124,98,1.20270717
124,100,-5.96879911
124,94,-5.35354710
124,70,-7.33249712
124,15,-9.69379997
124,99,-3.06946874
124,20,-9.66137981
124,60,-6.40993261
124,104,-6.08171272
124,31,-7.92893076
124,26,-9.24538517
124,102,-8.12923431
124,47,-9.36275864
124,23,-9.66674614
124,82,-8.23851776
124,81,-9.80007553
124,86,-9.58296394
124,96,-9.02946281
124,34,-8.51983452
124,6,-8.92101765
124,91,-8.94928360
124,46,-9.07071686
124,95,-8.78566360
124,45,-10.02113819
124,30,-7.77069759
124,33,-9.86824512
124,90,-8.23484898
124,12,-9.85893536
124,24,-10.06802654
124,21,-10.09448624
124,3,-9.79072571
124,63,-8.05226517
124,59,-8.96877670
124,27,-7.54183197
124,57,-8.16431618
124,72,-9.46620750
124,84,-9.41326523
124,4,-9.32314777
124,66,-8.55424690
124,35,-7.80976868
124,42,-9.66883469
124,83,-8.92701340
124,76,-8.82255936
124,64,-9.59980011
124,25,-8.52177620
124,1,-9.11393929
124,48,-9.92731094
124,53,-10.31992531
124,51,-8.87507629
125,99,-1.15342057
125,7,-4.87647963
125,94,-4.59520292
125,47,-3.96951914
125,59,-3.09838200
125,71,-4.22791290
125,100,-4.45081329
125,31,-6.62587833
125,2,-5.37429380
125,98,-4.23754835
125,97,-5.60813046
125,91,-8.32103252
125,82,-6.56338787
125,90,-5.62632561
125,66,-6.74382401
125,70,-6.39029932
125,46,-5.07686853
125,96,-7.14687967
125,10,-7.05905819
125,6,-6.49340916
125,93,-6.43907642
125,3,-5.88286018
125,34,-6.15312290
125,19,-6.19976521
125,5,-5.67356205
125,95,-6.60548973
125,86,-7.15209198
125,72,-8.55354595
125,42,-7.65928841
125,64,-8.09684658
125,15,-8.00343418
125,50,-6.81606960
125,76,-7.00406885
125,52,-7.79466915
125,33,-6.28236675
125,26,-6.21144247
125,36,-7.40749168
125,1,-6.68053055
125,57,-6.30738831
125,35,-5.95087910
125,58,-8.19446945
125,60,-8.14737797
125,18,-8.13737202
125,38,-7.42698479
125,49,-6.88142967
125,28,-7.87771416
125,63,-7.42223740
125,55,-8.07218838
125,45,-7.47711658
125,78,-7.24505949
126,101,3.47796988
126,102,2.48360348
126,103,0.75946379
126,104,2.03483176
126,89,-6.72019053
126,13,-8.55965233
126,82,-9.43125153
126,41,-8.56140709
126,91,-8.84585381
126,37,-9.71455765
126,86,-9.57517052
126,46,-8.80061913
126,90,-7.58421087
126,47,-8.67702866
126,45,-9.23586464
126,9,-10.16255951
126,99,-8.08440781
126,92,-8.60030842
126,14,-9.55398750
126,39,-9.19975567
126,42,-8.93903351
126,20,-9.66611481
126,84,-9.78616619
126,43,-9.17220402
126,81,-9.56864929
126,17,-9.82598591
126,29,-9.78909874
126,66,-10.22100735
126,5,-10.50503349
126,44,-10.24650955
126,67,-10.40552521
126,21,-10.06882858
126,71,-9.90070152
126,72,-10.22726440
126,85,-9.76414299
126,15,-9.62090874
126,33,-9.67013931
126,36,-9.30675888
126,49,-9.97883987
126,30,-10.31171417
126,1,-10.21785641
126,55,-10.25735664
126,78,-9.52749729
126,73,-10.66723824
126,40,-9.90881729
126,69,-10.29207611
126,77,-10.43000221
126,97,-10.14277363
126,53,-10.55544567
126,10,-10.06444836
127,101,3.74836016
127,104,2.64751768
127,102,0.86446714
127,103,1.13411987
127,90,-3.74815202
127,89,-6.37259197
127,92,-5.87051010
127,91,-6.45439339
127,37,-6.70217657
127,13,-2.11966109
127,17,-7.90356159
127,36,-3.55380034
127,20,-7.69734907
127,45,-7.64570618
127,29,-6.81786251
127,43,-6.40208292
127,55,-7.04025841
127,9,-6.87615824
127,2,-7.21371794
127,40,-6.62195206
127,82,-7.75791931
127,8,-8.77723789
127,5,-8.72408962
127,86,-7.56382370
127,61,-6.93340588
127,78,-6.05072689
127,14,-7.00802803
127,49,-7.60574150
127,41,-7.67636395
127,39,-6.43469381
127,38,-7.21681595
127,85,-8.08358288
127,46,-7.92623520
127,30,-8.96911335
127,81,-7.11904049
127,15,-6.53062773
127,7,-9.07569599
127,48,-8.28688717
127,35,-7.77179480
127,42,-7.71097326
127,58,-8.72999382
127,33,-7.48114443
127,3,-8.64395714
127,4,-7.47744179
127,19,-7.95782089
127,44,-8.22758579
127,84,-8.34583378
127,99,-5.15549088
127,47,-6.52688980
127,31,-8.34766388
128,102,3.70392394
128,101,2.03814292
128,104,2.84559369
128,103,0.26456156
128,86,-7.80641365
128,13,-3.08076453
128,82,-7.81551218
128,45,-7.12256861
128,47,-6.68566513
128,37,-8.18711281
128,36,-6.31464720
128,33,-8.39121628
128,84,-8.20684528
128,46,-7.61941099
128,96,-7.90246105
128,90,-7.57188845
128,17,-8.89124393
128,41,-6.80510092
128,10,-7.75142050
128,44,-8.88012218
128,43,-7.87244177
128,55,-8.21553898
128,39,-7.42020893
128,92,-8.20199013
128,42,-7.45911646
128,35,-8.15391636
128,5,-9.42503738
128,81,-8.44157028
128,91,-8.48736095
128,16,-8.43399334
128,8,-9.25094318
128,15,-8.25392246
128,9,-8.63339138
128,53,-9.05165768
128,49,-8.28303528
128,21,-9.26908779
128,20,-8.69302654
128,29,-8.48572254
128,14,-8.22115421
128,40,-8.53244877
128,18,-9.39697933
128,4,-8.93703651
128,26,-9.21059132
128,61,-8.91022015
128,54,-8.25669003
128,38,-8.85535336
128,7,-8.98152161
128,48,-7.73301220
128,95,-8.77297878
128,32,-8.23567677
129,104,6.30274248
129,102,2.08656955
129,103,3.23629737
129,101,2.45836091
129,86,-7.16921234
129,91,-5.08537197
129,90,-7.16702747
129,40,-8.46436405
129,81,-9.34978008
129,20,-9.43791294
129,37,-8.69994926
129,89,-8.56570148
129,17,-9.71854210
129,39,-7.71098614
129,46,-7.58377314
129,64,-7.54410839
129,15,-8.14493179
129,92,-9.38940907
129,36,-6.98989105
129,47,-9.02785683
129,34,-8.90556908
129,44,-9.77903652
129,60,-9.05683613
129,72,-7.90514326
129,43,-8.78943634
129,99,-5.68119335
129,45,-9.52386093
129,19,-8.72309208
129,63,-8.37710190
129,82,-9.46731567
129,56,-9.17066669
129,13,-5.30939198
129,52,-9.27392387
129,41,-9.44464588
129,78,-7.82133961
129,23,-9.59234810
129,10,-9.59603691
129,33,-9.36232281
129,32,-8.74136353
129,24,-9.47976017
129,12,-8.82533073
129,42,-9.63282490
129,21,-9.77207279
129,9,-9.76873016
129,18,-9.96195030
129,3,-9.66227245
129,7,-9.69595337
129,38,-9.57417774
129,70,-9.29356384
129,71,-8.66830254
130,103,4.47308016
130,102,-0.05584730
130,101,-1.86363375
130,90,-1.41640615
130,39,-4.17696047
130,104,-1.24692881
130,78,-3.56034231
130,20,-7.13916779
130,55,-7.35689402
130,1,-8.45576286
130,37,-8.96311474
130,86,-9.05942535
130,82,-8.94782925
130,14,-8.09692860
130,19,-8.92836380
130,43,-8.36000252
130,5,-8.29354668
130,88,-8.78238106
130,61,-7.17378235
130,91,-6.42702055
130,99,-5.95546150
130,96,-7.25660276
130,8,-9.43920517
130,60,-6.89107943
130,45,-9.32585621
130,83,-9.59552288
130,93,-7.56279325
130,51,-7.73912287
130,15,-8.48981380
130,40,-9.14948463
130,4,-8.99667740
130,29,-8.88033772
130,31,-9.00463486
130,38,-9.23892689
130,49,-9.18873215
130,17,-8.98902512
130,13,-7.95473719
130,30,-9.35153389
130,10,-9.24885368
130,89,-8.58485126
130,18,-10.03069496
130,47,-9.26497555
130,87,-9.74427605
130,71,-8.75020313
130,92,-7.35100222
130,67,-8.48467064
130,62,-8.33939838
130,80,-9.09143829
130,41,-9.83886909
130,35,-8.25359535
