hire_id,provider_id,ce_score
1,4,2.08778882
1,1,-2.84336591
1,11,-3.80652499
1,2,-4.90549183
1,88,-4.95083809
1,12,-7.85694981
1,82,-7.70673275
1,3,-5.64837980
1,22,-7.64571285
1,18,-8.23291016
1,34,-4.96776199
1,17,-8.71775818
1,35,-6.76788807
1,6,-7.40472460
1,50,-8.80730438
1,5,-6.79207182
1,20,-9.09519291
1,90,-9.33375168
1,87,-9.51835060
1,97,-7.39708233
1,7,-9.12278938
1,19,-7.83778763
1,25,-7.77434778
1,10,-9.06817532
1,27,-7.72582769
1,45,-7.49678564
1,63,-6.78764725
1,39,-8.11161804
1,81,-8.81070137
1,67,-7.68124151
1,31,-8.95261383
1,15,-9.43204498
1,26,-9.43600941
1,100,-7.89492035
1,8,-8.68199825
1,96,-10.03580475
1,49,-9.41992283
1,30,-7.96350861
1,38,-8.76663971
1,92,-9.77527523
1,33,-9.32369995
1,98,-7.44650364
1,29,-8.08718204
1,47,-8.29892349
1,14,-9.88104248
1,40,-9.64574146
1,52,-9.81424141
1,51,-9.72338104
1,46,-8.37591934
1,9,-9.85425949
2,2,0.78207600
2,6,-4.37994432
2,3,-4.91087627
2,31,-8.02095604
2,10,-6.64904642
2,4,-6.80399084
2,22,-8.22638321
2,7,-6.00788355
2,19,-7.32384825
2,12,-7.42519426
2,18,-8.24121666
2,11,-7.58610201
2,34,-8.02406216
2,25,-7.06804419
2,1,-5.77437449
2,32,-8.73892021
2,24,-9.35626316
2,28,-6.70729065
2,85,-7.63709831
2,9,-9.07610703
2,82,-9.12605476
2,49,-9.38351059
2,30,-9.22095108
2,97,-8.20140076
2,5,-7.83597565
2,29,-8.88923454
2,78,-8.96011066
2,33,-9.09452629
2,58,-9.50521660
2,27,-7.72624111
2,50,-8.60369873
2,86,-8.75315666
2,88,-8.09484291
2,66,-9.52579212
2,81,-7.91325855
2,64,-9.70598412
2,8,-9.41068554
2,20,-9.57247353
2,37,-8.98442554
2,16,-9.08507919
2,47,-8.93455505
2,48,-9.04448414
2,46,-8.46688080
2,84,-8.91173840
2,17,-8.97031784
2,36,-9.36407661
2,94,-8.78467178
2,26,-9.09795856
2,92,-9.79330635
2,57,-9.23185730
3,1,-0.13820554
3,4,-1.99209177
3,3,-1.19259894
3,50,-6.01025200
3,6,-4.71412563
3,2,-4.51079321
3,92,-8.51024628
3,70,-6.95618248
3,12,-5.53188419
3,18,-8.55911922
3,19,-6.60432911
3,24,-8.07756138
3,58,-9.38786793
3,57,-3.96233511
3,69,-7.84912634
3,60,-7.61463451
3,22,-5.19729757
3,9,-9.34686470
3,40,-8.44916058
3,90,-9.60380554
3,71,-6.43736267
3,11,-7.91593361
3,10,-8.95251274
3,91,-9.43147659
3,59,-7.30832148
3,5,-4.95647049
3,31,-8.41015148
3,29,-7.79901505
3,42,-9.31578064
3,15,-8.23806000
3,38,-9.57028866
3,20,-9.29134178
3,17,-9.35350418
3,63,-5.91769409
3,49,-8.51705933
3,64,-9.54433632
3,32,-8.65032768
3,87,-8.91239452
3,30,-8.99798012
3,61,-9.99680901
3,33,-9.69220161
3,67,-7.54040861
3,96,-9.62827492
3,44,-9.07034397
3,102,-9.92521286
3,93,-7.65822220
3,51,-9.06396961
3,55,-10.18108368
3,47,-8.71704865
3,34,-7.81677628
4,4,1.17943740
4,1,-0.67731595
4,3,0.78781348
4,2,-4.93356514
4,18,-6.54800463
4,47,-5.21234846
4,31,-8.47171211
4,82,-7.87156916
4,22,-5.36855698
4,12,-8.60445976
4,11,-4.19769096
4,6,-6.16350031
4,19,-5.63862276
4,92,-9.09684944
4,23,-7.96007395
4,17,-8.48965263
4,72,-9.42806816
4,90,-8.67960358
4,45,-7.31002283
4,50,-8.26734543
4,37,-9.87071514
4,30,-9.87600708
4,39,-8.78198719
4,10,-8.85492420
4,29,-8.98046303
4,86,-9.35585690
4,46,-8.63537025
4,36,-9.04026985
4,60,-8.44436264
4,44,-10.23264503
4,27,-9.19115925
4,34,-8.14112854
4,8,-8.77064323
4,81,-8.94359112
4,7,-8.07275009
4,95,-9.96365166
4,104,-9.91152573
4,5,-7.16871929
4,33,-9.06365585
4,35,-9.06847191
4,71,-6.87086153
4,96,-9.57160759
4,20,-9.75466919
4,68,-9.85314178
4,32,-9.52224636
4,67,-8.08647346
4,91,-9.66759491
4,85,-9.18466949
4,24,-9.43178177
4,83,-8.23767090
5,3,0.42823142
5,2,-2.34539723
5,18,-5.63319731
5,4,-5.46909761
5,1,-3.70464492
5,10,-6.08905411
5,12,-5.62116241
5,24,-7.85497570
5,6,-6.65448856
5,50,-6.87100220
5,31,-8.89374924
5,82,-5.75670767
5,45,-5.50123310
5,34,-5.76059008
5,49,-7.30540752
5,19,-7.35916328
5,17,-8.30452347
5,33,-7.15973663
5,60,-8.55151749
5,36,-7.37809992
5,40,-8.54678917
5,5,-7.30405617
5,58,-9.76615143
5,92,-9.26042366
5,7,-7.88980770
5,20,-9.80388832
5,35,-5.99283504
5,81,-7.85405922
5,70,-8.86972141
5,91,-9.72471809
5,47,-7.92128181
5,21,-7.23524284
5,22,-6.16079712
5,48,-8.47985744
5,69,-9.98312664
5,71,-8.24126530
5,86,-8.24957657
5,46,-7.04324961
5,42,-8.99789715
5,53,-10.44627953
5,9,-8.84601974
5,96,-9.78649712
5,98,-8.85435581
5,97,-9.35470104
5,23,-8.39716434
5,38,-8.10368061
5,37,-9.38449097
5,94,-9.18717384
5,57,-9.27835083
5,64,-9.49860859
6,6,2.24032760
6,7,-2.12680197
6,5,1.21676648
6,8,-3.66385245
6,32,-4.68003798
6,30,-5.91026974
6,19,-5.03741360
6,28,-5.27153683
6,29,-4.87941551
6,31,-7.61665821
6,2,-6.99761200
6,3,-7.89112711
6,35,-7.11046696
6,20,-7.16741562
6,96,-8.84622860
6,22,-8.27170944
6,17,-7.57135201
6,85,-7.23160887
6,12,-9.05759430
6,65,-5.14385223
6,1,-8.79061317
6,86,-8.66566753
6,4,-8.91870213
6,25,-8.51577473
6,24,-10.10227203
6,18,-9.55348206
6,76,-9.20285034
6,15,-8.76472950
6,48,-9.68009758
6,64,-10.27375984
6,47,-9.85248947
6,33,-9.25022030
6,9,-9.67016888
6,34,-8.61059189
6,27,-8.23771858
6,52,-8.70797634
6,69,-9.30503368
6,11,-8.29136848
6,78,-9.12963867
6,40,-10.06336498
6,10,-8.94270897
6,97,-8.64096451
6,93,-8.99684906
6,71,-6.62371731
6,72,-10.41124535
6,16,-9.40329552
6,68,-9.73705101
6,23,-10.34073448
6,94,-8.25556278
6,36,-10.32646847
7,7,2.61315370
7,6,0.65914959
7,5,1.41281247
7,8,-0.87544447
7,19,-0.30321804
7,31,-5.79231739
7,22,-3.82527900
7,3,-2.29589868
7,96,-5.30596638
7,59,-3.95705342
7,17,-7.59930038
7,18,-6.81657600
7,46,-5.52288246
7,86,-6.72355175
7,10,-6.66450834
7,12,-7.55037117
7,1,-2.68267417
7,2,-7.61416578
7,81,-9.09601498
7,21,-6.30911446
7,4,-8.18678188
7,93,-4.71078348
7,57,-3.80758667
7,94,-6.31634140
7,29,-7.83741903
7,26,-8.85031414
7,71,-3.76532316
7,89,-9.07009697
7,97,-6.49166012
7,63,-5.52876186
7,33,-9.21786308
7,28,-7.71539879
7,36,-8.18302631
7,64,-8.79710388
7,69,-6.85980606
7,34,-9.19797516
7,60,-8.33167458
7,47,-8.88697720
7,42,-9.04048347
7,44,-9.51348495
7,20,-9.91190720
7,90,-8.48121262
7,70,-7.36374474
7,30,-10.07217693
7,45,-9.50020313
7,82,-9.67965317
7,48,-9.50410271
7,50,-8.58270168
7,95,-7.49910259
7,85,-8.47507954
8,8,5.28078032
8,5,-0.53008789
8,7,-3.46534562
8,6,-2.46113420
8,17,-7.83301258
8,58,-5.97776556
8,37,-7.44291019
8,18,-6.06384420
8,23,-10.24537849
8,73,-7.47162151
8,26,-8.31206512
8,29,-3.46110106
8,30,-8.27136993
8,89,-8.76338577
8,66,-7.30301809
8,9,-8.59374046
8,36,-10.16876984
8,25,-7.99568176
8,12,-9.91526985
8,33,-10.32070541
8,53,-10.23258018
8,52,-10.53156090
8,92,-9.85828972
8,69,-9.94972038
8,21,-9.40320587
8,3,-10.11495495
8,10,-9.59824276
8,14,-9.85110855
8,75,-9.67367840
8,31,-8.97368622
8,44,-10.48984814
8,22,-9.81922531
8,47,-9.77194977
8,42,-10.11514378
8,82,-10.50138283
8,2,-10.30528641
8,49,-9.99578190
8,54,-10.20939255
8,95,-9.94207287
8,4,-10.43179893
8,86,-10.19526482
8,50,-10.42699718
8,32,-10.18917656
8,101,-10.78569508
8,35,-9.87304497
8,78,-9.88340282
8,74,-9.91823578
8,68,-10.43252945
8,81,-10.26706219
8,28,-7.19206572
9,6,1.90966403
9,25,-1.04556358
9,29,-2.51132679
9,28,-1.34576178
9,26,-6.25599194
9,31,-6.62806177
9,86,-6.07893467
9,46,-7.33852100
9,5,-5.70718193
9,30,-7.21826744
9,42,-9.83559322
9,27,-5.68213701
9,17,-9.04576302
9,2,-8.03814125
9,63,-7.47475529
9,72,-9.30647755
9,19,-6.85961103
9,82,-9.13708305
9,8,-5.98408890
9,96,-8.85165310
9,7,-7.33437634
9,16,-7.33465147
9,88,-7.88798857
9,3,-9.56743526
9,9,-9.47178555
9,4,-7.93783379
9,95,-8.46642494
9,51,-8.79407597
9,91,-8.81298637
9,69,-7.84492683
9,58,-9.98518372
9,22,-8.73764610
9,74,-9.79363251
9,94,-7.25566912
9,53,-10.80298805
9,14,-9.13562679
9,1,-8.15662384
9,85,-7.04257393
9,13,-9.87013054
9,54,-10.42298889
9,33,-8.30335808
9,92,-9.87460899
9,21,-8.81223202
9,23,-9.85370255
9,48,-10.02022934
9,10,-9.23342037
9,34,-6.84723377
9,41,-10.00200844
9,37,-9.90896988
9,52,-10.12454796
10,6,3.11389923
10,5,0.78075355
10,18,-3.96039319
10,7,-6.78031349
10,8,-8.26410580
10,22,-5.98397064
10,1,-6.56047916
10,31,-8.01078415
10,30,-6.96850681
10,2,-7.92548847
10,36,-9.13443375
10,4,-7.12282753
10,20,-8.99859905
10,3,-5.85296822
10,17,-8.17664814
10,89,-9.33925438
10,46,-7.40984869
10,12,-8.39117050
10,59,-8.10547924
10,29,-6.62682819
10,44,-10.01389599
10,32,-7.97491646
10,42,-9.59764481
10,27,-7.84369802
10,33,-9.56108665
10,58,-10.37739182
10,21,-9.69474220
10,92,-10.39191914
10,81,-9.04840755
10,68,-9.44232273
10,48,-10.02814102
10,19,-7.79945421
10,50,-9.10294056
10,26,-9.69575500
10,49,-9.77411366
10,9,-9.76418304
10,53,-10.68158531
10,64,-10.02935600
10,90,-10.05675888
10,88,-9.71942043
10,75,-10.37653923
10,96,-10.11228085
10,43,-9.06128883
10,28,-8.92055225
10,86,-9.99826336
10,25,-9.04779434
10,77,-10.42144775
10,63,-7.53606749
10,57,-7.57631302
10,37,-10.35369110
11,10,2.47765517
11,12,-5.57600403
11,9,-4.60606480
11,15,-8.73346710
11,4,-1.41234517
11,2,-7.21703863
11,11,1.93669963
11,1,-5.68512630
11,88,-5.11679125
11,49,-10.11878777
11,50,-8.73504639
11,34,-9.36562538
11,35,-10.11654758
11,40,-9.32651520
11,29,-10.24791431
11,14,-8.58871078
11,3,-9.42404175
11,92,-10.76519489
11,52,-9.87996769
11,38,-9.53132057
11,58,-10.80519676
11,20,-10.41088295
11,69,-10.72010040
11,13,-8.64487553
11,31,-10.63468361
11,36,-10.16176796
11,70,-10.80707932
11,16,-8.62502766
11,5,-9.62687492
11,97,-10.54926109
11,45,-9.25994110
11,19,-9.91271496
11,22,-9.83527565
11,60,-10.74950790
11,39,-8.63209915
11,53,-11.05813503
11,77,-10.97050476
11,51,-10.41264343
11,33,-10.25463200
11,86,-10.43645096
11,24,-10.73042488
11,6,-10.22379494
11,23,-10.30114841
11,18,-10.61641312
11,54,-10.91333485
11,30,-10.67399693
11,48,-10.20294666
11,7,-10.15163422
11,104,-10.63135910
11,17,-10.31777382
12,10,3.68360209
12,9,3.00120592
12,12,0.21440887
12,24,-7.47903442
12,17,-9.31569576
12,11,-7.30685425
12,66,-7.03689384
12,2,-2.15572453
12,6,-8.32372856
12,3,-8.84847069
12,22,-7.69989014
12,58,-9.54578590
12,31,-9.41546917
12,4,-10.13647079
12,43,-8.14012814
12,1,-6.01967812
12,40,-9.49068832
12,33,-9.34788895
12,41,-6.83563614
12,15,-8.07165241
12,18,-9.82424164
12,29,-10.48187637
12,13,-8.04121876
12,69,-10.34417152
12,95,-9.42572212
12,81,-9.76430130
12,89,-10.25792122
12,78,-9.75144005
12,8,-10.16641903
12,49,-8.56531715
12,20,-10.36953163
12,92,-10.10653305
12,19,-9.04924107
12,34,-8.85117912
12,91,-10.52136326
12,37,-9.77612209
12,7,-10.03329086
12,21,-9.51889229
12,5,-9.67995262
12,54,-9.97047520
12,42,-8.28140450
12,45,-9.42001629
12,73,-10.57708168
12,86,-9.69263840
12,47,-8.97182369
12,46,-8.62145615
12,44,-10.33903694
12,39,-9.05125046
12,36,-9.58126068
12,50,-8.68835831
13,11,4.64211750
13,10,-2.82713389
13,4,-4.82339954
13,12,-6.54757786
13,50,-9.00675011
13,2,-5.90379858
13,22,-9.38240433
13,9,-6.12879276
13,36,-9.93125725
13,82,-10.52275848
13,3,-8.85837078
13,1,-8.85536957
13,7,-10.50620365
13,15,-10.70916080
13,34,-9.60259819
13,90,-9.16277504
13,61,-10.23196030
13,31,-10.72815132
13,14,-10.46868801
13,19,-10.23641205
13,87,-9.95975876
13,8,-10.74717140
13,32,-10.72784805
13,29,-10.66076851
13,47,-10.20992088
13,92,-9.75034809
13,88,-10.43572044
13,30,-10.76622295
13,39,-10.08448792
13,52,-10.80392361
13,23,-10.88870811
13,41,-10.83028126
13,18,-10.77653122
13,64,-10.66329956
13,81,-10.30266285
13,49,-10.81178856
13,37,-10.75945091
13,6,-9.52124310
13,26,-10.58754730
13,86,-10.66722775
13,38,-9.20510769
13,33,-10.23771286
13,74,-10.87949753
13,96,-10.68003178
13,83,-9.96016407
13,102,-10.72558880
13,103,-10.70780182
13,55,-11.08259392
13,46,-10.22243309
13,21,-10.51199913
14,12,4.54709244
14,10,-2.30502319
14,11,-0.94259465
14,24,-6.20665693
14,2,-5.02748203
14,22,-6.90420341
14,18,-9.81498241
14,9,-6.45173550
14,3,-8.40651417
14,15,-6.41108656
14,70,-6.94185495
14,44,-10.04035759
14,31,-8.43692017
14,4,-7.96185064
14,40,-9.57539749
14,13,-6.51830959
14,50,-9.16614151
14,19,-8.49830246
14,49,-8.12958717
14,8,-8.58449841
14,51,-7.69536686
14,1,-9.10729790
14,20,-10.36629105
14,47,-7.67140198
14,34,-9.44753647
14,29,-9.52140999
14,36,-9.55108070
14,32,-9.95652008
14,86,-9.65563774
14,45,-9.87299919
14,104,-9.64189625
14,30,-9.98348141
14,61,-9.79166412
14,35,-7.89904881
14,52,-9.31540489
14,48,-10.09696674
14,43,-10.32343483
14,7,-9.14201736
14,33,-9.84007263
14,82,-10.02781391
14,23,-10.02099895
14,17,-10.17400932
14,57,-8.84695053
14,68,-6.94602537
14,59,-9.96163177
14,58,-10.43067169
14,92,-10.15075302
14,39,-9.84629059
14,6,-9.73094177
14,62,-9.05362988
15,10,-0.12974225
15,12,-4.64454556
15,9,-4.81218100
15,15,-6.98809719
15,29,-10.14374256
15,31,-7.26526690
15,52,-8.50383759
15,50,-9.09756565
15,92,-10.20654488
15,17,-10.12057686
15,4,-10.43086529
15,1,-8.05237865
15,18,-9.99282742
15,2,-8.24963760
15,3,-8.35876083
15,11,-9.11476803
15,14,-8.27701759
15,58,-10.25693703
15,35,-10.50950623
15,96,-10.62176514
15,45,-9.99455547
15,69,-10.63278103
15,49,-9.81142712
15,70,-10.41617775
15,66,-9.99616909
15,30,-10.48830605
15,47,-9.00769901
15,60,-9.84756279
15,91,-10.57124805
15,16,-7.96164513
15,48,-10.33879566
15,13,-7.99273205
15,19,-8.53583050
15,97,-10.21275330
15,6,-9.97881413
15,44,-10.67635155
15,86,-10.64727592
15,36,-10.40040779
15,38,-10.64077663
15,33,-10.64829254
15,40,-10.61199188
15,57,-10.32662964
15,22,-9.92548180
15,32,-10.07285118
15,37,-10.23961449
15,21,-10.07240295
15,39,-9.10406113
15,24,-10.87500763
15,82,-10.40266991
15,54,-10.91168118
16,15,2.86774182
16,16,2.72773910
16,13,1.70103252
16,14,2.94336247
16,51,-1.90830564
16,52,-4.05235767
16,50,-1.84213543
16,35,-3.77978873
16,72,-7.47459507
16,12,-6.31856155
16,29,-6.20541096
16,32,-7.93884230
16,49,-2.68629622
16,86,-7.97317171
16,87,-6.87807465
16,6,-6.08246565
16,28,-6.38838625
16,11,-7.36479998
16,60,-6.28440619
16,33,-7.13142109
16,91,-8.57552910
16,4,-7.59016705
16,70,-7.43709993
16,96,-8.25110435
16,67,-8.33937740
16,94,-8.62356758
16,30,-7.49576998
16,20,-8.61821175
16,5,-7.53823423
16,102,-8.84808540
16,8,-7.52658653
16,68,-8.60357666
16,40,-7.48559141
16,26,-8.64232063
16,1,-7.69807339
16,71,-4.62692738
16,55,-8.84968376
16,83,-7.48089743
16,34,-7.64961147
16,39,-7.48807096
16,46,-7.36812735
16,61,-8.00056458
16,66,-8.93172455
16,10,-7.75288916
16,69,-8.40991688
16,92,-8.72575188
16,18,-9.15571022
16,64,-8.07318783
16,27,-7.65496635
16,54,-8.88935661
17,13,4.24607563
17,15,2.73861766
17,51,3.60642123
17,70,-0.42182371
17,50,-2.23912263
17,14,-1.41549945
17,49,-3.77487540
17,52,-3.05046773
17,31,-5.81273460
17,39,-7.68515968
17,78,-7.88517332
17,12,-5.63421631
17,32,-9.22697449
17,61,-9.02939415
17,30,-9.84268093
17,20,-9.60600853
17,8,-4.20539856
17,29,-9.17134666
17,90,-7.26296806
17,55,-9.21755028
17,16,-1.21079469
17,19,-8.09580803
17,91,-7.47223949
17,10,-8.20359612
17,40,-9.52367020
17,86,-9.50139618
17,64,-8.91900063
17,62,-9.07517529
17,88,-8.09404564
17,4,-7.14031458
17,48,-9.38715363
17,43,-8.67069435
17,57,-8.57540798
17,6,-8.13133526
17,35,-6.17282772
17,33,-9.29702568
17,11,-8.80034065
17,59,-9.73507118
17,26,-9.04286289
17,87,-7.86242390
17,7,-8.92382526
17,18,-9.50322247
17,82,-8.91317177
17,17,-9.58623505
17,47,-8.16878223
17,68,-7.08421183
17,85,-7.16339636
17,1,-5.65915585
17,25,-7.55578518
17,9,-9.30428123
18,14,2.50688791
18,16,1.00407934
18,13,2.60441136
18,15,-1.66328299
18,51,-1.35906196
18,11,-7.90273190
18,50,-2.94451785
18,52,-4.30884743
18,49,-3.56826282
18,29,-8.11393547
18,74,-7.87844849
18,40,-9.21329498
18,4,-9.22941208
18,39,-8.39085579
18,87,-9.10152817
18,30,-8.12334251
18,94,-8.96846771
18,35,-5.97923756
18,10,-7.93314552
18,2,-8.95557022
18,62,-10.17682266
18,68,-10.13530731
18,9,-9.01660728
18,5,-8.66103172
18,1,-9.13718605
18,54,-9.89851761
18,27,-7.21725512
18,55,-9.82720089
18,20,-10.04022789
18,6,-7.85331726
18,12,-9.49076462
18,38,-8.93844795
18,43,-8.53498363
18,88,-9.52273941
18,78,-9.18663597
18,37,-9.83195019
18,67,-9.26231194
18,81,-9.01566505
18,7,-9.44384956
18,70,-9.88409710
18,80,-10.13565636
18,71,-9.11481476
18,64,-9.98781776
18,91,-10.00618362
18,72,-10.19978619
18,82,-9.70428085
18,90,-9.58385181
18,86,-9.57524490
18,104,-9.37318039
18,83,-6.45625257
19,16,5.20028543
19,14,0.02240681
19,51,-2.19444251
19,13,-0.16486128
19,15,-2.17473555
19,50,-3.36717653
19,52,-4.80203247
19,55,-10.04434776
19,60,-6.96575594
19,49,-5.65501022
19,11,-9.70497704
19,53,-10.36798477
19,78,-8.18311405
19,6,-7.15417194
19,29,-8.78101444
19,86,-9.93853378
19,30,-8.09442425
19,7,-9.69131851
19,37,-9.74324036
19,85,-9.43528557
19,64,-9.57318115
19,35,-7.98125267
19,90,-9.20031548
19,31,-8.75240517
19,82,-8.65387440
19,4,-9.38920879
19,2,-8.40567398
19,28,-7.61666965
19,10,-8.71429729
19,87,-9.11279964
19,32,-10.14888096
19,5,-8.64500237
19,92,-9.33562469
19,88,-9.04400635
19,54,-10.15571785
19,39,-8.50791931
19,74,-7.71340466
19,27,-7.95370770
19,65,-9.39233685
19,8,-9.55307007
19,61,-9.69211578
19,70,-9.85858631
19,12,-9.59798431
19,76,-8.02147388
19,36,-8.98567867
19,96,-9.99619102
19,83,-7.90831423
19,72,-9.98908997
19,22,-7.70582819
19,40,-10.03235626
20,14,2.87586904
20,15,1.77889419
20,13,0.20280847
20,39,-4.94830656
20,16,-1.17409253
20,51,-0.93870145
20,50,-2.83908248
20,78,-3.80000234
20,9,-7.55910015
20,55,-7.22668839
20,52,-4.60014915
20,35,-6.33469296
20,4,-9.08675861
20,12,-7.71011591
20,40,-7.93282461
20,33,-8.93158340
20,49,-4.38502932
20,10,-7.47443056
20,47,-6.93482971
20,43,-6.26668215
20,6,-8.31587029
20,5,-8.92598915
20,29,-8.47767258
20,26,-9.16646004
20,92,-8.45191002
20,80,-7.14169502
20,94,-8.86171055
20,90,-7.66917086
20,1,-8.48892975
20,53,-9.51278591
20,82,-8.22878075
20,30,-8.46673775
20,86,-9.00250340
20,18,-9.55354595
20,61,-8.61749363
20,69,-9.22711658
20,67,-8.78122520
20,22,-7.83688211
20,37,-8.79930019
20,38,-8.12480640
20,54,-8.88532829
20,89,-7.57807446
20,41,-7.95717716
20,95,-9.08896828
20,76,-8.01954460
20,17,-9.10198402
20,34,-8.60329247
20,20,-9.36226082
20,28,-8.97433281
20,45,-8.65531921
21,17,4.59958744
21,18,3.07699919
21,20,0.69771504
21,19,0.96875095
21,48,-3.32157898
21,45,-2.53185678
21,58,-5.81481457
21,82,-7.02518797
21,47,-7.24327898
21,22,-4.87756920
21,24,-5.12608671
21,37,-8.49262905
21,23,-8.33445644
21,92,-10.42146873
21,8,-7.34233570
21,86,-9.99643707
21,33,-9.23454666
21,21,-8.96465874
21,81,-9.32521629
21,12,-9.62455654
21,66,-9.09880257
21,69,-10.40813351
21,29,-9.03483391
21,46,-9.24012661
21,35,-9.09304523
21,3,-8.95303917
21,6,-9.57199001
21,72,-11.10925579
21,26,-10.61879349
21,2,-10.48060894
21,44,-10.82443810
21,104,-10.31881618
21,10,-9.98184681
21,30,-10.19760227
21,53,-11.03887558
21,51,-10.73390388
21,55,-11.04754829
21,9,-10.61162567
21,38,-10.03626347
21,43,-9.79575920
21,5,-10.30008984
21,1,-9.40262413
21,36,-8.82883072
21,4,-10.03778076
21,78,-10.46109676
21,88,-9.79612160
21,34,-9.42870808
21,89,-10.50489426
21,96,-10.92621136
21,79,-10.61551857
22,18,5.79638577
22,6,-2.23638177
22,3,-3.74446559
22,17,-1.58996189
22,12,-8.08669853
22,29,-7.57997942
22,7,-7.62904882
22,19,-6.59853554
22,50,-6.60057688
22,1,-7.80458212
22,4,-7.97057343
22,2,-8.49183273
22,96,-9.20632648
22,10,-8.40459824
22,58,-8.62546253
22,66,-7.92093563
22,8,-7.17713737
22,5,-8.81586361
22,60,-8.74393272
22,36,-7.80420351
22,81,-8.34399605
22,24,-9.70845509
22,26,-10.02754593
22,16,-9.41552162
22,33,-7.34842205
22,45,-5.63939857
22,44,-9.77408028
22,31,-7.48141003
22,34,-8.08640575
22,37,-8.05189991
22,22,-8.01420021
22,71,-7.37674618
22,47,-9.33548164
22,82,-8.99832916
22,64,-9.10546875
22,9,-9.21078587
22,40,-9.63895988
22,59,-7.66502476
22,86,-9.41073227
22,35,-9.03211784
22,78,-8.79945946
22,20,-9.91543961
22,69,-9.35758591
22,30,-7.50190973
22,48,-9.34306812
22,92,-10.04580307
22,32,-8.50255871
22,43,-9.57512569
22,55,-10.31155968
22,90,-9.13983536
23,19,5.42862368
23,7,-3.54631877
23,17,-0.54603910
23,1,-3.61899281
23,3,-2.93969703
23,31,-6.09836578
23,20,-4.68237877
23,5,-3.39236712
23,4,-6.22642612
23,96,-7.30144119
23,94,-7.83226156
23,6,-5.18361092
23,63,-6.69813633
23,92,-8.32318211
23,18,-3.39068794
23,10,-6.33659458
23,2,-6.53439236
23,100,-8.24872589
23,86,-7.22023106
23,81,-7.25592804
23,8,-7.37367630
23,59,-7.68512297
23,22,-4.23575163
23,21,-6.10891724
23,72,-9.07081127
23,37,-8.14989471
23,24,-6.96482182
23,51,-8.86680126
23,29,-7.73899889
23,78,-9.56098557
23,71,-6.97406578
23,82,-7.00768089
23,97,-7.91260481
23,28,-8.38939667
23,64,-9.97525501
23,93,-7.75618696
23,48,-7.30895996
23,15,-8.76670837
23,85,-6.69925737
23,23,-8.00124836
23,70,-9.41555214
23,33,-7.98558617
23,50,-9.49540520
23,69,-7.49764729
23,11,-8.73703861
23,68,-8.52467155
23,45,-6.54704952
23,32,-9.92316151
23,30,-9.74215221
23,60,-9.91217041
24,20,6.49367523
24,17,2.53870940
24,19,-5.21027470
24,18,-5.06953907
24,30,-7.38708830
24,48,-6.74669886
24,45,-6.10785484
24,32,-7.59854031
24,29,-6.26229143
24,24,-7.32422352
24,37,-9.08121681
24,33,-7.65667772
24,86,-10.13109875
24,23,-8.56082344
24,40,-7.35857201
24,58,-6.61754179
24,92,-10.40771675
24,81,-9.55693913
24,78,-8.72624779
24,82,-8.92522812
24,39,-7.84497213
24,31,-10.17898369
24,47,-8.86772728
24,22,-7.97685719
24,38,-8.09687042
24,44,-10.31017590
24,104,-9.07887745
24,6,-9.25109291
24,72,-10.67887306
24,12,-9.00943756
24,5,-8.96043682
24,8,-10.22919846
24,35,-7.94916439
24,53,-10.58765984
24,64,-9.96711445
24,56,-9.83175278
24,21,-9.85311699
24,102,-10.13291931
24,69,-10.29013348
24,3,-9.52235031
24,51,-10.17107964
24,55,-10.37114048
24,43,-9.71651268
24,88,-8.11909294
24,49,-10.56679535
24,80,-9.90215683
24,46,-9.95078659
24,91,-9.92934227
24,7,-10.61595058
24,2,-10.36372757
25,17,2.94130301
25,19,2.76008868
25,20,-3.67786336
25,8,-3.71733499
25,92,-6.97466660
25,37,-7.31430244
25,23,-6.90018272
25,29,-5.61814260
25,69,-5.49624920
25,22,-5.31052589
25,96,-5.19787979
25,86,-5.83229160
25,30,-9.21597576
25,5,-4.06873226
25,31,-6.75838995
25,89,-7.20228577
25,48,-6.45001698
25,58,-6.98657179
25,18,-6.62713480
25,24,-6.54058456
25,45,-6.60959911
25,72,-8.46392536
25,33,-7.73757458
25,7,-5.76576805
25,12,-8.02570248
25,9,-8.34075737
25,6,-8.75068569
25,91,-7.95509291
25,66,-8.19938374
25,21,-4.41748619
25,53,-9.53552246
25,88,-8.51543999
25,95,-6.33350039
25,82,-7.89202213
25,94,-5.77414417
25,3,-8.05769348
25,4,-8.05841732
25,40,-8.29161167
25,28,-8.43674469
25,26,-9.34365654
25,81,-8.19304752
25,36,-7.52724075
25,85,-6.93567085
25,51,-9.00419044
25,32,-9.06054115
25,102,-9.23459053
25,73,-9.49605656
25,39,-8.23542213
25,2,-7.80296469
25,42,-9.11736679
26,21,4.61779404
26,22,3.39907742
26,23,-0.53557670
26,24,-1.52995443
26,45,-0.20971973
26,33,-1.60474324
26,47,-2.72305942
26,18,-7.46710587
26,3,-8.45154953
26,34,-2.16918015
26,19,-7.22945786
26,82,-5.83175039
26,36,-3.98728728
26,46,-4.34130859
26,20,-8.88343334
26,37,-8.12095261
26,48,-6.89260674
26,17,-7.90496683
26,35,-5.59728718
26,8,-8.28630543
26,6,-6.22909117
26,81,-7.21670818
26,40,-9.02599049
26,92,-8.84041595
26,98,-8.63546944
26,41,-8.69973564
26,5,-7.58601284
26,101,-9.94161034
26,72,-9.08155632
26,7,-8.95130539
26,2,-8.12759876
26,15,-10.10111046
26,12,-8.96177769
26,26,-8.73790359
26,84,-7.96050501
26,4,-8.90649986
26,32,-9.60914040
26,69,-9.81292343
26,86,-9.97084236
26,31,-9.39798260
26,10,-9.18368626
26,75,-9.39673710
26,1,-9.19432735
26,71,-8.71803951
26,59,-10.08333778
26,25,-8.11447144
26,53,-10.12805939
26,91,-9.49376678
26,97,-8.97485256
26,58,-10.10302639
27,23,3.28239369
27,21,-1.73314726
27,24,-6.43947124
27,82,-6.99903393
27,22,-1.35524476
27,81,-7.89364719
27,37,-7.93479824
27,45,-5.25527382
27,46,-8.16183758
27,84,-7.98166323
27,17,-9.77137184
27,40,-8.46016312
27,89,-9.21414948
27,18,-9.66248894
27,92,-10.09985828
27,96,-10.56844902
27,47,-9.12085056
27,72,-11.06436729
27,36,-9.76634979
27,38,-8.46976471
27,2,-10.27128029
27,91,-10.10958576
27,20,-10.41999722
27,8,-10.33724689
27,7,-10.37273788
27,48,-9.44048119
27,12,-10.48839664
27,10,-10.38264084
27,3,-10.42208862
27,19,-9.73032665
27,33,-9.33288574
27,59,-10.74834919
27,15,-10.86893654
27,34,-7.98057079
27,9,-10.42950249
27,4,-10.15215492
27,39,-8.64762592
27,52,-10.88074303
27,58,-10.81765652
27,44,-10.41780472
27,69,-10.81696415
27,60,-10.48033047
27,95,-10.31206799
27,88,-9.55217648
27,32,-10.75346565
27,86,-9.88682938
27,5,-10.31166267
27,83,-8.88131046
27,85,-8.83318901
27,35,-8.40234756
28,22,4.40358829
28,24,-0.70685416
28,2,-4.22001171
28,12,-4.18443489
28,11,-3.86803937
28,21,-5.20716906
28,4,-4.89623833
28,10,-5.42653561
28,6,-5.94294262
28,19,-2.46240830
28,3,-5.37180519
28,48,-6.44611835
28,9,-8.20112896
28,36,-6.89193487
28,23,-4.09104967
28,45,-5.69877148
28,28,-7.50453281
28,18,-7.42556190
28,17,-7.15317202
28,37,-8.65812683
28,71,-6.17806673
28,58,-10.04321003
28,7,-6.27986145
28,69,-9.56569481
28,50,-8.20851707
28,1,-6.87911701
28,31,-8.49718666
28,27,-8.23346996
28,20,-7.90235996
28,81,-7.51950169
28,59,-9.48649120
28,39,-8.77144718
28,16,-9.31256294
28,33,-7.36047459
28,29,-9.03689957
28,86,-8.03162861
28,82,-7.92390823
28,32,-9.56390095
28,46,-8.34122467
28,13,-9.16357136
28,68,-8.86104584
28,30,-10.12338638
28,91,-8.92452621
28,40,-8.68912220
28,34,-8.46345711
28,63,-7.48491192
28,78,-9.30885124
28,38,-9.13644600
28,73,-9.86071777
28,60,-8.48663712
29,24,4.38998222
29,21,-1.44242918
29,23,-1.14149761
29,12,-5.91814137
29,22,-4.71783066
29,4,-9.06660748
29,10,-6.30171776
29,3,-9.61380386
29,11,-7.12497616
29,2,-8.33106041
29,26,-9.35313225
29,18,-10.19026661
29,9,-6.48167276
29,36,-9.43161869
29,44,-10.65361404
29,88,-9.24614143
29,17,-9.19985771
29,40,-8.45387840
29,1,-9.96308708
29,100,-8.28906250
29,47,-9.59107780
29,58,-9.06141281
29,34,-9.79940987
29,71,-8.30378819
29,19,-9.32660484
29,8,-7.47721386
29,82,-10.25230789
29,63,-9.13744545
29,62,-9.50638199
29,33,-7.33130455
29,92,-10.39814377
29,42,-10.44685173
29,37,-10.08264732
29,20,-8.59857368
29,66,-9.64565563
29,39,-7.65891409
29,104,-10.40180397
29,46,-10.11207390
29,91,-10.35634232
29,25,-9.72684097
29,86,-10.50389957
29,38,-7.42847013
29,6,-9.89505672
29,79,-10.58144283
29,54,-10.18047619
29,45,-10.26256084
29,49,-10.29946327
29,35,-8.34707642
29,78,-10.45988846
29,29,-10.03630447
30,21,3.11731076
30,23,-2.37451434
30,24,-2.21105671
30,22,-0.81931520
30,17,-6.08707285
30,81,-7.07254887
30,19,-5.10557175
30,82,-7.80206823
30,97,-6.71648121
30,42,-7.67056799
30,5,-6.35512590
30,30,-8.35907555
30,98,-5.83644676
30,34,-5.49637413
30,37,-8.81846428
30,86,-8.39952660
30,95,-7.42000675
30,46,-8.65136337
30,7,-7.54114294
30,96,-8.06002235
30,48,-7.91789579
30,6,-7.91487598
30,26,-9.03867722
30,47,-7.78277874
30,69,-7.93888378
30,92,-8.68805885
30,9,-9.08940697
30,1,-8.28489113
30,2,-8.36558437
30,36,-6.42087460
30,33,-6.23843765
30,44,-9.15054131
30,45,-5.88028526
30,29,-7.76930809
30,89,-8.66588497
30,31,-6.68216133
30,3,-8.73374271
30,10,-9.07493973
30,100,-8.25488091
30,91,-9.70452499
30,8,-7.35585117
30,20,-9.86974525
30,73,-9.39297581
30,58,-8.85403633
30,4,-8.69509888
30,84,-7.73458767
30,94,-8.00235081
30,40,-9.18210793
30,72,-9.51919365
30,18,-9.13477135
31,27,2.30128407
31,25,-3.74993038
31,28,-3.66616583
31,26,-8.65945053
31,6,-7.44284344
31,31,-9.41909218
31,2,-6.77095604
31,12,-9.78355789
31,8,-10.33970261
31,15,-8.92609215
31,16,-7.78439331
31,5,-9.87085247
31,51,-9.04841328
31,32,-9.95014381
31,30,-10.26532555
31,29,-9.58821297
31,4,-8.83909512
31,55,-10.40040684
31,72,-10.52855492
31,22,-9.83929443
31,13,-8.34103203
31,19,-9.50435352
31,86,-9.82809067
31,37,-9.49206543
31,1,-9.42511559
31,87,-9.43076324
31,91,-8.78837204
31,14,-9.39092255
31,49,-9.84026718
31,11,-10.32557106
31,50,-9.36989594
31,33,-10.53419495
31,52,-9.90309906
31,9,-9.98331833
31,63,-10.05470562
31,35,-10.15872955
31,24,-10.68920231
31,64,-10.25477886
31,47,-10.08593178
31,20,-10.48040199
31,3,-9.99988556
31,85,-9.80897617
31,82,-9.87381744
31,54,-10.77297497
31,104,-10.08581543
31,10,-9.38147831
31,68,-10.48316479
31,17,-10.41358280
31,78,-9.40991974
31,83,-9.52199173
32,28,2.81306624
32,25,3.91013503
32,26,-5.08275890
32,31,-7.01621294
32,27,-3.90735745
32,6,-6.83903217
32,5,-7.78282547
32,30,-8.46510792
32,35,-7.34491253
32,3,-8.69192123
32,7,-7.23662090
32,72,-9.68591881
32,18,-9.06657028
32,29,-8.12206173
32,64,-9.35162163
32,71,-7.24933052
32,12,-9.20960903
32,8,-8.47519875
32,86,-9.22364330
32,48,-9.15945148
32,24,-9.72325706
32,19,-8.90069962
32,2,-9.01781654
32,33,-7.96736240
32,15,-8.26751328
32,32,-9.29385376
32,4,-9.07656097
32,51,-7.76130009
32,23,-9.51315784
32,96,-9.37703133
32,68,-9.28513622
32,60,-9.17673588
32,84,-8.87757778
32,50,-7.76712799
32,59,-9.31764984
32,52,-8.89906216
32,63,-8.72986412
32,100,-9.26167488
32,90,-9.25134373
32,47,-9.17506409
32,91,-9.35268116
32,10,-8.95219040
32,1,-9.08801079
32,34,-8.40218830
32,46,-8.75148392
32,36,-8.86014557
32,85,-8.85061359
32,69,-9.46229553
32,92,-9.84264755
32,88,-9.19559860
33,25,3.44383121
33,26,2.09189296
33,27,-1.29690766
33,28,-1.16257155
33,6,-3.52855706
33,2,-7.68189096
33,5,-9.40028381
33,17,-9.10347939
33,4,-9.30616570
33,7,-8.18640232
33,58,-8.47904873
33,10,-8.48620033
33,8,-9.08936977
33,23,-8.68108368
33,11,-9.00773716
33,29,-7.75856209
33,9,-9.72645569
33,82,-9.68192577
33,31,-8.62363434
33,86,-10.12240410
33,92,-10.06855965
33,36,-8.90675735
33,30,-9.65838051
33,81,-9.94385529
33,91,-9.66079903
33,46,-9.36372948
33,16,-9.26268578
33,72,-10.18746948
33,89,-9.63514996
33,21,-8.72112751
33,69,-9.25357437
33,33,-9.56787300
33,12,-9.86262703
33,22,-9.49036121
33,35,-9.34350872
33,13,-9.83518124
33,47,-9.55062962
33,100,-9.35897827
33,19,-9.49315453
33,37,-9.83698845
33,52,-9.73998165
33,78,-9.57902336
33,53,-10.64028168
33,34,-8.84162235
33,90,-9.83270836
33,51,-9.54066277
33,93,-9.52498817
33,94,-9.82917118
33,75,-9.87066650
33,95,-10.15526104
34,25,0.72899663
34,28,-0.11101255
34,26,-4.70426846
34,27,0.75256878
34,52,-8.56037331
34,6,-8.39285183
34,2,-7.45454931
34,12,-10.14610291
34,91,-8.72972775
34,86,-10.21011257
34,10,-8.07249641
34,5,-9.56597710
34,96,-9.75009537
34,99,-6.15713120
34,69,-9.67194366
34,30,-9.30936813
34,9,-9.68152905
34,92,-9.59109116
34,16,-8.54848003
34,4,-8.87870312
34,72,-10.24045658
34,48,-9.97589588
34,8,-9.98927116
34,46,-9.26524544
34,22,-9.41863632
34,36,-9.46699238
34,7,-10.09214592
34,31,-9.47955608
34,47,-9.79017639
34,29,-9.22274780
34,58,-9.53373051
34,34,-8.66625786
34,104,-9.74915123
34,45,-9.87524796
34,89,-8.97409344
34,73,-10.10566521
34,11,-9.11077309
34,23,-9.94804859
34,33,-10.07597065
34,90,-9.16776943
34,64,-10.09377861
34,19,-9.00722980
34,56,-10.55338097
34,51,-9.41692448
34,63,-9.09126282
34,15,-9.84055805
34,39,-9.89755058
34,82,-10.19463921
34,3,-9.87073994
34,13,-9.66345882
35,26,0.12436510
35,28,-3.46890378
35,25,-0.99629730
35,27,-3.04870892
35,6,-4.89588594
35,19,-6.68539858
35,3,-6.24852657
35,31,-7.88067055
35,72,-9.09390354
35,29,-7.90144157
35,7,-6.93088579
35,33,-7.09745884
35,30,-8.22939777
35,92,-8.75979614
35,18,-8.59300327
35,32,-8.99388695
35,2,-6.63282871
35,5,-8.20527744
35,91,-9.42855644
35,12,-9.50302982
35,86,-8.79033947
35,34,-6.48514223
35,10,-8.20038986
35,69,-7.95639563
35,24,-9.88883209
35,1,-7.23624849
35,36,-7.99262333
35,96,-9.89920807
35,48,-9.44140720
35,47,-8.56377029
35,64,-9.52807236
35,45,-8.71503639
35,71,-6.72538805
35,51,-8.38502407
35,50,-7.68853378
35,15,-9.45622635
35,104,-9.78562164
35,21,-9.83504295
35,42,-10.05159760
35,63,-9.05469608
35,4,-8.73655128
35,58,-8.98791313
35,81,-8.89036274
35,37,-9.82620239
35,52,-8.30721569
35,8,-9.67701149
35,23,-9.81423378
35,84,-9.72884178
35,38,-8.53501606
35,46,-8.33656216
36,29,3.86875463
36,51,-4.13436794
36,30,1.67554581
36,31,-2.08939099
36,14,-4.12469101
36,88,-7.82933044
36,28,-5.80759907
36,32,-4.39209080
36,20,-5.42353725
36,5,-2.59570289
36,8,-5.35628891
36,39,-7.08411980
36,15,-7.17337036
36,78,-8.12004280
36,96,-8.94561577
36,6,-5.95828533
36,55,-7.41375685
36,17,-8.16123486
36,50,-8.89299679
36,25,-5.81897640
36,7,-5.53477573
36,4,-7.30464840
36,40,-7.76310539
36,80,-8.73076534
36,18,-9.24036407
36,12,-9.24116135
36,54,-5.97953320
36,42,-9.45276737
36,35,-5.58881855
36,16,-5.65261555
36,64,-9.36146355
36,60,-6.86055470
36,52,-9.11287022
36,74,-8.53855705
36,3,-8.85212803
36,10,-9.04477978
36,56,-8.47669792
36,27,-6.00338602
36,41,-9.34699631
36,2,-7.18655968
36,33,-7.26628065
36,66,-9.41334534
36,49,-8.52342606
36,26,-8.91578102
36,90,-8.81773472
36,86,-8.45315647
36,43,-8.45733643
36,91,-8.60125351
36,104,-7.71311283
36,58,-7.52058268
37,29,-0.67541742
37,30,-2.57604718
37,31,1.71204674
37,32,-6.09576845
37,6,-8.95302010
37,8,-9.92409325
37,52,-8.91196251
37,64,-9.82015038
37,15,-6.95846367
37,19,-8.16289902
37,2,-7.83066130
37,51,-9.53994370
37,20,-10.19480324
37,28,-9.54848671
37,85,-7.27178764
37,12,-9.17851353
37,40,-9.82652760
37,62,-9.83898735
37,88,-7.83623314
37,11,-10.20488930
37,5,-9.55636215
37,47,-9.08036995
37,4,-9.49596596
37,49,-8.10265827
37,68,-8.28777885
37,72,-9.56739235
37,61,-9.78089714
37,25,-9.58715534
37,86,-10.18343544
37,94,-9.24455452
37,60,-9.63748169
37,26,-9.66734982
37,24,-9.96633434
37,67,-6.93336725
37,92,-9.83733368
37,55,-10.12144089
37,41,-10.39235210
37,7,-9.99343491
37,50,-9.72797298
37,46,-9.83098793
37,10,-9.67454338
37,66,-8.67565632
37,18,-10.22294331
37,78,-9.98987579
37,96,-10.35328674
37,1,-9.21669388
37,27,-9.66460609
37,3,-9.64283371
37,87,-10.24888039
37,39,-9.43949127
38,31,1.71045411
38,30,-0.74110383
38,29,3.10571432
38,19,-2.16743970
38,17,-4.85434246
38,5,-2.13439751
38,32,-3.59789228
38,6,-6.91820908
38,7,-4.41273880
38,78,-8.79618740
38,51,-3.46185660
38,8,-3.46295881
38,4,-6.82959843
38,96,-5.09486485
38,3,-7.56905460
38,37,-9.90129566
38,90,-7.68229008
38,50,-8.32211685
38,46,-8.28125572
38,76,-8.72667980
38,60,-4.89291573
38,72,-9.66598892
38,53,-7.25693083
38,86,-8.07197285
38,91,-9.36743927
38,20,-8.77305222
38,95,-5.99778128
38,28,-7.52820110
38,64,-8.84878159
38,1,-7.25372696
38,94,-7.05807018
38,14,-5.25306654
38,25,-7.47950268
38,59,-8.01772976
38,18,-8.75936127
38,58,-7.72553778
38,2,-7.19464016
38,11,-9.12967873
38,69,-6.73136425
38,47,-9.03898907
38,56,-8.58436394
38,40,-9.46668911
38,77,-10.11598682
38,63,-7.59694529
38,55,-7.27220869
38,35,-6.94729996
38,68,-8.72876740
38,33,-6.50373936
38,12,-9.58695221
38,16,-5.81417513
39,32,4.44567442
39,64,-4.18464994
39,29,-1.69334674
39,30,-2.41521168
39,20,-4.24373198
39,15,-4.36029339
39,50,-8.51403618
39,5,-5.60333157
39,7,-7.77073002
39,78,-5.77143192
39,52,-7.91622734
39,96,-5.69379997
39,55,-6.78138304
39,60,-4.19087744
39,3,-9.83368015
39,14,-3.74642873
39,80,-8.54535103
39,61,-8.63083076
39,12,-9.67008400
39,40,-9.74649525
39,17,-8.72046375
39,83,-7.57992363
39,6,-6.45424891
39,74,-8.40319824
39,51,-6.72557163
39,39,-9.16513538
39,31,-9.03035641
39,19,-9.44657421
39,91,-7.79292154
39,16,-5.36103678
39,18,-9.84672356
39,90,-7.20380259
39,92,-9.06727505
39,49,-8.32438374
39,4,-9.51598358
39,28,-8.97152138
39,2,-9.61237144
39,42,-10.26404762
39,36,-9.72417164
39,84,-10.02062702
39,94,-8.64950085
39,47,-9.44005203
39,34,-9.82852936
39,104,-5.21574116
39,21,-10.13396549
39,26,-9.85952568
39,24,-10.39469719
39,72,-10.22217369
39,58,-9.94130993
39,8,-10.15990448
40,29,0.40765974
40,30,-2.65064788
40,32,-3.93623543
40,31,-3.54246140
40,20,-6.60276842
40,78,-8.08087921
40,8,-8.33456421
40,6,-6.08744955
40,7,-6.44376135
40,59,-6.73124123
40,1,-6.49626446
40,40,-9.01891518
40,57,-5.49826479
40,61,-9.62755394
40,17,-8.70484352
40,90,-8.62079811
40,96,-9.52880383
40,55,-8.61942673
40,10,-9.05179024
40,12,-9.43887138
40,5,-5.85630512
40,93,-7.31182194
40,86,-8.97537518
40,39,-8.29506111
40,19,-7.37639618
40,89,-7.66605473
40,3,-7.95336294
40,66,-9.25667953
40,68,-7.87700129
40,22,-8.42409706
40,28,-7.85122395
40,62,-8.57550430
40,15,-8.83331490
40,16,-8.79848385
40,49,-9.42683983
40,97,-6.83786011
40,92,-9.31064892
40,63,-8.08073139
40,64,-9.76539993
40,13,-9.13891792
40,41,-9.34989071
40,2,-9.32811356
40,51,-8.89936256
40,71,-5.44646215
40,43,-9.45045853
40,35,-8.59454823
40,50,-9.06198311
40,88,-9.41969013
40,87,-9.47074413
40,80,-9.78312683
41,34,3.10047960
41,33,2.40831923
41,36,-0.51320869
41,35,2.65457416
41,47,-5.69732428
41,3,-7.65321827
41,45,-3.17255831
41,10,-8.29144287
41,46,-6.97298336
41,6,-6.58980942
41,22,-4.78011608
41,82,-7.24508858
41,24,-9.83679771
41,2,-7.82549286
41,38,-5.41381264
41,18,-9.46307564
41,21,-4.76859951
41,88,-9.11676407
41,86,-9.00733376
41,44,-10.08919144
41,37,-9.05036831
41,12,-9.60648346
41,85,-8.48034573
41,69,-9.26309872
41,1,-8.93659782
41,5,-7.86927795
41,40,-8.36683750
41,58,-9.25739479
41,4,-9.38210106
41,87,-10.19109726
41,7,-9.94951820
41,92,-9.52676201
41,26,-8.49613953
41,19,-9.52371788
41,90,-9.07922745
41,50,-7.84625816
41,102,-9.98276711
41,17,-9.47097015
41,23,-9.10079956
41,31,-10.32537651
41,9,-8.84915924
41,48,-9.34312630
41,11,-9.54181290
41,81,-8.44714355
41,59,-9.89720821
41,49,-8.05846977
41,13,-6.86902666
41,43,-9.61060333
41,20,-6.26711941
41,54,-9.97822094
42,45,-0.23812836
42,33,1.50487041
42,35,3.36364341
42,36,-2.63305068
42,3,-5.82065248
42,6,-4.64864492
42,34,-1.03240418
42,18,-6.50872898
42,21,-3.71005964
42,47,-4.25928545
42,7,-6.53608608
42,22,-2.82579660
42,19,-7.18462181
42,24,-8.95577621
42,17,-7.41007662
42,12,-8.68629646
42,31,-9.04587936
42,46,-6.97791958
42,2,-8.28538036
42,5,-6.41483307
42,48,-7.89837456
42,28,-7.61601353
42,71,-7.33950043
42,10,-8.80423927
42,8,-8.25546551
42,20,-9.23926353
42,30,-9.41655350
42,1,-8.74355602
42,81,-6.52079058
42,86,-9.57178688
42,15,-9.02067471
42,37,-7.85845232
42,42,-9.82925606
42,96,-9.78741264
42,4,-8.23074341
42,40,-9.22972965
42,25,-8.83506966
42,82,-7.64253902
42,63,-8.68418884
42,59,-9.27954960
42,50,-9.07928181
42,23,-8.70029068
42,99,-8.83328438
42,32,-9.68374920
42,104,-9.67032719
42,29,-9.02775192
42,26,-9.43204498
42,60,-9.67664719
42,90,-9.30881882
42,64,-9.60927773
43,35,-1.50867879
43,34,-0.73279929
43,36,-2.99635053
43,33,-4.55505562
43,82,-7.58600521
43,47,-9.05192089
43,3,-9.30472565
43,4,-9.62259007
43,37,-9.87345695
43,18,-9.86852074
43,7,-9.64190578
43,71,-7.08021355
43,23,-9.62513638
43,6,-10.30815601
43,2,-9.51734829
43,69,-9.64182091
43,24,-9.83517456
43,29,-9.30226135
43,86,-8.83384705
43,31,-10.11084843
43,12,-9.13616657
43,104,-9.77803993
43,10,-10.15710449
43,26,-9.83829308
43,48,-9.94424725
43,84,-10.13797283
43,40,-9.84434509
43,1,-10.30006027
43,13,-10.00654221
43,90,-9.89126205
43,45,-9.32123280
43,8,-10.37760162
43,21,-10.01463604
43,15,-10.66753006
43,5,-10.35356522
43,32,-10.38302612
43,78,-10.19468880
43,58,-10.09314823
43,39,-9.80099869
43,88,-10.28185463
43,46,-10.20028877
43,25,-9.94814873
43,38,-9.45373154
43,101,-10.52829170
43,81,-10.46801567
43,96,-10.58173370
43,64,-10.04661465
43,100,-10.33227444
43,79,-10.75534630
43,92,-10.47942352
44,35,3.65970802
44,33,0.63149959
44,36,-3.28381848
44,47,-4.16198826
44,34,-2.80368900
44,86,-8.85590363
44,30,-9.27055740
44,6,-7.44046116
44,4,-8.60902214
44,8,-8.82692623
44,15,-8.91851234
44,26,-7.74383354
44,82,-8.13025951
44,45,-6.76372290
44,10,-8.06200504
44,90,-8.49951363
44,37,-7.00986481
44,38,-5.37705183
44,2,-7.56634521
44,5,-7.45309639
44,54,-8.48234558
44,46,-8.74230003
44,50,-8.81384468
44,72,-10.09043884
44,31,-9.75400734
44,28,-8.25476265
44,7,-9.23231888
44,25,-8.58409119
44,41,-8.54172325
44,56,-9.62843895
44,40,-9.30802345
44,70,-9.53427315
44,13,-8.85303688
44,88,-9.22976780
44,39,-9.06845284
44,1,-9.19962120
44,16,-9.68618011
44,21,-5.10389805
44,3,-9.69638348
44,71,-8.56997108
44,49,-8.30781841
44,92,-8.42679882
44,102,-9.89709377
44,95,-9.85665321
44,29,-9.32048512
44,11,-6.88288593
44,18,-9.44812393
44,42,-9.31504822
44,20,-9.82333088
44,83,-9.02961540
45,36,5.89289951
45,33,-2.13567615
45,45,-4.21228218
45,34,-5.29544830
45,37,-8.79201889
45,82,-8.55731010
45,47,-7.41837025
45,21,-6.94125366
45,18,-8.84148026
45,8,-10.31734848
45,22,-6.48739529
45,24,-9.91153336
45,69,-9.92992687
45,12,-9.66828346
45,71,-9.12646103
45,4,-9.85296059
45,31,-10.08811855
45,48,-9.40148926
45,84,-8.96376038
45,5,-10.48714161
45,29,-9.56921005
45,39,-9.62824249
45,40,-9.83889771
45,15,-10.45652962
45,16,-10.24519253
45,59,-10.45159149
45,81,-9.22015476
45,86,-10.49040699
45,17,-9.75998116
45,32,-10.42404938
45,38,-9.33312607
45,92,-10.33012962
45,75,-10.93378258
45,19,-9.76196384
45,20,-10.10545158
45,6,-9.74852562
45,104,-10.05200100
45,101,-10.40278625
45,90,-10.44176102
45,102,-10.54255295
45,46,-9.85930634
45,35,-8.70881939
45,58,-10.47840881
45,1,-10.36801529
45,44,-10.83205414
45,64,-10.63809967
45,103,-10.60256386
45,52,-10.64533043
45,30,-10.45974541
45,3,-9.64886856
46,37,4.84349632
46,39,-0.89726228
46,82,-8.08037853
46,36,-5.38708973
46,38,-3.57386684
46,33,-6.40705395
46,40,-5.49295425
46,81,-7.56542301
46,17,-8.49427891
46,11,-8.59767818
46,8,-9.08937550
46,101,-9.51881790
46,78,-8.88414574
46,1,-9.57403088
46,21,-9.33507156
46,43,-8.20574379
46,7,-8.84599876
46,34,-8.32521725
46,103,-8.51954651
46,9,-9.35260582
46,58,-9.27890205
46,89,-9.71827888
46,47,-8.71739769
46,30,-9.79289627
46,66,-9.83625793
46,102,-9.76665115
46,86,-9.81518459
46,20,-9.51082706
46,63,-9.85756683
46,15,-9.61778259
46,2,-9.45273685
46,45,-8.77499390
46,26,-9.49349213
46,19,-9.01494408
46,23,-9.85412788
46,92,-9.68477726
46,6,-9.68883038
46,29,-9.31189728
46,59,-9.57792473
46,18,-9.67511463
46,84,-8.89120865
46,4,-9.20846462
46,10,-9.42257977
46,27,-9.02386284
46,24,-10.12113380
46,61,-9.42550087
46,79,-9.94732857
46,68,-10.15615273
46,90,-9.17549419
46,98,-9.69887352
47,39,4.18228960
47,38,3.65232420
47,40,0.16342850
47,33,-4.99204159
47,80,-2.06356978
47,54,-7.17641211
47,78,-4.04040194
47,37,-6.85384464
47,21,-5.61595392
47,35,-8.48785782
47,30,-9.41431046
47,20,-6.19652081
47,17,-9.30619431
47,36,-8.39625263
47,4,-8.51277828
47,23,-9.17406464
47,43,-8.87094116
47,2,-8.76438332
47,55,-6.60877419
47,1,-8.18923759
47,82,-9.17139053
47,29,-8.46535492
47,34,-8.61536026
47,14,-8.39952850
47,26,-9.49610329
47,8,-9.28503036
47,51,-6.24848843
47,47,-8.50390148
47,15,-8.76207256
47,79,-9.39450073
47,9,-6.34451294
47,88,-8.82789040
47,13,-7.64645338
47,90,-8.47169685
47,56,-9.98180676
47,86,-9.59361267
47,12,-8.53445053
47,77,-8.15615749
47,46,-9.54127884
47,89,-9.13779545
47,92,-8.43564701
47,32,-9.24867630
47,45,-9.07336617
47,19,-8.83014488
47,81,-9.67054367
47,41,-9.23692322
47,104,-9.25756073
47,44,-9.90951729
47,70,-8.86969376
47,31,-9.34394932
48,37,3.31283951
48,39,-5.00274754
48,36,-5.61139870
48,33,-7.83827114
48,38,-4.46774340
48,34,-6.71417761
48,82,-9.41613293
48,40,-7.55115891
48,21,-9.17664528
48,81,-8.09555626
48,23,-10.01757240
48,43,-9.29407787
48,78,-9.11253357
48,75,-10.59207726
48,8,-9.79643726
48,2,-10.45932293
48,101,-10.35013771
48,7,-9.51426697
48,44,-10.53924561
48,47,-9.45535851
48,17,-9.79960537
48,103,-8.39547157
48,92,-9.76766205
48,61,-9.62029839
48,84,-8.93779564
48,18,-10.76449394
48,90,-9.66312218
48,63,-10.77200508
48,15,-10.81563950
48,98,-10.08696556
48,12,-10.40786743
48,3,-10.51829243
48,4,-10.23625755
48,83,-8.84811497
48,58,-10.13468742
48,5,-10.33673954
48,89,-10.16326904
48,102,-10.55556107
48,52,-10.86036587
48,30,-10.44884396
48,100,-9.85148239
48,45,-9.43754292
48,29,-10.27517128
48,46,-10.64153862
48,6,-10.68309212
48,20,-10.42225742
48,32,-10.80418015
48,69,-10.66455936
48,88,-10.18789673
48,35,-10.22522640
49,40,4.36389399
49,38,3.34372306
49,39,-1.36844516
49,54,-7.05207062
49,80,-5.63062668
49,43,-4.16390848
49,1,-7.57082272
49,92,-7.25376081
49,4,-8.72324371
49,44,-10.60036087
49,20,-6.50290012
49,61,-9.03649712
49,90,-9.11244202
49,79,-10.26075077
49,72,-9.81144714
49,91,-8.73690033
49,86,-10.23533821
49,41,-10.22285271
49,2,-7.45490313
49,104,-9.26213646
49,9,-6.82868958
49,30,-9.35328484
49,37,-9.73529339
49,62,-9.99106979
49,21,-7.48878670
49,78,-9.51582527
49,14,-8.50544548
49,102,-9.87049103
49,77,-8.57819366
49,29,-8.85334015
49,58,-6.62620115
49,12,-8.94906616
49,3,-8.55284309
49,88,-10.20724773
49,94,-10.46095085
49,56,-10.23846149
49,31,-9.73597813
49,53,-9.93638229
49,8,-9.68066692
49,33,-6.89141560
49,69,-7.89153004
49,89,-8.24558640
49,55,-9.65082359
49,46,-9.54166985
49,17,-10.28480053
49,19,-9.25264168
49,32,-9.99677658
49,24,-9.56621838
49,57,-8.30058670
49,64,-10.03951645
50,38,0.59449798
50,37,-6.05264950
50,39,-5.40191078
50,40,-3.52243662
50,33,-9.76155663
50,36,-8.85592079
50,54,-9.30471992
50,34,-10.39984512
50,80,-7.02400589
50,21,-8.74577522
50,82,-10.72001171
50,92,-10.12193871
50,72,-9.26233482
50,86,-10.91545296
50,78,-10.01862907
50,20,-10.56475067
50,8,-10.07726097
50,81,-10.52285194
50,103,-9.84612656
50,104,-9.11749363
50,64,-10.78400803
50,15,-10.77395058
50,4,-10.62953472
50,35,-10.44537354
50,101,-10.65683174
50,30,-10.61925507
50,17,-10.76553154
50,31,-10.68233490
50,47,-10.53831863
50,79,-10.78861523
50,43,-10.57509995
50,23,-10.68065166
50,61,-10.83006477
50,69,-10.48737049
50,102,-10.64685822
50,6,-10.84800720
50,29,-10.49807262
50,19,-10.51817036
50,88,-10.24417686
50,45,-10.66665649
50,100,-10.70400333
50,63,-10.85967255
50,91,-10.92623043
50,77,-10.12794209
50,96,-10.94529533
50,32,-10.62725735
50,9,-10.14964581
50,5,-10.35188007
50,46,-10.81511688
50,75,-10.83961868
51,41,1.84846497
51,43,2.24475002
51,44,-3.77553821
51,42,-4.18905973
51,82,-8.02150154
51,39,-4.73480940
51,37,-7.98475027
51,38,-7.24858284
51,36,-8.98811436
51,81,-9.00219250
51,1,-9.35922241
51,78,-7.48433781
51,48,-7.01782990
51,7,-9.40413570
51,45,-6.67712402
51,46,-8.53458214
51,33,-8.70085526
51,30,-10.37134552
51,86,-9.94479179
51,47,-7.39095306
51,101,-9.19552994
51,20,-9.67522526
51,9,-9.72065926
51,4,-9.71745682
51,31,-8.90219307
51,53,-10.19998646
51,15,-9.42737198
51,89,-9.42758369
51,26,-9.99588585
51,40,-9.44807625
51,102,-9.68043900
51,104,-8.39866066
51,17,-9.46200466
51,103,-9.11713123
51,6,-9.91754246
51,56,-9.77355862
51,29,-9.67009544
51,8,-10.26210785
51,14,-10.12231636
51,21,-9.46107292
51,63,-9.57824135
51,90,-9.10731220
51,13,-9.37667847
51,2,-9.63234329
51,55,-10.36661720
51,34,-9.49925804
51,54,-10.32958221
51,5,-10.30498409
51,10,-9.45227814
51,22,-8.84513092
52,42,1.59728420
52,41,-0.05060451
52,43,-2.14770532
52,44,-4.16863728
52,17,-8.37676430
52,37,-9.07435036
52,19,-8.43965149
52,46,-6.94849586
52,47,-6.10829830
52,48,-7.68211889
52,30,-10.09926033
52,45,-7.92258167
52,23,-9.43873882
52,89,-9.57860851
52,8,-10.03619385
52,75,-9.72399521
52,7,-10.34357071
52,6,-9.94601059
52,9,-9.86063004
52,31,-9.93980789
52,36,-9.23584557
52,3,-9.41904163
52,20,-9.82224751
52,14,-9.94623852
52,18,-10.07027626
52,29,-9.55880260
52,21,-9.83281040
52,25,-9.46179867
52,74,-9.94118595
52,53,-10.10803986
52,63,-9.46779823
52,22,-9.12030411
52,40,-9.31043243
52,13,-9.65175438
52,32,-10.11623001
52,33,-8.98989296
52,92,-9.81337452
52,88,-9.29821014
52,82,-9.31403446
52,2,-9.75450802
52,39,-9.12655735
52,24,-9.88305759
52,5,-10.24502659
52,96,-10.08535194
52,60,-9.75634098
52,4,-9.76181030
52,69,-9.81047916
52,38,-8.93827248
52,52,-9.89193535
52,12,-9.75242710
53,43,5.01156807
53,41,-6.07995558
53,40,-4.10939217
53,44,-9.12798977
53,42,-4.74443579
53,46,-8.51119709
53,47,-7.11778879
53,29,-9.91599274
53,17,-9.86475754
53,38,-6.01015949
53,39,-9.56943035
53,8,-10.47343159
53,86,-10.12741566
53,37,-8.49641228
53,82,-10.02895737
53,104,-9.23795891
53,101,-10.14792252
53,75,-10.26839161
53,45,-8.81121254
53,78,-9.50265217
53,19,-9.61420918
53,53,-10.65889072
53,7,-10.03359985
53,102,-9.69843864
53,91,-10.30108356
53,20,-9.92736244
53,90,-9.85226822
53,36,-9.68490982
53,6,-10.50423813
53,31,-10.56357574
53,48,-8.81293297
53,3,-10.35412216
53,100,-10.51873016
53,89,-10.55875587
53,88,-10.01211739
53,14,-8.90910339
53,30,-10.65632915
53,2,-10.13050079
53,33,-10.23648453
53,10,-9.91337776
53,15,-10.24175358
53,4,-10.46065903
53,103,-9.89895630
53,92,-10.09263992
53,5,-10.62392044
53,13,-9.41030312
53,81,-10.45700264
53,55,-10.80529690
53,35,-10.46908760
53,12,-10.55382347
54,44,5.94649887
54,41,0.76843393
54,42,0.21156643
54,46,-6.90985203
54,47,-5.82903671
54,43,-5.62253952
54,68,-9.48991489
54,45,-7.89823675
54,48,-6.63952589
54,4,-9.42515755
54,20,-10.02145004
54,12,-8.20607090
54,40,-9.89143562
54,33,-9.26239395
54,95,-9.36019039
54,22,-9.00647926
54,21,-9.54189301
54,18,-10.06652451
54,92,-9.98935795
54,52,-9.71063614
54,66,-10.03136730
54,32,-10.44966125
54,50,-10.07855988
54,19,-9.29328346
54,76,-10.21670246
54,101,-9.82176590
54,36,-9.75127602
54,23,-10.23914814
54,17,-10.10592747
54,3,-9.39556217
54,81,-9.76843929
54,88,-9.34092903
54,102,-10.35236073
54,85,-9.99173355
54,70,-10.35189819
54,9,-9.66639042
54,37,-10.12385559
54,82,-10.04167271
54,86,-10.25654793
54,2,-10.11320400
54,64,-10.26225948
54,69,-10.06786919
54,89,-10.44135857
54,75,-10.16858292
54,59,-9.84115982
54,53,-10.32754707
54,5,-10.37758923
54,24,-10.04082108
54,34,-10.08971500
54,10,-9.90343666
55,41,1.43315387
55,44,-1.76501703
55,42,-4.61120987
55,43,-5.95366049
55,46,-5.79687929
55,47,-7.10366297
55,48,-7.42438269
55,45,-8.23446083
55,18,-9.17573452
55,53,-9.58704185
55,88,-9.36672974
55,87,-9.57693481
55,80,-9.83853149
55,86,-10.13613129
55,23,-9.87867832
55,17,-10.20105743
55,4,-9.52463722
55,36,-9.74577618
55,20,-10.20077705
55,12,-10.02848244
55,54,-9.79842949
55,11,-9.41044998
55,62,-9.10737991
55,73,-9.90705299
55,5,-9.93234730
55,78,-10.07723236
55,72,-9.79537010
55,82,-9.70295429
55,90,-9.55089092
55,16,-9.50785351
55,40,-9.97451019
55,58,-9.98842525
55,6,-10.13150597
55,52,-9.99200726
55,60,-9.79726124
55,85,-9.51988602
55,22,-9.92346096
55,91,-10.53661251
55,94,-10.28225803
55,50,-9.55379200
55,95,-10.26806831
55,13,-9.97150040
55,104,-10.01286125
55,8,-10.18324184
55,92,-9.94555092
55,35,-10.08226013
55,33,-9.65180206
55,64,-9.91072083
55,37,-10.13043022
55,70,-10.13197327
56,45,2.52659297
56,33,-4.41674328
56,47,-3.56966400
56,46,-1.03166258
56,48,-6.56173563
56,22,-4.01718855
56,34,-3.62557292
56,18,-7.90742540
56,17,-7.81601524
56,21,-6.15948820
56,2,-7.71203518
56,3,-7.79177237
56,82,-8.42569733
56,6,-8.39248085
56,35,-8.33918762
56,10,-7.67530918
56,19,-7.99339104
56,36,-8.25802803
56,23,-8.20263481
56,86,-10.00697231
56,20,-10.02862263
56,5,-8.93275833
56,8,-10.50041962
56,1,-8.94372940
56,54,-10.58623886
56,92,-9.33203888
56,4,-8.82418919
56,31,-10.20670128
56,9,-9.13973618
56,81,-9.04737473
56,37,-9.33691597
56,7,-10.18790817
56,24,-9.66200352
56,15,-10.62636375
56,42,-9.73325253
56,84,-9.54578781
56,75,-10.51881981
56,40,-9.86769676
56,12,-9.91857147
56,38,-9.19041252
56,43,-10.12455273
56,104,-10.39410210
56,41,-9.21575832
56,53,-10.85331726
56,88,-9.45292282
56,100,-10.18589497
56,94,-10.21050739
56,28,-9.34847927
56,44,-10.28586388
56,83,-8.69795513
57,47,5.38063335
57,48,-4.31760502
57,46,-6.84722376
57,45,-3.10022140
57,20,-7.82579899
57,18,-5.90606308
57,21,-8.58274651
57,23,-6.72796917
57,92,-8.39910126
57,17,-7.40455818
57,19,-6.75882673
57,22,-7.79189110
57,24,-7.27195930
57,82,-8.08567619
57,4,-9.99097347
57,8,-10.41511440
57,64,-10.44165993
57,35,-8.99022484
57,31,-10.53223038
57,10,-10.55703831
57,37,-9.70780945
57,32,-10.60150146
57,86,-10.27811718
57,1,-10.67549324
57,41,-10.33531761
57,66,-10.72590351
57,81,-9.59238720
57,16,-10.74333286
57,26,-10.68320084
57,33,-9.57109356
57,36,-10.06504250
57,34,-9.09515476
57,67,-10.35548401
57,3,-10.45050526
57,38,-9.67407036
57,30,-10.65491295
57,52,-10.75983238
57,29,-10.27864456
57,15,-10.70103455
57,55,-10.71035194
57,14,-10.27810574
57,2,-10.63565254
57,6,-10.51680183
57,60,-10.60284328
57,104,-10.69552422
57,44,-10.85484886
57,25,-10.54790974
57,54,-10.07099152
57,75,-10.86050510
57,7,-10.95405388
58,46,3.54560447
58,84,-2.24673676
58,91,-8.36520004
58,6,-5.53250408
58,47,-5.83431625
58,45,-5.07307959
58,63,-7.62332344
58,2,-7.10744429
58,89,-7.36759472
58,92,-8.31379318
58,19,-5.55468607
58,26,-9.46652412
58,71,-5.92794657
58,83,-1.79677069
58,86,-9.18972397
58,81,-3.20056772
58,40,-9.92508316
58,1,-8.97004032
58,10,-5.72652102
58,7,-8.32100964
58,69,-9.11587906
58,72,-9.66653061
58,3,-6.78405285
58,48,-7.27586937
58,23,-8.70907402
58,42,-8.34303093
58,31,-8.14592457
58,90,-8.05460167
58,20,-9.86972713
58,66,-9.74114418
58,82,-9.35825157
58,64,-9.20678139
58,55,-10.30198288
58,68,-8.61482620
58,96,-8.72122192
58,29,-9.01881218
58,99,-7.33928394
58,18,-8.06147957
58,104,-9.47877693
58,22,-7.40513802
58,93,-8.68278694
58,33,-7.97456741
58,37,-9.73495770
58,65,-9.15691185
58,60,-8.89708805
58,21,-8.91974163
58,49,-9.31281281
58,50,-8.37165070
58,4,-8.74525070
58,101,-10.28514957
59,48,5.29754877
59,47,-3.41638541
59,46,-4.43174076
59,45,-4.18188000
59,23,-6.80675030
59,64,-9.83070183
59,82,-8.81320190
59,18,-9.06602764
59,19,-8.36186886
59,24,-8.98453426
59,7,-10.16035843
59,20,-10.09856701
59,86,-9.76074028
59,92,-8.71153259
59,21,-7.58679438
59,35,-8.21989250
59,3,-9.62944412
59,17,-9.49082947
59,84,-8.59237289
59,33,-7.83402205
59,34,-6.38784409
59,81,-9.55030346
59,22,-6.95761442
59,36,-8.99267292
59,80,-10.51827717
59,10,-9.85933399
59,100,-9.96340179
59,75,-10.07632828
59,31,-10.50330734
59,6,-9.51721859
59,88,-9.55037975
59,104,-10.51848793
59,37,-10.14709663
59,44,-10.46077919
59,26,-10.61012077
59,40,-10.36301231
59,8,-10.33211899
59,72,-10.81144142
59,32,-10.54351234
59,53,-10.46326828
59,70,-10.68211746
59,1,-10.58792591
59,43,-9.87015915
59,69,-10.59321976
59,11,-10.11788177
59,4,-10.44639969
59,55,-10.42341518
59,87,-10.13518524
59,60,-10.40579987
59,29,-10.46973324
60,47,0.51911288
60,45,1.64342344
60,46,0.17325310
60,34,-3.56777978
60,33,-2.85309315
60,19,-4.74416828
60,96,-8.54913521
60,48,-6.96934891
60,6,-4.82785130
60,35,-4.86595488
60,3,-7.51164961
60,2,-5.79077339
60,18,-8.18237400
60,91,-8.56237602
60,10,-6.53838825
60,90,-8.21668816
60,21,-5.03785133
60,92,-7.82786369
60,36,-7.68555355
60,22,-3.32945657
60,31,-8.20526600
60,59,-7.14691782
60,82,-7.30049181
60,64,-9.30736542
60,88,-9.03074265
60,85,-9.23194027
60,55,-7.58420181
60,15,-9.56735611
60,86,-7.89959526
60,5,-5.85745335
60,7,-8.37155533
60,67,-8.67627525
60,17,-8.96867561
60,84,-8.27764797
60,81,-7.04317331
60,99,-7.93618059
60,52,-9.46718311
60,43,-8.96704102
60,1,-7.99641180
60,70,-8.40435028
60,28,-6.83712816
60,71,-7.18932724
60,87,-9.09610939
60,20,-8.44757271
60,27,-8.64751244
60,40,-8.16523647
60,60,-9.13103867
60,95,-9.51458931
60,102,-9.54446888
60,63,-8.33496857
61,51,2.23112941
61,49,-0.76197749
61,50,-1.51138055
61,15,-1.84776926
61,52,-3.10581088
61,13,-1.04674649
61,4,-7.80601072
61,14,-3.10709405
61,87,-8.49753857
61,16,-4.10597897
61,86,-9.56875420
61,29,-9.18298340
61,61,-8.97269917
61,35,-7.91008568
61,94,-8.68650913
61,31,-8.74791527
61,32,-9.28891182
61,11,-8.81133461
61,90,-8.96290970
61,26,-9.08298397
61,30,-9.32410431
61,6,-7.76216841
61,8,-9.12765408
61,10,-8.11977005
61,55,-9.63353252
61,27,-7.63314724
61,72,-9.75942421
61,12,-8.76498985
61,84,-9.19541264
61,56,-10.03662872
61,1,-8.10858154
61,22,-8.02771187
61,64,-9.32077026
61,25,-7.95087242
61,39,-9.03990364
61,28,-8.60458851
61,38,-9.67240620
61,82,-9.18294334
61,62,-9.50605583
61,85,-9.08583260
61,88,-9.31474686
61,79,-9.72393417
61,78,-9.17216492
61,74,-9.97990227
61,70,-9.11536884
61,20,-9.50310135
61,7,-9.67811966
61,19,-9.30871105
61,60,-8.94879913
61,57,-9.15986252
62,52,-1.39088881
62,15,-1.10420859
62,51,-1.19209421
62,14,0.16464329
62,16,-0.33701751
62,13,-2.09930730
62,50,-3.65422559
62,11,-7.51320553
62,10,-3.93269801
62,49,-4.27306175
62,29,-4.19040394
62,9,-6.32794666
62,32,-6.92247772
62,55,-8.10489750
62,87,-8.07515240
62,12,-6.30904388
62,64,-7.43585873
62,61,-8.28894520
62,60,-6.39378595
62,92,-8.71288872
62,18,-8.88538933
62,30,-6.91428852
62,54,-7.38976240
62,4,-8.73759270
62,96,-9.11733818
62,88,-8.47552013
62,91,-8.45931053
62,86,-8.71795082
62,28,-7.07917595
62,8,-8.01631069
62,24,-8.92212868
62,83,-8.26977825
62,34,-7.19332933
62,46,-8.20111561
62,53,-8.15797806
62,26,-8.35924339
62,85,-8.72801018
62,3,-8.71837997
62,23,-7.71561718
62,39,-7.70619345
62,102,-9.25533962
62,35,-8.13029766
62,20,-8.97966385
62,90,-8.72023201
62,56,-8.71601582
62,21,-8.96590614
62,72,-8.70975113
62,70,-8.85086823
62,48,-8.98801994
62,84,-8.61088181
63,49,3.38057590
63,50,-0.03550514
63,51,1.88547659
63,52,-2.50011992
63,85,-7.61005116
63,15,-7.77249479
63,53,-3.82190943
63,87,-8.84833336
63,54,-3.45658064
63,31,-8.53829384
63,60,-6.12662172
63,86,-9.42960548
63,10,-7.67015839
63,64,-9.21160507
63,57,-7.51221704
63,56,-3.92641187
63,4,-9.74057007
63,55,-8.80472946
63,11,-10.19502354
63,6,-8.89357090
63,47,-8.72185135
63,14,-7.62478256
63,29,-7.53095722
63,46,-8.57337284
63,32,-9.51326942
63,66,-8.65944672
63,1,-9.29313183
63,28,-9.31611919
63,94,-9.55132389
63,2,-9.36227131
63,61,-9.42839050
63,63,-8.73678017
63,67,-8.51307297
63,7,-8.69203377
63,78,-10.22554016
63,43,-9.30157948
63,16,-8.58129215
63,33,-9.42312145
63,81,-9.54939842
63,72,-9.88765907
63,19,-8.99597931
63,23,-9.34703922
63,26,-9.66791153
63,25,-9.56401062
63,12,-9.66088486
63,70,-9.72745895
63,90,-9.84772301
63,73,-10.11581326
63,58,-9.19227791
63,3,-9.10741425
64,52,2.99449849
64,50,1.52613795
64,15,-2.61893463
64,51,-1.11774921
64,16,-4.23625183
64,49,-3.93111968
64,14,-3.88052654
64,13,-3.75998282
64,10,-6.27249193
64,11,-7.34942532
64,27,-8.47731495
64,32,-9.05686951
64,87,-8.42013168
64,9,-8.73677731
64,35,-7.79660273
64,64,-9.68909836
64,28,-9.22293377
64,2,-9.72921181
64,25,-9.54072952
64,12,-8.13722420
64,91,-9.74872684
64,29,-10.25017929
64,4,-9.37013721
64,18,-10.45880032
64,72,-10.41584206
64,60,-9.55913162
64,36,-9.45709038
64,80,-10.07067013
64,55,-10.00787067
64,40,-10.40096474
64,88,-10.00838470
64,62,-10.29826927
64,90,-10.06442642
64,70,-10.08897018
64,96,-9.85506821
64,94,-9.90059090
64,6,-8.10482407
64,68,-10.10319519
64,1,-9.59037685
64,57,-9.61193657
64,84,-9.93372917
64,26,-10.36157417
64,48,-10.01200199
64,3,-9.92857170
64,20,-10.62552738
64,34,-9.03092575
64,95,-10.16570854
64,83,-8.78162479
64,86,-10.39016819
64,92,-10.33454514
65,50,-0.09190284
65,29,-7.55708933
65,4,-5.17629051
65,32,-8.37453461
65,3,-4.83839178
65,7,-7.72707605
65,31,-7.97132587
65,46,-7.71821976
65,44,-8.58386993
65,2,-6.33864212
65,30,-9.25211906
65,85,-7.88637066
65,6,-6.64617825
65,1,-7.40491867
65,86,-8.89638042
65,34,-7.60964918
65,19,-6.94829512
65,12,-6.60417557
65,18,-7.55977440
65,60,-7.29652023
65,14,-7.73210430
65,5,-8.68590355
65,49,-8.07639885
65,40,-8.62785149
65,41,-7.90912247
65,16,-8.47128677
65,10,-7.80712271
65,48,-8.89209175
65,28,-8.00286484
65,68,-8.83701801
65,64,-9.11384106
65,96,-8.46592617
65,72,-9.90494919
65,98,-9.25044537
65,51,-8.54253769
65,94,-8.31293392
65,80,-9.24450874
65,45,-7.51090813
65,91,-9.55699921
65,89,-7.81303740
65,92,-9.28795242
65,71,-7.30663681
65,101,-9.82161617
65,70,-9.32111359
65,43,-5.95581484
65,33,-7.77028751
65,69,-9.77930641
65,81,-7.31974697
65,26,-8.58169746
65,36,-7.17228031
66,53,0.50254607
66,54,1.95156801
66,55,-5.63791370
66,56,-3.72334743
66,78,-8.79265022
66,58,-9.77802658
66,86,-10.60342407
66,14,-9.44185925
66,72,-10.66657639
66,79,-9.42457104
66,17,-10.64967346
66,8,-10.33299732
66,30,-9.56741619
66,77,-10.01537132
66,42,-10.68761730
66,51,-8.57319069
66,69,-10.12211514
66,20,-10.51539803
66,9,-10.68509674
66,49,-10.54315090
66,64,-10.48862839
66,29,-9.13004017
66,10,-10.52540779
66,102,-10.36707783
66,44,-10.62080383
66,40,-10.63621902
66,74,-10.68909168
66,36,-10.65897655
66,82,-10.82662010
66,62,-9.98895645
66,34,-10.56593418
66,37,-10.78489494
66,7,-10.63378048
66,83,-10.88660336
66,75,-10.77334785
66,104,-10.03081322
66,89,-10.44735241
66,92,-10.13238144
66,5,-10.08978653
66,31,-10.51157475
66,33,-10.47259140
66,90,-10.08424473
66,88,-10.52909470
66,4,-10.90349865
66,18,-10.60742378
66,91,-10.65032578
66,16,-10.08264923
66,12,-10.63636303
66,60,-9.22534466
66,6,-10.73929024
67,55,4.31770515
67,53,-0.09373322
67,56,-0.65846914
67,54,-2.44458532
67,78,-2.69796395
67,61,-4.70288277
67,39,-5.94853449
67,64,-7.48299026
67,15,-8.27667809
67,80,-6.62672949
67,32,-8.18806934
67,90,-8.30263996
67,14,-8.28520870
67,51,-8.25787926
67,62,-7.95658827
67,13,-7.63944054
67,86,-9.94278336
67,52,-8.90647125
67,37,-9.59609699
67,50,-8.52929783
67,63,-9.24667931
67,83,-9.88485336
67,49,-8.32866001
67,60,-8.78995228
67,77,-9.30451012
67,74,-9.75589752
67,16,-8.93557358
67,35,-9.19466972
67,8,-9.84123421
67,43,-9.23398209
67,91,-9.38045025
67,30,-9.47458649
67,20,-9.72829437
67,58,-9.65284348
67,11,-9.76055717
67,69,-9.13812065
67,88,-9.66235161
67,5,-9.52377510
67,103,-7.77539158
67,79,-9.38496208
67,87,-10.21493721
67,12,-9.74672890
67,29,-9.16652870
67,31,-9.31195736
67,4,-9.73403645
67,104,-8.72396278
67,7,-9.88869762
67,59,-9.40881157
67,75,-9.77521610
67,70,-8.55512142
68,53,4.57678175
68,56,6.28275299
68,54,3.20501852
68,55,0.99511498
68,51,-1.04835510
68,14,-4.92202091
68,29,-4.39715576
68,60,-5.80256605
68,23,-7.19954300
68,30,-5.42862511
68,89,-9.88297558
68,58,-8.25748348
68,69,-7.31295300
68,64,-8.61341476
68,16,-7.98905897
68,46,-8.66693878
68,17,-10.16736221
68,79,-6.22656107
68,8,-8.75086594
68,78,-8.83935165
68,77,-8.25591755
68,5,-7.80284929
68,74,-8.91168022
68,38,-7.55809498
68,61,-7.82606030
68,49,-6.15896893
68,62,-7.34165859
68,95,-9.77212715
68,52,-7.35050964
68,26,-9.16781425
68,90,-9.52475357
68,9,-9.65222549
68,50,-5.89304638
68,39,-8.54604244
68,40,-9.18412113
68,37,-8.63684177
68,72,-10.22445869
68,92,-9.86907578
68,100,-9.69007874
68,31,-9.59892464
68,75,-9.53314781
68,57,-8.17755318
68,21,-10.11158943
68,47,-8.86365128
68,91,-9.94176960
68,73,-9.72338486
68,42,-9.70940971
68,103,-8.84802055
68,76,-9.54675388
68,33,-9.40269566
69,56,5.19260979
69,53,-1.58742952
69,54,-1.74467444
69,79,-3.19805408
69,55,-5.76297760
69,77,-8.28873634
69,51,-6.75314045
69,35,-9.18942261
69,40,-10.34829712
69,37,-10.43272400
69,8,-10.20461750
69,29,-10.35382080
69,20,-10.64524841
69,62,-9.82548523
69,43,-9.84878540
69,39,-10.09335709
69,78,-9.15444565
69,80,-9.82552528
69,50,-7.78157282
69,38,-9.51280022
69,33,-10.41192245
69,87,-10.95991802
69,90,-10.37772846
69,30,-10.39650345
69,52,-9.31304073
69,86,-10.76903248
69,82,-10.83727932
69,72,-10.71510124
69,61,-9.83776474
69,26,-10.29718876
69,64,-10.15364933
69,4,-10.75193214
69,27,-9.32337761
69,49,-8.27996826
69,11,-10.68257046
69,1,-10.66942024
69,23,-10.67810535
69,69,-10.08210945
69,25,-9.72358894
69,91,-10.63798618
69,14,-10.50527287
69,31,-10.07941341
69,15,-10.61129761
69,75,-9.91569710
69,2,-10.75305939
69,104,-10.27944565
69,16,-10.41724968
69,68,-10.64514160
69,70,-10.16280174
69,102,-10.77592468
70,53,1.13271189
70,54,-1.85315692
70,55,-3.53402042
70,56,-3.34380317
70,40,-9.75021267
70,78,-7.73389101
70,35,-9.81561470
70,30,-9.44853783
70,92,-8.80505276
70,59,-9.60515404
70,12,-9.30491543
70,91,-9.33244038
70,86,-10.32375050
70,96,-9.64357090
70,61,-9.80666542
70,90,-8.05217838
70,37,-9.46169376
70,58,-9.99625969
70,49,-9.96787262
70,69,-9.81349468
70,75,-9.98233604
70,14,-9.91835499
70,85,-9.87673569
70,51,-9.88020325
70,82,-10.01379585
70,89,-8.72330093
70,50,-10.13983917
70,64,-10.02962780
70,15,-10.17386627
70,104,-9.49868488
70,42,-10.22459984
70,6,-10.24206924
70,52,-10.25363922
70,48,-9.78019619
70,9,-10.01014328
70,95,-9.49158096
70,29,-9.41826820
70,33,-10.14920712
70,16,-10.43787384
70,28,-6.46373081
70,80,-9.22641277
70,66,-10.02617073
70,31,-10.04037666
70,25,-7.11221933
70,11,-10.26930141
70,72,-10.45393562
70,7,-9.75272465
70,73,-9.82237816
70,47,-9.71331978
70,26,-9.96906471
71,57,5.02293205
71,58,0.44237486
71,60,0.92581987
71,1,-2.63349175
71,3,-4.30394030
71,4,-4.35678291
71,70,-5.54516411
71,92,-7.08392239
71,71,-0.91820544
71,59,-4.47670412
71,69,-6.14443111
71,19,-3.47347760
71,12,-5.85539293
71,2,-6.39740038
71,61,-8.56201458
71,50,-7.73399830
71,51,-8.31195164
71,10,-7.77852583
71,15,-6.33695030
71,9,-6.17865086
71,40,-7.97312546
71,63,-3.98380423
71,22,-6.67922068
71,93,-5.18479300
71,91,-7.51950359
71,55,-9.11850739
71,90,-8.94972897
71,72,-9.07858562
71,86,-8.78769207
71,7,-7.03090668
71,49,-7.62525272
71,76,-9.17803955
71,64,-8.96057892
71,52,-8.63226700
71,28,-8.17853355
71,97,-5.41514492
71,96,-8.59327602
71,67,-6.39975882
71,6,-6.61682034
71,30,-8.82423496
71,99,-7.30250168
71,24,-9.17300224
71,29,-8.73003769
71,14,-7.50910950
71,62,-9.18901062
71,31,-8.34146500
71,95,-7.80874634
71,16,-8.01526451
71,94,-8.12485504
71,88,-8.78943634
72,58,4.52504539
72,69,-0.76225358
72,59,-0.70621800
72,17,-6.41635895
72,96,-3.93302417
72,92,-6.27598286
72,20,-2.59475613
72,93,-4.74430752
72,89,-6.45353174
72,95,-4.81387091
72,8,-7.60838604
72,40,-5.23888016
72,19,-6.89161539
72,9,-6.68485546
72,23,-8.41019440
72,57,-2.95171547
72,30,-7.65257359
72,66,-6.91996002
72,91,-7.77890396
72,29,-6.72366142
72,2,-6.50523472
72,86,-8.74952793
72,55,-9.17018700
72,37,-7.59599018
72,103,-4.46993542
72,61,-7.19087219
72,70,-5.38636684
72,1,-5.95420313
72,3,-6.28521347
72,53,-9.39469528
72,72,-8.83728790
72,54,-8.39708424
72,32,-8.22425270
72,12,-7.29755116
72,71,-3.20718074
72,31,-7.53482819
72,38,-4.85084343
72,39,-7.38969326
72,47,-7.57150984
72,5,-8.77327633
72,73,-9.27418327
72,101,-9.30806732
72,36,-5.79783726
72,62,-7.72846985
72,7,-8.47797585
72,14,-8.83667755
72,51,-8.87024498
72,33,-8.71277809
72,90,-8.51617241
72,60,-7.33702469
73,59,5.31338692
73,57,2.56939960
73,7,-2.22269940
73,58,-0.88392597
73,19,-3.94918060
73,93,-3.34923148
73,96,-5.56503677
73,94,-4.84367085
73,99,-3.91618919
73,3,-6.05757809
73,100,-3.56473565
73,95,-5.65771055
73,31,-6.45038843
73,50,-7.06955147
73,29,-7.15299702
73,5,-6.58780098
73,63,-6.70029736
73,6,-6.85830879
73,60,-4.45338392
73,70,-4.64675522
73,98,-4.32078171
73,97,-5.33462048
73,61,-8.00288677
73,64,-8.32889748
73,69,-6.39570045
73,66,-6.89148712
73,4,-8.12855434
73,71,-4.75715256
73,49,-7.24560976
73,81,-8.75804901
73,32,-7.40901089
73,40,-8.86866570
73,20,-8.86394501
73,28,-7.26863861
73,1,-6.48339558
73,8,-8.07163525
73,36,-8.48554420
73,55,-8.98578262
73,78,-9.35821629
73,2,-8.55333519
73,18,-8.87952042
73,10,-7.47479248
73,15,-7.55871201
73,30,-7.48829603
73,62,-7.72882271
73,103,-6.46193647
73,11,-9.17759323
73,90,-8.64317513
73,68,-7.44384575
73,13,-7.75814533
74,60,3.48532009
74,70,-7.09330845
74,32,-7.12561369
74,31,-7.57768631
74,50,-7.76945448
74,3,-6.02934885
74,14,-5.39482403
74,28,-8.33674145
74,96,-8.51955795
74,57,-0.06628512
74,29,-6.04210567
74,20,-8.61733055
74,102,-8.27693748
74,104,-6.67434931
74,26,-8.59076023
74,12,-8.22245407
74,64,-9.20833206
74,16,-6.24348164
74,6,-7.63469744
74,13,-7.41611767
74,40,-8.95490646
74,15,-8.10737705
74,4,-8.07290077
74,63,-7.32130861
74,52,-8.63698006
74,86,-7.50946522
74,51,-7.45545626
74,36,-8.60066032
74,18,-9.01261520
74,68,-9.22997093
74,25,-9.28050995
74,1,-6.85913658
74,19,-7.26078653
74,7,-8.66121387
74,27,-8.79089165
74,90,-8.55959702
74,72,-9.78741455
74,23,-8.71512127
74,91,-8.53875256
74,39,-8.92669296
74,80,-9.64279842
74,5,-7.40673065
74,2,-9.27122211
74,59,-7.67363548
74,46,-8.60826111
74,22,-6.98069477
74,99,-8.75247288
74,33,-9.34161568
74,71,-6.36608791
74,11,-9.76318550
75,58,2.31903958
75,57,-2.74723411
75,14,-3.92822361
75,59,-6.02371693
75,29,-4.50526333
75,93,-7.00133657
75,51,-5.48113537
75,30,-4.70554924
75,60,-3.67766857
75,95,-5.58318710
75,96,-7.31304932
75,4,-7.87843704
75,62,-7.95240879
75,3,-8.21117210
75,15,-8.39335823
75,67,-8.25851250
75,16,-6.41633606
75,69,-5.55641747
75,5,-8.52092171
75,92,-7.73449183
75,52,-8.47629547
75,1,-7.12462330
75,2,-7.94703531
75,47,-8.56073475
75,64,-9.68280029
75,18,-9.72542763
75,49,-7.74459124
75,98,-8.45735359
75,53,-8.08624077
75,70,-7.28261614
75,50,-8.77528000
75,6,-9.25512505
75,72,-9.44325829
75,74,-8.44655800
75,55,-9.20606995
75,32,-9.56274128
75,63,-8.51183987
75,31,-8.31476784
75,103,-8.29737854
75,40,-7.66893673
75,101,-10.00435066
75,8,-8.33575821
75,66,-8.66586685
75,9,-8.64741707
75,94,-9.29536819
75,54,-7.82283783
75,12,-8.46384048
75,19,-8.40833378
75,86,-10.11947918
75,46,-8.67790413
76,61,4.10747242
76,62,-2.75004435
76,64,-4.25654602
76,63,-4.47322893
76,78,-8.43646622
76,90,-7.82726717
76,37,-9.33682156
76,39,-7.22939777
76,55,-10.30697250
76,15,-10.09593868
76,103,-8.07587337
76,35,-9.22635841
76,29,-10.32415390
76,3,-9.29359531
76,51,-10.28036880
76,5,-10.33966446
76,31,-10.17424583
76,43,-9.33103943
76,18,-10.41658688
76,12,-10.13316250
76,79,-10.05517387
76,101,-9.99668121
76,8,-10.24205399
76,91,-10.64060116
76,50,-10.16185093
76,82,-9.79375458
76,14,-10.26863670
76,20,-9.74856377
76,10,-10.07695866
76,76,-9.56149960
76,94,-10.56131649
76,30,-10.38843155
76,96,-9.92887688
76,49,-10.24045563
76,98,-10.31478405
76,58,-10.63504982
76,27,-10.16129303
76,74,-10.36313438
76,13,-10.27586937
76,32,-10.56319809
76,53,-10.65789890
76,2,-10.33345604
76,34,-10.02861595
76,4,-9.84776306
76,47,-9.67162800
76,52,-10.35365772
76,75,-10.35713196
76,80,-10.21770859
76,11,-10.32999802
76,56,-10.65891457
77,63,5.93996620
77,62,-4.66438484
77,61,-6.16957998
77,26,-8.70308018
77,4,-4.64572334
77,50,-8.76106644
77,71,-3.63492775
77,12,-8.22116756
77,3,-4.36025047
77,57,-4.94427013
77,94,-7.34799910
77,24,-8.39940166
77,19,-5.96044827
77,46,-7.98336697
77,96,-9.64174843
77,15,-9.26390839
77,88,-8.10857964
77,100,-5.90830135
77,66,-7.59987450
77,58,-9.19530869
77,6,-5.32793951
77,80,-9.11003876
77,1,-5.22518682
77,68,-7.79680967
77,36,-6.84899664
77,29,-8.35696793
77,55,-10.17962837
77,64,-9.47811508
77,25,-7.81375122
77,52,-9.43320847
77,20,-8.29669285
77,7,-8.45922756
77,43,-8.67070580
77,90,-9.26195526
77,60,-9.31342220
77,67,-7.68755531
77,34,-5.78239250
77,65,-6.16533518
77,92,-9.24890900
77,32,-9.72403336
77,30,-8.86742401
77,35,-7.44200277
77,93,-7.67082357
77,82,-9.28986168
77,31,-7.75265646
77,47,-9.16857529
77,91,-9.40547657
77,104,-9.00770473
77,51,-9.26583290
77,72,-9.89286804
78,62,4.69135761
78,61,-2.61054635
78,64,-5.68946791
78,63,-3.16230607
78,17,-8.64901066
78,50,-8.59301567
78,30,-9.43561554
78,53,-10.02972984
78,6,-10.45860577
78,2,-10.28909111
78,56,-9.26761627
78,46,-9.46725845
78,40,-9.64280701
78,54,-10.00399399
78,96,-9.99579525
78,58,-9.81840611
78,12,-10.35100937
78,20,-9.84958267
78,88,-8.85892868
78,92,-9.88813210
78,91,-10.35725975
78,29,-9.96269798
78,78,-10.23255920
78,55,-10.46342087
78,8,-10.14398766
78,80,-9.80632019
78,79,-10.03101921
78,26,-10.29959679
78,94,-9.82406616
78,81,-10.07227993
78,44,-10.24573421
78,22,-10.24056053
78,42,-10.35847569
78,90,-9.82018280
78,21,-10.00137615
78,95,-9.65526581
78,18,-10.35819244
78,36,-10.08977318
78,82,-10.40213966
78,24,-10.09334755
78,37,-10.57442570
78,85,-10.24400902
78,4,-10.29586983
78,104,-10.30441570
78,31,-10.23878098
78,93,-9.97584152
78,86,-10.60168457
78,66,-10.32179356
78,3,-10.29328346
78,77,-10.53952599
79,64,4.12923098
79,62,-4.07242632
79,61,-5.59720802
79,96,-5.33582401
79,63,-8.82299232
79,52,-9.25819016
79,32,-7.66383743
79,15,-6.11388111
79,94,-8.78620815
79,91,-9.28449440
79,80,-6.87319183
79,60,-8.47103596
79,50,-9.27630711
79,51,-9.69556332
79,26,-10.03997898
79,3,-9.55784607
79,31,-9.63352203
79,55,-9.13583755
79,46,-9.42920685
79,76,-9.73326683
79,74,-9.60418034
79,54,-9.38663006
79,90,-9.30169106
79,95,-8.71402168
79,19,-9.72175980
79,93,-9.23275280
79,49,-9.69189358
79,16,-6.60720539
79,47,-9.32578087
79,81,-9.39666271
79,6,-10.10567093
79,40,-7.53319168
79,29,-9.38974476
79,18,-8.87562370
79,30,-9.37716103
79,88,-10.21014595
79,56,-10.02208328
79,36,-10.08697987
79,27,-9.75671101
79,24,-10.56011581
79,21,-10.34568691
79,84,-9.58629799
79,7,-9.48796654
79,5,-10.05799866
79,103,-9.36600971
79,25,-9.72102356
79,10,-10.28884315
79,20,-10.20891762
79,102,-9.90253544
79,4,-9.95493793
80,62,1.95970595
80,61,-2.96192503
80,63,-0.42291901
80,64,-6.38032722
80,40,-4.44746876
80,20,-5.27339935
80,58,-7.28494072
80,86,-8.61440849
80,88,-8.81153107
80,29,-6.82662392
80,30,-7.22548008
80,31,-8.07337666
80,19,-7.76832104
80,12,-8.20681763
80,104,-7.68219566
80,18,-9.59316826
80,4,-9.30608368
80,36,-8.68508339
80,80,-8.49797249
80,68,-6.86165285
80,32,-7.86926413
80,44,-9.74758911
80,24,-9.09486961
80,59,-7.32210970
80,2,-9.53059483
80,8,-7.62266922
80,39,-4.88606071
80,46,-7.60083628
80,90,-8.88867950
80,55,-8.99729538
80,100,-7.61334562
80,50,-9.04865646
80,47,-8.01596928
80,78,-8.86032295
80,56,-9.55070496
80,92,-9.47286224
80,6,-9.22854519
80,82,-9.48010445
80,49,-8.80010605
80,54,-9.16969872
80,34,-9.09890652
80,3,-8.90164185
80,26,-8.57340813
80,37,-8.98978424
80,66,-8.56250477
80,69,-8.96858215
80,101,-10.02617264
80,71,-7.26378155
80,72,-9.96820164
80,51,-8.89086246
81,66,1.80170548
81,65,3.80885100
81,94,-3.07851291
81,7,-5.26380014
81,67,-0.15815376
81,63,-2.68347263
81,31,-5.34845877
81,68,-0.74559975
81,59,-5.58525276
81,74,-8.69943428
81,10,-5.17775726
81,49,-6.43379021
81,3,-8.64777184
81,50,-8.51401329
81,15,-4.77518463
81,19,-5.62866116
81,57,-5.47019482
81,95,-6.76088667
81,5,-9.38544941
81,73,-7.15263939
81,97,-4.75392818
81,2,-7.46949005
81,6,-7.68588352
81,93,-7.76322746
81,1,-7.66705275
81,85,-6.61674881
81,29,-9.09186935
81,12,-8.33860779
81,78,-9.29141045
81,88,-7.77101088
81,45,-8.88758659
81,32,-8.50482464
81,72,-5.87568903
81,64,-9.22017765
81,99,-7.68332386
81,70,-5.24850559
81,9,-9.31391716
81,80,-9.32255363
81,87,-8.89306259
81,52,-8.70656395
81,30,-9.26871967
81,37,-8.38351631
81,71,-4.11552095
81,90,-8.92787170
81,51,-9.43536186
81,86,-9.73648834
81,58,-9.44278145
81,4,-8.95627785
81,18,-9.88159275
81,96,-8.85463715
82,66,2.40097880
82,65,0.85618860
82,68,2.13734579
82,94,-2.86292624
82,63,-1.27688432
82,67,-0.39281455
82,95,-3.42309427
82,7,-7.13560677
82,60,-8.07770348
82,71,-4.54347277
82,86,-9.36658287
82,37,-8.80551243
82,89,-8.45234489
82,8,-8.17301941
82,93,-6.23041439
82,59,-6.84409666
82,81,-8.47865868
82,50,-7.60027695
82,31,-5.75507832
82,82,-8.98167992
82,92,-7.18465805
82,19,-5.85586357
82,70,-7.47027588
82,14,-8.73321915
82,100,-6.53009892
82,46,-6.73555660
82,47,-7.25833511
82,23,-8.81438065
82,2,-6.52927017
82,96,-8.21556568
82,58,-9.33263302
82,102,-9.73764038
82,97,-5.67234802
82,26,-8.65027523
82,6,-8.11786556
82,29,-8.50718498
82,104,-8.88589382
82,62,-7.50563526
82,57,-6.51886415
82,75,-9.34487629
82,12,-7.38189030
82,5,-8.95433140
82,49,-6.82249975
82,32,-8.91345215
82,21,-7.92394829
82,30,-9.02828312
82,53,-10.06915283
82,78,-8.39059639
82,3,-7.76400185
82,98,-7.18809128
83,67,5.13178253
83,94,-3.90098834
83,66,-3.97258663
83,15,-3.45388722
83,31,-6.46565437
83,97,-4.73182154
83,49,-5.00856590
83,7,-7.46062803
83,4,-6.65353107
83,19,-6.60747862
83,2,-6.12436724
83,93,-6.80116272
83,63,-6.02113104
83,68,-6.00981236
83,57,-4.32602310
83,81,-9.19954014
83,87,-5.15496254
83,85,-4.10383797
83,1,-5.33162212
83,52,-8.06554222
83,5,-8.45323944
83,82,-8.96168709
83,12,-8.12349987
83,29,-9.19494057
83,88,-6.59115791
83,26,-9.47367764
83,51,-8.95922470
83,10,-6.80694389
83,32,-8.12080669
83,18,-10.12362862
83,64,-8.61575031
83,92,-9.25317574
83,6,-8.61693478
83,96,-7.36280012
83,14,-8.65922451
83,50,-8.12879276
83,59,-6.56083775
83,36,-9.59994888
83,3,-9.39581585
83,80,-9.50887394
83,95,-7.18968010
83,86,-9.70528030
83,39,-9.01897430
83,47,-6.28964424
83,65,-6.53303146
83,90,-9.07449722
83,91,-9.38961029
83,60,-8.63300323
83,25,-8.85599899
83,55,-9.57197952
84,68,4.41833019
84,63,-3.99456692
84,31,-6.50370693
84,44,-9.80846405
84,66,-0.86657292
84,95,-7.76642513
84,19,-4.86623526
84,85,-6.68196774
84,70,-9.31281662
84,52,-8.46008873
84,94,-8.04958344
84,4,-7.98572874
84,40,-9.19682884
84,90,-7.78025293
84,88,-7.75223160
84,7,-7.85891247
84,72,-8.45732594
84,32,-7.77804565
84,20,-9.62380219
84,49,-6.79605150
84,89,-7.82801628
84,50,-8.89970589
84,67,-5.19698000
84,86,-9.56446171
84,46,-9.11168098
84,59,-6.75371599
84,97,-6.43626499
84,61,-9.72293949
84,57,-5.26321316
84,92,-9.37709904
84,29,-9.33807659
84,69,-6.56420326
84,6,-9.27720070
84,12,-8.41934013
84,102,-9.46218014
84,96,-10.01885986
84,15,-7.93620253
84,104,-8.60404205
84,91,-9.34176064
84,3,-9.26013279
84,65,-7.05609941
84,64,-10.15991402
84,47,-9.57663441
84,62,-9.31035328
84,100,-9.07511806
84,71,-8.35936642
84,33,-9.83438683
84,93,-7.95331097
84,1,-8.51090431
84,2,-8.14750290
85,66,-1.00286818
85,68,-1.23860860
85,65,-2.96608114
85,94,-4.33775187
85,67,-4.98938751
85,50,-7.11360550
85,63,-6.41015434
85,71,-5.01746464
85,72,-8.48323250
85,31,-6.60737514
85,82,-8.72180367
85,59,-7.79704475
85,29,-6.23793697
85,40,-7.96914816
85,70,-8.00431442
85,91,-7.78657579
85,69,-7.85610199
85,86,-9.08598232
85,64,-8.40326309
85,32,-7.79205036
85,19,-7.41169596
85,46,-7.04782724
85,55,-9.04336071
85,7,-8.37065029
85,95,-8.05640221
85,77,-7.13123798
85,34,-6.52660418
85,3,-7.80681515
85,30,-7.56563091
85,96,-8.11737823
85,18,-8.24082661
85,81,-7.01458549
85,49,-8.24385166
85,6,-8.05078506
85,4,-7.90855074
85,60,-8.04006863
85,58,-8.39757347
85,99,-7.86798286
85,47,-6.97964430
85,33,-7.01821899
85,53,-9.35436535
85,36,-6.85559225
85,62,-6.92315245
85,87,-9.15124130
85,54,-8.67400932
85,93,-5.93457842
85,90,-7.62868834
85,80,-6.97449446
85,2,-7.75465775
85,61,-8.95108032
86,69,4.57182693
86,36,-3.89205265
86,71,1.25364828
86,58,-3.59490800
86,72,-2.07963395
86,33,-6.83594561
86,17,-7.66395092
86,20,-6.17772722
86,37,-7.05054379
86,18,-7.71120453
86,70,-2.56947112
86,45,-7.63670778
86,86,-8.12855053
86,46,-6.87773132
86,59,-7.30494595
86,34,-6.74210215
86,38,-6.22498131
86,19,-8.27224445
86,47,-7.42686129
86,32,-8.89521217
86,30,-9.17909050
86,6,-7.77436733
86,92,-8.48108101
86,91,-6.79581165
86,39,-7.29384422
86,15,-7.20738983
86,7,-8.78018951
86,54,-8.58312130
86,52,-8.92080402
86,82,-8.15048218
86,48,-8.19043446
86,21,-8.63690472
86,8,-8.59565449
86,14,-8.35157776
86,35,-7.95713234
86,60,-8.54348469
86,26,-8.29879379
86,29,-8.68447018
86,64,-8.83919621
86,89,-8.01499939
86,53,-9.14106178
86,73,-9.27630806
86,68,-4.67474747
86,23,-8.61904335
86,9,-9.58398342
86,66,-6.74194813
86,67,-6.27097034
86,5,-9.07313728
86,31,-8.32560539
86,56,-9.52554512
87,70,3.14100885
87,72,-0.50443733
87,71,1.80610788
87,15,-3.40265083
87,68,-4.28958273
87,31,-6.24126196
87,7,-6.77535439
87,69,-1.94141626
87,6,-7.60964775
87,35,-6.32905388
87,28,-6.03109074
87,96,-7.57621861
87,19,-7.22679329
87,51,-7.56139708
87,66,-6.87321138
87,86,-8.51103973
87,50,-8.64675331
87,65,-5.59869576
87,30,-9.01780701
87,32,-9.39050865
87,80,-8.13900185
87,29,-8.13059711
87,67,-5.69504833
87,60,-7.70734215
87,8,-6.21918917
87,33,-8.47900772
87,5,-7.08142090
87,85,-7.53374100
87,87,-8.64206123
87,3,-9.46394253
87,40,-9.78501892
87,55,-9.32099724
87,25,-7.53845453
87,94,-7.83081961
87,11,-9.41392136
87,26,-9.61942387
87,12,-9.27749920
87,64,-9.47828102
87,81,-9.66284370
87,20,-10.10786247
87,46,-8.93912888
87,2,-9.16857910
87,13,-8.28498268
87,36,-9.76121902
87,49,-8.84101295
87,59,-8.17917824
87,90,-9.13373947
87,18,-9.73779869
87,99,-8.19965744
87,63,-9.07407284
88,71,5.53799629
88,3,-2.64909053
88,69,-1.27262092
88,4,-6.02778196
88,24,-7.95744991
88,99,-4.85323811
88,6,-6.81417751
88,36,-4.80312252
88,63,-4.94504452
88,34,-3.09837437
88,100,-7.19088364
88,31,-8.89782810
88,18,-7.10049915
88,1,-3.21091771
88,82,-7.07465267
88,26,-7.49700928
88,37,-7.44989777
88,19,-6.98285055
88,59,-5.69490242
88,33,-7.28552628
88,88,-8.86624527
88,58,-7.62773800
88,10,-8.58616638
88,96,-9.46957397
88,12,-8.49861526
88,38,-6.18362093
88,25,-8.28182125
88,7,-8.52054214
88,70,-6.54598331
88,2,-7.48797274
88,86,-8.64807987
88,39,-8.08797455
88,94,-8.53923607
88,28,-8.33833027
88,84,-8.61789322
88,60,-8.79608059
88,64,-9.26012993
88,45,-7.84894180
88,15,-9.40991116
88,62,-8.24355316
88,11,-9.39620209
88,93,-6.73553991
88,46,-7.43765163
88,57,-4.97818661
88,92,-8.69554138
88,104,-9.45824814
88,52,-8.57323742
88,76,-9.08607197
88,27,-8.16359615
88,78,-9.75949097
89,72,4.73139954
89,70,-0.47158271
89,86,-7.24197388
89,91,-7.38140821
89,15,-6.22570944
89,68,-7.26826191
89,69,-4.90489483
89,46,-9.45135021
89,104,-7.16280413
89,40,-9.96823502
89,85,-9.43043423
89,31,-9.28519726
89,71,-3.18575740
89,92,-9.87982941
89,23,-8.09595776
89,19,-9.34794426
89,50,-9.58384323
89,100,-9.99280453
89,52,-10.02069950
89,26,-10.30366707
89,32,-10.43677807
89,47,-9.93383026
89,87,-10.01878738
89,66,-8.29574966
89,89,-9.89566612
89,6,-9.97182655
89,51,-9.32161713
89,49,-9.48966599
89,64,-10.33797550
89,25,-9.73280907
89,58,-10.23048019
89,20,-10.76128387
89,88,-10.04264927
89,12,-10.40675449
89,65,-8.38598442
89,24,-10.47058296
89,60,-10.02972412
89,2,-9.84137726
89,90,-10.00401306
89,102,-9.78368568
89,94,-10.15979385
89,53,-10.69789600
89,35,-9.82587528
89,54,-10.60679626
89,10,-10.33997440
89,39,-10.45209408
89,67,-7.81674480
89,8,-10.44932365
89,103,-9.63042355
89,28,-10.04781055
90,72,-6.46722984
90,70,-3.88985777
90,71,-1.51238465
90,15,-8.11906624
90,3,-7.52207232
90,1,-6.04374075
90,52,-9.03290462
90,99,-6.49850988
90,35,-8.51986313
90,69,-7.33897781
90,36,-9.57648087
90,6,-8.76515102
90,86,-9.98231316
90,57,-7.34862614
90,19,-8.84088516
90,5,-8.78080082
90,26,-9.59169960
90,76,-8.99474716
90,50,-8.65402508
90,49,-9.09901428
90,60,-9.27754879
90,51,-9.81861687
90,96,-9.69604874
90,2,-8.84809875
90,33,-9.42212391
90,12,-9.57852650
90,10,-9.92711258
90,65,-9.52126980
90,13,-9.30469990
90,4,-8.56608391
90,82,-9.48979378
90,64,-10.33270454
90,91,-10.14533138
90,58,-9.51880074
90,87,-9.90726852
90,8,-9.54550743
90,92,-9.43390465
90,28,-9.67460060
90,95,-10.09242630
90,53,-10.59148788
90,90,-9.33131313
90,32,-10.34519196
90,42,-9.92445946
90,63,-8.96781158
90,55,-10.70211411
90,59,-9.80864334
90,100,-9.37424088
90,46,-9.24792194
90,67,-9.77552986
90,16,-9.67961502
91,75,5.22313213
91,73,3.21937013
91,74,1.68107820
91,77,-3.86275196
91,79,-5.32447052
91,78,-7.56627178
91,80,-8.05939007
91,76,-4.55506039
91,7,-8.78393555
91,53,-9.00201130
91,89,-8.64656067
91,93,-8.34934044
91,23,-8.63125801
91,90,-8.58017349
91,29,-9.08731747
91,100,-8.18990707
91,36,-8.50592136
91,26,-9.01873970
91,95,-8.15281105
91,92,-8.52835846
91,54,-9.06435204
91,15,-9.69456005
91,66,-5.65377045
91,9,-7.93637848
91,81,-9.11723709
91,8,-8.30085754
91,52,-9.49463749
91,14,-8.66027260
91,2,-9.57552719
91,50,-9.54304409
91,69,-9.02431679
91,12,-9.23773003
91,18,-9.32673073
91,25,-8.56489754
91,82,-9.48309612
91,5,-9.16697311
91,91,-9.37529755
91,64,-9.47715092
91,44,-9.23172855
91,43,-8.53027534
91,96,-9.60886860
91,103,-9.17308998
91,6,-9.10906982
91,21,-9.35987854
91,58,-9.73888016
91,32,-9.43023396
91,10,-8.35525131
91,60,-9.41449928
91,3,-9.03835964
91,68,-9.36666489
92,74,4.21437883
92,73,-1.25845253
92,75,-1.49952722
92,76,-1.42815232
92,93,-7.02271032
92,62,-9.29837799
92,78,-7.05572081
92,77,-6.06712770
92,55,-9.59539032
92,29,-9.56650734
92,2,-8.53361320
92,80,-8.72433472
92,35,-9.06819153
92,79,-8.61031532
92,1,-9.74675751
92,14,-8.74571609
92,5,-7.01523542
92,54,-10.10085964
92,61,-8.95250893
92,32,-8.90308094
92,40,-9.96677494
92,64,-9.12122726
92,39,-9.09384537
92,97,-7.71199799
92,90,-8.40291882
92,20,-10.20422935
92,92,-9.07746220
92,71,-9.30982208
92,15,-9.40688801
92,83,-10.03102303
92,94,-9.74773979
92,49,-9.75345421
92,30,-9.57997036
92,103,-8.26979828
92,69,-9.44022369
92,18,-10.17488670
92,95,-8.30170250
92,96,-9.84895897
92,68,-9.92519760
92,51,-9.34191895
92,11,-10.08881569
92,82,-10.24922371
92,50,-9.71240044
92,67,-8.83065987
92,100,-8.78197861
92,6,-9.94388866
92,91,-9.72784042
92,4,-9.75564575
92,10,-9.84751987
92,56,-10.19814682
93,73,4.45776844
93,74,-0.07655040
93,75,-0.50499123
93,66,-3.78055501
93,95,-6.91433287
93,76,-4.98261309
93,58,-6.85872412
93,89,-6.91523027
93,17,-8.29425812
93,9,-7.60484505
93,93,-7.53832817
93,8,-6.27259874
93,92,-7.28573322
93,23,-9.10822678
93,30,-8.90685844
93,65,-7.00703478
93,69,-6.86103678
93,77,-6.30635548
93,53,-8.20327854
93,5,-8.63656616
93,22,-9.11889076
93,29,-8.83340073
93,79,-8.03588200
93,78,-8.68253899
93,37,-8.44334507
93,97,-7.11069202
93,35,-8.23757648
93,6,-8.93633747
93,33,-8.71200943
93,90,-7.56015301
93,25,-7.88338184
93,26,-9.31689072
93,94,-8.62796402
93,91,-9.22603607
93,14,-8.35821533
93,64,-9.57531357
93,20,-8.35084534
93,80,-8.69707489
93,81,-9.05259991
93,96,-9.44526100
93,36,-8.62536049
93,101,-10.09643173
93,42,-8.76718807
93,72,-9.69774818
93,54,-8.79077053
93,56,-9.07526398
93,86,-9.98604012
93,82,-9.57238770
93,12,-9.36070347
93,100,-8.55364323
94,76,4.64240360
94,73,-4.68911791
94,75,-5.75787640
94,74,-2.80627942
94,3,-7.94355488
94,96,-9.46473312
94,7,-7.86001253
94,64,-9.15491104
94,6,-8.63087082
94,78,-8.82583809
94,65,-7.85062790
94,5,-8.06884670
94,12,-9.62075233
94,95,-8.63839626
94,100,-7.78847218
94,82,-9.02672577
94,63,-8.10859966
94,80,-8.99841309
94,19,-8.99903488
94,23,-8.70297813
94,8,-8.77654362
94,31,-8.66772366
94,99,-7.40186691
94,4,-9.02469444
94,34,-7.39021206
94,2,-7.93692493
94,52,-9.24949932
94,81,-8.70015526
94,84,-8.97394943
94,90,-8.56624222
94,1,-8.94982719
94,50,-9.09774208
94,94,-9.55163956
94,32,-9.15820694
94,17,-9.81936073
94,21,-8.59496117
94,68,-8.80961990
94,77,-7.63374805
94,40,-9.57247734
94,79,-7.84445047
94,92,-9.52176666
94,29,-9.14780235
94,14,-8.79051781
94,22,-9.38626957
94,66,-8.79792786
94,26,-9.16295815
94,59,-9.17236519
94,9,-8.74156952
94,18,-9.14990425
94,60,-9.04196453
95,75,3.00342631
95,76,-4.68719959
95,73,-4.31155777
95,74,-1.90889490
95,12,-8.92668152
95,43,-8.51904011
95,3,-9.19216537
95,14,-9.80587006
95,86,-9.98053265
95,8,-9.10099220
95,36,-8.93090248
95,26,-10.41764164
95,40,-9.83441639
95,63,-9.43829823
95,20,-9.63465214
95,102,-9.74332809
95,78,-10.01567841
95,90,-9.97120190
95,104,-9.31951237
95,80,-9.59153175
95,7,-9.94927025
95,64,-9.94901562
95,53,-9.20682716
95,18,-10.47484016
95,19,-9.38075161
95,58,-9.68848991
95,91,-10.03298569
95,77,-7.62667370
95,79,-8.51593208
95,93,-10.25084496
95,61,-9.79207611
95,32,-10.25634575
95,29,-10.24458504
95,44,-9.65212154
95,10,-9.50353813
95,54,-9.28990173
95,100,-9.92909050
95,92,-9.85888672
95,6,-10.18559265
95,2,-10.15631580
95,47,-9.09903812
95,52,-10.36302090
95,1,-10.54978657
95,55,-10.41651821
95,50,-9.92406559
95,4,-9.94713497
95,13,-9.57456970
95,15,-9.74961853
95,101,-10.06785297
95,31,-10.05594063
96,77,1.91508687
96,78,0.64821750
96,79,-3.42426896
96,56,-5.18167400
96,55,-6.61296654
96,74,-4.80575657
96,54,-7.29655218
96,26,-8.88041687
96,39,-6.14682293
96,30,-9.33662033
96,53,-8.41402817
96,73,-6.85282564
96,76,-6.90317917
96,38,-7.60859871
96,80,-5.19139242
96,61,-8.74858475
96,8,-9.05462646
96,14,-6.18456173
96,17,-9.62290287
96,86,-9.87345314
96,90,-7.31636906
96,32,-7.37336588
96,31,-8.56922913
96,43,-8.21842575
96,91,-9.02858257
96,29,-9.07647038
96,64,-7.28333569
96,20,-9.41448593
96,75,-6.18111706
96,94,-9.95680618
96,69,-9.82627487
96,58,-9.68359089
96,40,-9.04127216
96,13,-7.83365059
96,4,-9.90277958
96,104,-6.98976135
96,23,-9.89248943
96,72,-9.65827942
96,51,-8.58665848
96,27,-9.04925156
96,57,-8.44865608
96,18,-9.71151829
96,12,-9.19783592
96,11,-10.11744595
96,62,-9.08843231
96,37,-9.66856480
96,9,-9.68328285
96,25,-8.41180325
96,88,-9.62261486
96,7,-9.63208008
97,78,4.99184704
97,77,1.38296103
97,80,-1.81961703
97,55,-2.26876307
97,79,-4.99114799
97,39,-4.21548939
97,54,-6.76978302
97,56,-5.70952415
97,90,-8.46647263
97,103,-7.74804211
97,75,-8.25690556
97,61,-9.18111992
97,12,-10.07911777
97,91,-10.15454865
97,37,-9.79334641
97,53,-9.93485355
97,14,-9.11537075
97,40,-10.17015076
97,8,-10.08279705
97,62,-9.72476768
97,13,-9.37541199
97,17,-10.20197487
97,29,-10.08568573
97,20,-10.37756729
97,86,-10.20254421
97,47,-9.76194000
97,43,-9.61048126
97,32,-10.13942528
97,10,-8.62670517
97,15,-10.15237141
97,72,-10.60931778
97,82,-9.89179230
97,74,-8.31417656
97,102,-9.65046597
97,30,-10.14375877
97,51,-9.04424477
97,18,-10.49027538
97,1,-10.11193657
97,58,-9.68431950
97,104,-9.86890793
97,92,-10.28088188
97,7,-10.23380566
97,64,-9.88213158
97,96,-10.16684151
97,88,-9.82926559
97,9,-8.49706841
97,46,-10.22079659
97,23,-10.49536514
97,4,-10.25325584
97,101,-10.14776134
98,77,1.24128628
98,79,-2.33352828
98,56,-2.22890592
98,78,1.82168615
98,54,-5.90039682
98,8,-8.98335838
98,53,-6.15124416
98,75,-7.82090425
98,80,-4.26239109
98,29,-9.73392582
98,86,-10.08395004
98,17,-9.89686966
98,26,-8.54757881
98,31,-9.34066010
98,30,-9.40879822
98,55,-9.87276363
98,38,-8.30698395
98,81,-10.75732231
98,7,-9.87073708
98,12,-10.03201103
98,5,-9.87937260
98,66,-9.41211891
98,18,-9.81234550
98,91,-10.08272171
98,72,-10.10906601
98,89,-10.33282280
98,73,-8.97513485
98,23,-10.23137474
98,32,-10.05210304
98,9,-9.96667862
98,43,-9.45327187
98,40,-9.91757011
98,90,-9.45563030
98,64,-9.48218155
98,100,-10.03757668
98,20,-10.14760590
98,13,-10.77360821
98,97,-9.30074692
98,82,-10.45301819
98,33,-10.34366417
98,95,-10.27480221
98,19,-9.96407127
98,36,-10.05553055
98,58,-9.82071018
98,74,-8.10870838
98,96,-10.07196140
98,6,-10.42148590
98,37,-10.23426533
98,2,-10.26097584
98,27,-9.13377762
99,80,5.32743549
99,78,-0.71437603
99,77,0.12971765
99,79,-2.86043715
99,74,-6.92803001
99,39,-3.36597037
99,40,-6.25451469
99,64,-7.86338520
99,4,-10.54281616
99,54,-9.23502922
99,11,-9.39213848
99,94,-9.77709389
99,15,-8.55133724
99,29,-10.42605591
99,32,-10.24950600
99,55,-8.73351574
99,87,-9.70780659
99,62,-10.18949318
99,38,-6.61789703
99,91,-10.53448963
99,21,-8.60667896
99,2,-10.52901840
99,75,-10.13680935
99,20,-10.69118404
99,52,-10.56866932
99,90,-10.29110527
99,68,-10.17872238
99,50,-10.40959072
99,14,-10.29161263
99,88,-10.60906219
99,96,-10.07993126
99,76,-9.64715958
99,63,-10.37932396
99,30,-10.48997974
99,86,-10.65450287
99,1,-10.52681255
99,26,-10.78020954
99,19,-10.22263336
99,23,-10.63193703
99,56,-10.71839809
99,103,-10.12271309
99,72,-10.81354523
99,12,-10.79254913
99,25,-10.64068794
99,81,-10.65996552
99,71,-10.31233978
99,83,-10.39202690
99,73,-9.36804199
99,27,-10.52738380
99,65,-9.43589115
100,79,3.52523160
100,80,-1.30180788
100,78,-0.10960338
100,77,0.48759660
100,56,-1.23428059
100,40,-9.27545071
100,64,-8.15464020
100,86,-10.38635063
100,104,-9.61788368
100,32,-9.60830212
100,55,-9.59731102
100,75,-7.41153526
100,39,-8.74159622
100,17,-9.99814415
100,20,-9.72063160
100,9,-9.46555328
100,88,-9.80749512
100,12,-9.71169853
100,4,-9.94033623
100,5,-9.46463203
100,54,-9.43186951
100,72,-10.35346508
100,18,-9.54998016
100,52,-9.26714897
100,44,-9.40245724
100,25,-9.99310303
100,10,-9.57676888
100,76,-8.20793629
100,30,-9.71709824
100,74,-8.06481171
100,36,-9.14473534
100,29,-9.25128746
100,6,-10.09254646
100,7,-9.83835411
100,38,-9.24777031
100,11,-9.84822369
100,96,-10.22266197
100,19,-9.29309559
100,47,-9.13446426
100,31,-9.62874222
100,8,-9.68476677
100,24,-9.95036316
100,15,-10.12577915
100,1,-9.74057007
100,43,-9.09116936
100,45,-9.64670944
100,90,-9.77601051
100,14,-10.22906971
100,84,-9.94145679
100,92,-9.97897625
101,81,2.11151123
101,83,2.22452831
101,84,1.66035318
101,82,-4.38139725
101,21,-5.15498829
101,19,-6.97264862
101,23,-5.69056606
101,97,-7.94442987
101,98,-8.75533199
101,2,-7.75498438
101,45,-8.22847176
101,22,-6.70325089
101,36,-6.73136520
101,20,-10.31578350
101,17,-9.88159943
101,40,-8.27890873
101,85,-6.04171324
101,7,-8.51570129
101,1,-9.33075619
101,3,-8.40606689
101,4,-8.79161644
101,10,-8.54594517
101,86,-9.62754822
101,64,-7.71709824
101,18,-9.43173027
101,39,-8.18425179
101,37,-8.81840134
101,6,-8.06158066
101,96,-8.65656853
101,91,-8.68897057
101,87,-8.48891068
101,38,-8.51704025
101,33,-7.72907829
101,11,-10.12926197
101,88,-9.12664986
101,5,-9.91623878
101,94,-9.01215267
101,29,-9.91134357
101,34,-7.12362957
101,48,-9.38831711
101,31,-9.67312241
101,90,-7.95165300
101,47,-8.14004421
101,71,-8.68832970
101,42,-9.04822636
101,46,-5.40328169
101,52,-9.12849998
101,68,-10.07462502
101,76,-9.09291077
101,32,-8.62705612
102,83,1.66813612
102,84,1.07403314
102,81,0.39074767
102,82,-4.52998304
102,21,-5.68156481
102,4,-8.51095867
102,23,-7.18921757
102,19,-6.92395401
102,15,-9.34462738
102,86,-8.34336853
102,88,-6.17769718
102,20,-9.22680092
102,97,-5.76921701
102,11,-9.82143879
102,33,-7.36118937
102,34,-5.54534149
102,92,-8.16188908
102,98,-5.22714615
102,3,-7.35971212
102,85,-7.73764992
102,36,-6.68869257
102,1,-9.10039139
102,48,-7.82605839
102,78,-10.22400093
102,12,-9.71160126
102,17,-9.39538288
102,6,-8.96466923
102,50,-8.91716194
102,32,-8.32542896
102,2,-8.31259346
102,94,-9.69882870
102,39,-8.95058823
102,7,-8.13781452
102,10,-9.52616119
102,26,-9.71851826
102,64,-9.44033337
102,75,-10.50164986
102,24,-9.70118904
102,18,-8.77615356
102,52,-8.38823891
102,31,-9.09395885
102,40,-9.51487255
102,22,-7.31445026
102,87,-9.53126049
102,100,-7.26838779
102,28,-8.66976833
102,45,-8.26909542
102,25,-9.34147072
102,8,-9.85279942
102,80,-10.07233906
103,82,6.48974895
103,81,-6.52275896
103,84,-5.19720554
103,98,-3.07506609
103,83,-6.85752678
103,36,-7.83525467
103,97,-7.39626789
103,23,-9.35531712
103,21,-7.24128628
103,37,-9.06531143
103,86,-8.41440201
103,35,-7.24482918
103,2,-7.53456879
103,42,-5.59473801
103,27,-9.07689762
103,34,-5.76607370
103,33,-7.48839283
103,46,-7.14075136
103,20,-9.92287636
103,64,-10.09586143
103,47,-6.70953178
103,96,-10.30434704
103,17,-9.57450008
103,48,-7.47807693
103,4,-9.31140137
103,54,-9.77614594
103,52,-9.33376789
103,45,-7.16338348
103,19,-8.98723602
103,10,-8.43796539
103,60,-10.08277512
103,12,-9.22588158
103,32,-10.29283905
103,71,-8.35227203
103,44,-9.41703224
103,22,-8.67494774
103,90,-8.67005253
103,41,-7.96899652
103,31,-10.15855980
103,18,-10.06840897
103,7,-10.05792236
103,26,-9.29421234
103,102,-9.52149296
103,38,-7.85544586
103,6,-9.80066013
103,39,-9.03447628
103,100,-9.97275734
103,40,-9.67387676
103,88,-8.81783390
103,66,-9.87479115
104,83,2.03343964
104,81,-3.69393682
104,88,-4.25906181
104,36,-6.87864161
104,71,-5.84016991
104,33,-7.64158964
104,82,-7.21942139
104,86,-5.23281670
104,18,-8.07297134
104,34,-5.97667694
104,85,-4.26592302
104,84,-6.22127342
104,3,-7.09209061
104,64,-9.03617287
104,4,-8.29996967
104,87,-6.43867683
104,32,-9.40557861
104,37,-8.41456413
104,7,-8.46253109
104,90,-8.30656528
104,31,-8.28975296
104,45,-8.15633488
104,6,-7.95916128
104,69,-8.82034492
104,19,-8.41369915
104,96,-9.42150497
104,24,-9.03486729
104,52,-8.68399429
104,59,-8.57808781
104,100,-8.18504047
104,63,-7.80366993
104,94,-8.61997795
104,39,-8.05834866
104,38,-7.73593950
104,91,-8.72337341
104,2,-8.19187546
104,47,-8.25092983
104,5,-9.42600822
104,50,-8.05051708
104,72,-9.72558308
104,99,-7.68569374
104,46,-7.63701630
104,49,-9.10250664
104,15,-9.45145416
104,58,-9.58688354
104,10,-8.52703190
104,60,-9.29331970
104,1,-8.81570625
104,55,-9.99510574
104,26,-8.94152451
105,81,4.03725529
105,82,-1.58702481
105,21,-3.32767296
105,23,-2.44327188
105,97,-4.28057671
105,98,-3.41172385
105,17,-6.04919577
105,6,-6.83899593
105,84,-4.38124371
105,83,-3.67327237
105,19,-5.34273243
105,20,-7.35898590
105,85,-5.44650126
105,37,-5.57523727
105,45,-5.37290049
105,40,-5.89175606
105,48,-6.44739914
105,38,-5.93477821
105,22,-4.26276684
105,42,-6.35998917
105,33,-5.63845873
105,5,-8.35037136
105,18,-7.67225170
105,9,-8.01538372
105,100,-6.91375732
105,49,-6.78161383
105,39,-5.13206816
105,46,-6.05418348
105,47,-6.24731636
105,86,-7.30181980
105,34,-5.48048687
105,91,-6.37682629
105,2,-7.08640099
105,69,-8.42936897
105,7,-7.74669743
105,14,-6.58580160
105,77,-8.66424561
105,1,-7.88833046
105,89,-8.23184204
105,4,-7.80964327
105,88,-6.36597252
105,3,-7.23490238
105,101,-8.14820099
105,36,-5.76754665
105,64,-8.11255550
105,92,-8.06331348
105,15,-8.92851830
105,30,-8.60054779
105,90,-7.08600140
105,43,-7.21134186
106,86,5.20532608
106,88,-2.36726546
106,85,-2.96150088
106,83,-3.86094022
106,72,-3.85580707
106,87,-5.54849625
106,91,-3.92508411
106,20,-8.28449726
106,104,-5.09974957
106,90,-7.05380964
106,15,-6.90087557
106,81,-5.40128040
106,46,-6.19141293
106,60,-6.39985991
106,40,-6.87973118
106,96,-8.33026314
106,29,-7.38560486
106,92,-6.85216427
106,84,-7.43537092
106,68,-7.16590691
106,11,-7.95778656
106,6,-7.86611700
106,50,-8.13569736
106,30,-8.77105808
106,89,-7.14495277
106,4,-7.85048723
106,102,-7.51195335
106,31,-7.53268814
106,93,-8.04407883
106,82,-7.78127575
106,64,-8.29615784
106,47,-6.55091476
106,18,-8.83881664
106,99,-7.34078503
106,32,-7.44549990
106,37,-8.29007244
106,65,-7.79298306
106,57,-6.47012234
106,80,-8.50377083
106,2,-7.25542831
106,39,-7.00209475
106,62,-7.78911877
106,49,-8.18632984
106,19,-6.49344826
106,51,-7.85256386
106,16,-7.76119518
106,7,-8.55010605
106,23,-6.79316473
106,45,-7.69259644
106,78,-8.05693817
107,87,3.30652952
107,85,0.02647673
107,86,-1.94916737
107,52,-7.08146906
107,49,-7.01060295
107,88,-3.66255450
107,51,-6.15644360
107,15,-8.08935165
107,50,-6.93589020
107,83,-4.86654997
107,4,-7.96597910
107,68,-7.88177586
107,11,-8.70035362
107,90,-8.52186489
107,29,-7.91350937
107,12,-7.72364521
107,100,-6.89729500
107,1,-8.38321304
107,10,-7.76785421
107,20,-9.32054138
107,96,-8.49977779
107,32,-9.16231728
107,72,-9.01518440
107,60,-8.57377243
107,35,-7.76078987
107,34,-7.47358179
107,7,-8.92958069
107,39,-8.11271095
107,61,-8.80859756
107,40,-9.02142906
107,46,-7.95787811
107,28,-8.14474773
107,2,-8.44367409
107,84,-8.09121132
107,31,-8.76394653
107,55,-9.68726254
107,26,-8.85251236
107,18,-9.32403469
107,62,-8.22405243
107,13,-8.50680637
107,92,-8.93310165
107,8,-9.08114052
107,30,-9.24656296
107,19,-8.47528839
107,94,-8.40608406
107,91,-8.96346664
107,82,-8.77124596
107,33,-8.66182423
107,81,-6.62162304
107,47,-8.14980507
108,85,4.66367912
108,88,2.31161833
108,86,-5.44195461
108,83,-4.11484814
108,87,-0.72257251
108,29,-8.83723164
108,31,-7.45375824
108,84,-7.09545755
108,17,-9.19958782
108,6,-8.63918304
108,49,-7.68074989
108,81,-4.82046890
108,68,-8.03058147
108,9,-8.87849045
108,5,-9.37273788
108,33,-8.29827785
108,25,-7.27738142
108,76,-8.58545589
108,4,-9.22248268
108,91,-9.21006393
108,67,-7.91553402
108,34,-8.10001945
108,15,-8.77049637
108,66,-7.87697792
108,44,-9.22064781
108,7,-8.66382217
108,10,-8.25582027
108,82,-7.60154676
108,63,-7.33100700
108,19,-7.87327194
108,90,-9.12783432
108,95,-9.28523064
108,50,-9.20021248
108,100,-8.67663288
108,77,-9.80039024
108,57,-7.99002266
108,72,-9.25968170
108,13,-9.42948246
108,18,-9.36345291
108,53,-10.36904049
108,51,-9.44838142
108,52,-9.40475082
108,14,-9.46999741
108,32,-9.83650684
108,46,-9.06234455
108,3,-9.10202217
108,97,-7.31953621
108,94,-8.71430397
108,30,-9.22472954
108,21,-8.33595276
109,88,5.19075203
109,85,1.43552339
109,87,-2.14150953
109,86,-6.34715843
109,83,-5.95224380
109,11,-5.56061649
109,4,-5.14514637
109,15,-10.16515732
109,68,-10.29433155
109,52,-9.93002987
109,100,-9.88188744
109,44,-10.01537514
109,19,-9.85821342
109,84,-10.17100620
109,90,-10.10998535
109,104,-10.32382584
109,82,-10.18447495
109,81,-7.88414001
109,7,-10.50718498
109,80,-10.31042671
109,18,-10.51901436
109,94,-10.25579929
109,1,-7.02071285
109,39,-9.39206600
109,12,-10.08884430
109,3,-10.21016884
109,6,-10.21640396
109,32,-10.65832996
109,76,-10.30115509
109,99,-10.03816223
109,78,-10.54861069
109,20,-10.67466164
109,31,-10.28785896
109,10,-9.88081932
109,50,-10.14584732
109,75,-10.74463844
109,34,-10.07293606
109,103,-10.27577877
109,2,-9.85802460
109,64,-10.57196331
109,29,-10.23034096
109,93,-10.34751129
109,24,-10.47741699
109,60,-10.53748131
109,22,-10.03387737
109,56,-10.85784149
109,5,-10.37582970
109,40,-10.48166656
109,96,-10.51785469
109,97,-10.20365429
110,86,4.02432108
110,72,-9.04931450
110,91,-8.19568443
110,40,-7.40136147
110,87,-8.91343403
110,88,-7.06435251
110,85,-7.57325602
110,82,-9.69149208
110,83,-8.19382191
110,81,-8.95009041
110,92,-10.07999802
110,37,-10.35794735
110,6,-10.11740875
110,43,-8.91597080
110,65,-10.02897739
110,96,-10.35397053
110,50,-10.12986660
110,104,-10.02574730
110,93,-9.69312572
110,36,-9.70687675
110,99,-9.66869831
110,47,-10.19993687
110,58,-10.57094002
110,45,-10.16701126
110,46,-10.22907257
110,66,-10.78618431
110,7,-10.28763676
110,12,-9.03947353
110,18,-10.71155357
110,78,-9.43131256
110,20,-10.47155380
110,26,-10.45572281
110,68,-10.39506912
110,5,-10.54110909
110,22,-9.41431618
110,42,-10.03653526
110,31,-10.37539482
110,30,-10.65455627
110,55,-10.60326672
110,29,-10.41406250
110,48,-10.25659943
110,67,-10.49431896
110,3,-10.38614941
110,101,-10.56021404
110,79,-10.62394524
110,19,-9.53168488
110,15,-10.06643486
110,69,-10.29354095
110,84,-10.57652855
110,77,-10.68378448
111,89,1.88684869
111,90,2.19095016
111,92,0.74327797
111,91,-1.75573242
111,96,-4.99113655
111,93,-5.10522413
111,45,-7.50223684
111,31,-8.70375729
111,8,-9.12009907
111,82,-8.85128593
111,103,-7.09280014
111,17,-8.38574123
111,86,-8.69061089
111,33,-8.06375980
111,102,-7.72267008
111,75,-9.26605129
111,5,-9.36755371
111,47,-8.22618103
111,94,-5.94335890
111,7,-8.19327927
111,78,-6.97562981
111,23,-8.76191902
111,101,-8.04893017
111,81,-7.38129330
111,83,-7.87090588
111,53,-9.41504955
111,46,-8.08454227
111,29,-7.23622561
111,21,-8.70171261
111,61,-8.61819649
111,37,-7.95281553
111,3,-8.68480110
111,32,-8.53226280
111,12,-7.98914528
111,84,-7.75420809
111,100,-9.01354504
111,85,-8.46519661
111,19,-8.01961136
111,1,-8.83238602
111,13,-8.93873787
111,95,-7.89831734
111,30,-9.25342369
111,20,-8.87129402
111,39,-8.29055882
111,36,-7.26794815
111,55,-9.45181656
111,49,-9.07111454
111,74,-9.37195110
111,4,-8.83064079
111,15,-9.13026428
112,89,4.09565306
112,90,3.02045918
112,92,-0.85860384
112,91,-1.47674417
112,101,-7.64026022
112,103,-4.44391155
112,20,-6.63698196
112,104,-7.50725555
112,96,-8.03181839
112,102,-8.40884972
112,62,-8.73637009
112,37,-7.02703428
112,8,-8.90340519
112,29,-6.27622223
112,93,-7.26398516
112,61,-9.15893745
112,78,-7.65215683
112,40,-9.63411713
112,25,-7.90515852
112,7,-9.07770538
112,23,-9.30435371
112,46,-8.80846310
112,66,-8.09675789
112,68,-7.37513828
112,17,-9.86691475
112,36,-9.23780155
112,47,-9.17086601
112,39,-8.95724869
112,2,-10.14480114
112,9,-8.28289604
112,82,-9.87325668
112,12,-9.74251556
112,3,-9.93928623
112,86,-9.49417114
112,69,-10.25204277
112,75,-9.33036423
112,55,-9.72209263
112,30,-9.51145458
112,94,-8.49790192
112,71,-9.12365818
112,100,-9.58067703
112,95,-9.14132500
112,81,-8.59231377
112,26,-10.06493759
112,80,-9.35176277
112,54,-9.75059319
112,64,-9.93261909
112,50,-10.13596439
112,5,-10.11421204
112,14,-9.44545937
113,92,1.78898466
113,91,-3.47157073
113,89,-2.47867060
113,3,-5.39926243
113,60,-4.22619438
113,2,-7.56290627
113,90,-2.34491181
113,23,-8.75296593
113,12,-6.76954556
113,24,-8.58037567
113,1,-7.04563951
113,19,-5.69296741
113,4,-7.32136774
113,21,-8.39581013
113,52,-6.63094473
113,104,-6.95208263
113,58,-7.92319870
113,81,-7.12692738
113,47,-6.95952463
113,40,-8.12933064
113,69,-8.86807537
113,18,-8.58677483
113,32,-5.12417269
113,84,-8.14521694
113,37,-7.91284752
113,10,-7.29436636
113,7,-7.89204264
113,101,-9.06664848
113,36,-7.40668011
113,33,-7.48961735
113,100,-8.66196442
113,6,-8.33381081
113,75,-9.71002769
113,103,-7.32731628
113,57,-7.36317015
113,46,-7.80452919
113,72,-9.38594532
113,102,-8.82321072
113,26,-8.70820236
113,63,-5.63359070
113,49,-8.82477760
113,17,-9.32036877
113,5,-9.13146400
113,34,-7.66376972
113,41,-9.49301434
113,45,-8.37314606
113,64,-9.10501289
113,8,-9.27049637
113,48,-9.26243591
113,35,-8.74923992
114,91,2.71411324
114,96,-4.83054733
114,92,-5.82050657
114,90,-3.44737053
114,89,-4.86334896
114,94,-5.31442928
114,93,-4.54040432
114,61,-6.12667179
114,64,-5.29358006
114,95,-4.08127022
114,46,-7.83098507
114,86,-7.04048491
114,102,-4.57367611
114,72,-7.50262642
114,83,-7.89680290
114,62,-6.90910959
114,104,-6.31644297
114,7,-8.88756561
114,84,-7.96617985
114,81,-8.01994991
114,58,-9.54233551
114,99,-7.52855778
114,60,-6.94666862
114,37,-8.80536270
114,29,-7.66922951
114,50,-8.75220108
114,15,-8.40571404
114,34,-8.26740742
114,63,-6.88622761
114,36,-8.09223652
114,103,-3.45625901
114,6,-8.87586021
114,40,-8.33949184
114,87,-8.73402596
114,39,-7.93284273
114,11,-8.71815205
114,69,-9.40505028
114,12,-9.07310867
114,26,-9.31742859
114,20,-9.07222176
114,31,-8.26256752
114,3,-9.21318817
114,82,-9.36404514
114,23,-9.19749928
114,47,-8.27723217
114,52,-9.06844616
114,2,-9.19602966
114,25,-8.31317329
114,57,-7.66138315
114,28,-8.21848965
115,90,3.40338063
115,89,-3.63206840
115,92,-5.04848146
115,91,-4.40567493
115,103,-3.56059432
115,104,-7.08581543
115,78,-5.38331938
115,101,-6.97794247
115,37,-6.72041893
115,39,-5.59300709
115,82,-6.01672983
115,102,-6.66222191
115,4,-8.37276268
115,36,-6.69058275
115,61,-7.22070885
115,7,-8.32985497
115,86,-9.10796070
115,96,-7.99849987
115,8,-8.34561920
115,93,-8.10565281
115,15,-8.34118652
115,75,-8.83728027
115,47,-7.99672031
115,76,-7.22870779
115,5,-9.24076843
115,9,-8.87633514
115,55,-9.70174122
115,62,-8.04385662
115,10,-8.61122131
115,51,-8.62973785
115,43,-8.35893536
115,1,-8.64882469
115,18,-9.40416336
115,94,-8.26797962
115,20,-8.29096222
115,66,-9.45203781
115,81,-8.67081928
115,19,-7.79562473
115,21,-8.57956123
115,3,-8.99237633
115,17,-9.15450096
115,46,-8.34077168
115,33,-8.43439865
115,53,-9.00980186
115,50,-8.98973179
115,12,-7.84605455
115,14,-8.82954597
115,67,-9.08869457
115,6,-9.12369919
115,95,-7.09514713
116,93,5.17678070
116,96,0.30338174
116,95,-0.85511667
116,58,-5.77277327
116,59,-4.92045403
116,94,-4.76298523
116,97,-3.61236238
116,90,-4.47574377
116,103,-5.37890816
116,64,-6.56132364
116,100,-5.17905235
116,69,-6.43026829
116,91,-6.94946098
116,3,-6.53728104
116,5,-4.26581478
116,75,-5.15745115
116,92,-6.93575859
116,99,-5.96243095
116,60,-7.20249557
116,18,-7.62757778
116,7,-6.05509186
116,6,-7.34386826
116,1,-7.13449860
116,57,-6.49183607
116,35,-5.76556206
116,50,-6.99622202
116,15,-7.60239077
116,63,-5.79775906
116,78,-7.30269957
116,86,-7.72221708
116,10,-7.49116325
116,98,-7.81337166
116,76,-4.52521467
116,71,-5.87323380
116,4,-7.88196087
116,16,-8.00051689
116,19,-6.98177576
116,70,-7.25749969
116,55,-8.53082466
116,73,-5.71910763
116,68,-7.46750641
116,104,-7.60593510
116,67,-6.69111824
116,2,-6.80608654
116,46,-6.53643990
116,9,-7.25886679
116,53,-7.46000671
116,31,-7.26695538
116,8,-5.84661770
116,61,-6.77848148
117,94,5.91454411
117,7,-3.86463046
117,99,-6.61693192
117,67,-3.93175483
117,63,-5.77198792
117,87,-4.43751621
117,93,-7.68785763
117,66,-6.63086224
117,96,-7.28256655
117,100,-7.87125826
117,50,-6.99275684
117,65,-3.54262280
117,68,-6.00157499
117,95,-5.79977798
117,59,-7.32910109
117,97,-6.68984985
117,5,-8.06543732
117,1,-8.47652817
117,32,-8.40970135
117,71,-5.93733168
117,27,-6.00285530
117,19,-8.80841827
117,62,-8.42233944
117,64,-8.70060158
117,29,-9.31889153
117,15,-6.52307272
117,52,-8.37779713
117,2,-8.90075207
117,31,-8.73270988
117,60,-8.04226875
117,10,-7.83073521
117,98,-7.36905956
117,57,-6.37928867
117,14,-8.81537914
117,6,-8.47487068
117,80,-9.52630997
117,88,-8.00944901
117,83,-7.88083553
117,4,-8.69163513
117,82,-9.58504295
117,28,-8.12025452
117,12,-7.50735092
117,11,-9.60835266
117,40,-9.97065353
117,20,-10.08253479
117,90,-9.20012188
117,78,-9.26782036
117,77,-9.77940178
117,86,-9.55987167
117,51,-8.23513031
118,95,-1.04475689
118,96,-1.74779332
118,93,-2.50195932
118,59,-4.90934896
118,94,-4.81002474
118,64,-7.67193460
118,7,-6.96972847
118,58,-7.62979031
118,60,-7.98234463
118,91,-9.02768612
118,57,-7.58791351
118,19,-8.75900459
118,70,-8.65517616
118,5,-9.25333023
118,68,-7.42504978
118,63,-7.65474319
118,92,-9.29226971
118,62,-7.92256021
118,15,-8.14985657
118,61,-8.69072056
118,3,-9.22045135
118,72,-9.72986412
118,32,-7.76399040
118,97,-8.69668579
118,6,-8.81641197
118,12,-9.23787117
118,65,-8.65130997
118,28,-9.34275532
118,100,-7.81849289
118,66,-8.59267616
118,26,-9.48417759
118,71,-8.64742279
118,52,-7.94781399
118,76,-8.26927280
118,103,-7.79894447
118,104,-9.41868305
118,1,-8.48866558
118,98,-8.76129532
118,47,-8.48547840
118,23,-9.76416588
118,29,-8.93561459
118,90,-9.23253822
118,4,-8.14052486
118,99,-8.55918312
118,74,-10.21314430
118,102,-9.88973618
118,10,-9.62035561
118,81,-9.94596195
118,34,-8.94909096
118,46,-8.85853195
119,95,5.44821882
119,96,-1.84884691
119,93,1.29463470
119,94,-1.42154038
119,64,-6.71831560
119,62,-6.63237524
119,91,-7.64341211
119,58,-6.21250248
119,5,-8.36364937
119,59,-5.96525288
119,63,-7.29460335
119,17,-7.63838291
119,29,-5.64289713
119,60,-8.51316643
119,61,-7.61607885
119,14,-6.64031029
119,89,-8.80357933
119,30,-6.39286089
119,70,-8.51810265
119,68,-7.19008207
119,74,-8.87121010
119,90,-7.68982887
119,23,-8.97320461
119,103,-4.23668385
119,31,-6.57298803
119,47,-7.42928696
119,46,-8.84276199
119,92,-8.37095451
119,6,-8.66021919
119,57,-6.37252140
119,100,-7.50397062
119,7,-8.97125244
119,98,-8.20338058
119,102,-9.20962048
119,19,-7.28437376
119,56,-9.51374245
119,4,-7.86516619
119,53,-9.49407196
119,9,-8.52964687
119,72,-8.22032166
119,26,-8.84922314
119,67,-7.83571815
119,104,-8.57485771
119,8,-8.24167824
119,97,-7.75184250
119,51,-8.04981232
119,40,-9.38460350
119,16,-7.20198345
119,34,-8.75021267
119,69,-8.55626869
120,93,1.79860747
120,96,-0.29499996
120,95,-1.44308043
120,59,-3.62448263
120,94,-2.38834786
120,31,-6.63773727
120,58,-7.15310812
120,63,-4.15060616
120,64,-6.77264500
120,57,-5.87285948
120,97,-4.67411566
120,3,-8.41090393
120,19,-6.49684048
120,7,-7.75235224
120,66,-6.65917015
120,6,-8.04704380
120,91,-8.50654030
120,69,-8.71466351
120,85,-7.66709423
120,62,-6.10733032
120,92,-9.01492691
120,5,-4.16411877
120,49,-6.25484228
120,100,-8.04416752
120,10,-7.23474455
120,61,-8.04525948
120,67,-5.33177471
120,2,-5.56143379
120,33,-8.27378941
120,103,-6.55142403
120,81,-8.81007004
120,18,-9.49245834
120,68,-6.64666080
120,86,-9.58047485
120,9,-8.92108536
120,28,-9.23654842
120,23,-9.33192825
120,15,-8.42569733
120,1,-8.24083328
120,99,-8.16141033
120,60,-8.96447945
120,42,-9.47856998
120,90,-7.04305077
120,89,-9.71922112
120,12,-8.75226784
120,34,-8.69193077
120,88,-6.91466618
120,29,-9.42674255
120,46,-7.69543505
120,98,-8.10326767
121,97,1.76606035
121,100,-0.54572254
121,98,-2.10908890
121,99,-3.57595301
121,94,-4.34609556
121,59,-6.33258820
121,96,-5.34652281
121,31,-5.55142641
121,7,-4.17651892
121,90,-6.54235840
121,10,-6.58617687
121,6,-6.37997198
121,93,-6.21052885
121,64,-7.53853130
121,71,-4.55702972
121,86,-8.32040215
121,81,-7.34405231
121,1,-6.85513687
121,57,-7.59103918
121,15,-6.21252871
121,63,-6.76246834
121,36,-8.52970409
121,19,-5.95806885
121,3,-6.75873232
121,8,-7.03440046
121,95,-6.91451454
121,78,-7.79965878
121,70,-5.87421846
121,60,-6.15373230
121,58,-7.88193655
121,91,-7.80444813
121,4,-7.33795118
121,28,-7.26938820
121,53,-9.61204624
121,66,-6.56754208
121,18,-8.45770645
121,68,-5.87737703
121,2,-7.46636009
121,56,-10.20235443
121,37,-7.92014790
121,103,-7.25661612
121,50,-7.22853613
121,75,-9.29181576
121,104,-7.25292206
121,30,-8.47905731
121,29,-7.41697693
121,5,-7.78714132
121,82,-7.70823240
121,33,-8.26608753
121,65,-3.07646704
122,97,2.65419531
122,98,2.08964181
122,100,-0.29610303
122,99,-4.27332306
122,19,-3.72638154
122,7,-2.34129119
122,93,-5.22225857
122,94,-5.79448271
122,59,-4.26631594
122,95,-5.53455257
122,31,-4.95589447
122,63,-3.35681701
122,5,-3.64799237
122,57,-4.76703787
122,66,-6.84017181
122,49,-7.05483389
122,34,-5.51054907
122,15,-7.41754341
122,46,-7.73233318
122,3,-6.47227049
122,81,-7.99566126
122,68,-4.41395903
122,6,-7.32069397
122,85,-6.83352470
122,22,-5.82191515
122,67,-6.47093105
122,69,-8.01445770
122,4,-6.44619751
122,52,-7.96354294
122,96,-9.29546738
122,18,-6.91065025
122,65,-5.10130119
122,92,-8.82887363
122,104,-7.04085827
122,2,-6.34586239
122,86,-9.60842896
122,82,-8.60931778
122,1,-6.10311985
122,35,-6.90605497
122,9,-8.57418728
122,73,-9.10250759
122,75,-9.78892517
122,17,-9.05058956
122,29,-7.72192001
122,91,-9.48206329
122,10,-8.51161480
122,23,-9.26132393
122,64,-9.60617542
122,76,-8.91477680
122,88,-7.41391754
123,100,4.81614876
123,97,-5.57466602
123,94,-7.47070456
123,98,-2.13151002
123,7,-6.47784901
123,95,-7.42075300
123,99,-6.89852905
123,4,-6.50899601
123,5,-6.62720490
123,46,-9.16038036
123,68,-8.71355247
123,10,-9.93429756
123,19,-8.31942272
123,88,-9.39134979
123,102,-9.67968559
123,15,-9.49948978
123,63,-7.09183836
123,59,-8.31566048
123,82,-9.54946041
123,1,-8.31754112
123,6,-8.36718559
123,64,-9.96179581
123,96,-9.87118530
123,104,-8.75964546
123,81,-9.51539803
123,41,-9.74435043
123,31,-7.74610615
123,101,-10.09962749
123,93,-8.88878822
123,86,-10.00518608
123,92,-9.50853539
123,85,-9.64550209
123,37,-9.52754593
123,91,-9.15566921
123,23,-9.24982643
123,87,-9.60388470
123,3,-9.51524734
123,71,-9.63663483
123,90,-9.61957550
123,89,-9.65281487
123,103,-9.81031895
123,56,-10.90435505
123,40,-9.42098808
123,76,-9.72400379
123,8,-7.47374439
123,2,-7.91703606
123,35,-7.07429504
123,75,-10.70196438
123,47,-9.59000683
123,20,-10.03337479
124,97,1.35324490
124,98,1.47540712
124,100,-5.37611294
124,94,-5.44861698
124,70,-7.35847950
124,15,-9.73559189
124,99,-3.56159663
124,20,-9.42839813
124,60,-6.35142422
124,104,-5.19411993
124,31,-7.64318371
124,26,-9.00489807
124,102,-8.10113716
124,47,-9.03211784
124,23,-9.51388073
124,82,-7.88003635
124,81,-9.43957901
124,86,-9.39401531
124,96,-8.94171047
124,34,-8.03455067
124,6,-8.59034348
124,91,-8.93373013
124,46,-8.85604191
124,95,-8.78653240
124,45,-9.80295181
124,30,-7.45139170
124,33,-9.53428459
124,90,-8.13126564
124,12,-9.70530033
124,24,-9.82075500
124,21,-9.85616875
124,3,-9.65226746
124,63,-7.72488546
124,59,-9.01998711
124,27,-7.36822939
124,57,-8.14067078
124,72,-9.36181450
124,84,-9.33736038
124,4,-9.06594944
124,66,-8.50216007
124,35,-7.57893467
124,42,-9.43987560
124,83,-8.70855522
124,76,-8.59852791
124,64,-9.45490265
124,25,-8.26645660
124,1,-8.83000469
124,48,-9.73989296
124,53,-10.22329521
124,51,-8.90678215
125,99,-0.33845770
125,7,-5.20874596
125,94,-4.84907341
125,47,-5.15761709
125,59,-3.23241687
125,71,-4.90463352
125,100,-4.37529087
125,31,-7.42930031
125,2,-6.36069345
125,98,-4.21722269
125,97,-5.80191612
125,91,-8.79911232
125,82,-7.66121387
125,90,-6.40604877
125,66,-7.41518593
125,70,-7.28386402
125,46,-6.01651239
125,96,-8.01178837
125,10,-7.76644897
125,6,-7.20040607
125,93,-7.11351013
125,3,-6.70088434
125,34,-6.81362867
125,19,-6.65963221
125,5,-6.30411148
125,95,-7.04764652
125,86,-7.92442417
125,72,-9.21575165
125,42,-8.41895294
125,64,-8.83464527
125,15,-8.86256981
125,50,-7.70975924
125,76,-7.89438963
125,52,-8.56734657
125,33,-7.09586191
125,26,-7.29153919
125,36,-8.25233364
125,1,-7.69901657
125,57,-6.95436621
125,35,-7.15457916
125,58,-8.90441895
125,60,-8.82832718
125,18,-8.94132519
125,38,-8.10684109
125,49,-7.62925100
125,28,-8.41518211
125,63,-8.03766251
125,55,-8.69283581
125,45,-8.02269268
125,78,-8.04349327
126,101,3.02245092
126,102,1.91249943
126,103,-0.09308862
126,104,1.72706652
126,89,-7.63281822
126,13,-9.27150917
126,82,-10.06409359
126,41,-9.38541603
126,91,-9.91221046
126,37,-10.29776382
126,86,-10.30419350
126,46,-9.83169270
126,90,-8.52820396
126,47,-9.54777527
126,45,-9.89684486
126,9,-10.66002846
126,99,-8.94280148
126,92,-9.38983631
126,14,-10.39136887
126,39,-9.94706345
126,42,-9.67812347
126,20,-10.28605747
126,84,-10.35673332
126,43,-9.91234398
126,81,-10.06101704
126,17,-10.32317352
126,29,-10.37450600
126,66,-10.71485424
126,5,-10.91407871
126,44,-10.67911148
126,67,-10.86313629
126,21,-10.57069016
126,71,-10.50479317
126,72,-10.73775864
126,85,-10.26273346
126,15,-10.50276470
126,33,-10.37223530
126,36,-9.96170235
126,49,-10.58978558
126,30,-10.74288845
126,1,-10.75045204
126,55,-10.81157017
126,78,-10.26091766
126,73,-10.98898602
126,40,-10.41945171
126,69,-10.79204273
126,77,-10.86831093
126,97,-10.58915710
126,53,-11.00117493
126,10,-10.64862251
127,101,3.43752933
127,104,2.68129802
127,102,0.11839841
127,103,0.61012173
127,90,-5.00701046
127,89,-7.27324677
127,92,-6.57743645
127,91,-7.51496840
127,37,-7.46118641
127,13,-2.62813926
127,17,-8.66968250
127,36,-4.57610607
127,20,-8.51712799
127,45,-8.43683529
127,29,-7.87407303
127,43,-7.23917532
127,55,-7.96025467
127,9,-8.02456474
127,2,-8.46333885
127,40,-7.33276081
127,82,-8.48379326
127,8,-9.16223907
127,5,-9.32961655
127,86,-8.34282780
127,61,-7.99146938
127,78,-6.86795568
127,14,-7.90442467
127,49,-8.47989655
127,41,-8.31765938
127,39,-7.12925196
127,38,-8.05073738
127,85,-8.71837807
127,46,-8.80906868
127,30,-9.57505035
127,81,-7.91420937
127,15,-7.57156754
127,7,-9.71651936
127,48,-8.92566490
127,35,-8.74495125
127,42,-8.48404789
127,58,-9.42453766
127,33,-8.42658901
127,3,-9.38703918
127,4,-8.22614861
127,19,-8.70890617
127,44,-8.89912701
127,84,-8.99929428
127,99,-6.43051624
127,47,-7.55510044
127,31,-9.12540150
128,102,3.37083411
128,101,2.09208822
128,104,3.05655503
128,103,-0.00588213
128,86,-9.05751419
128,13,-3.09565544
128,82,-8.99656582
128,45,-8.12077904
128,47,-8.12722778
128,37,-9.54340935
128,36,-6.91000319
128,33,-9.58472919
128,84,-9.30959511
128,46,-9.18290329
128,96,-9.50734520
128,90,-8.90478897
128,17,-10.07944107
128,41,-8.04139614
128,10,-9.05106544
128,44,-10.09095573
128,43,-9.26467323
128,55,-9.83533478
128,39,-9.16446304
128,92,-9.45523262
128,42,-8.76224422
128,35,-9.70596218
128,5,-10.36757088
128,81,-9.74056530
128,91,-9.77718353
128,16,-9.86573505
128,8,-10.36297989
128,15,-9.75351429
128,9,-9.78329468
128,53,-10.26696110
128,49,-9.77327728
128,21,-10.27861214
128,20,-10.08446503
128,29,-9.86242485
128,14,-9.34483910
128,40,-9.93904018
128,18,-10.35810280
128,4,-10.13056374
128,26,-10.33775806
128,61,-10.23999214
128,54,-9.69547081
128,38,-9.80587864
128,7,-9.92392635
128,48,-9.08325577
128,95,-9.98313427
128,32,-9.75856018
129,104,5.44365883
129,102,-0.30934983
129,103,1.21821189
129,101,0.63516361
129,86,-8.19913483
129,91,-6.96224880
129,90,-8.46385384
129,40,-9.16150951
129,81,-9.82921982
129,20,-10.09497643
129,37,-9.39870262
129,89,-9.19776154
129,17,-10.10359955
129,39,-8.88293362
129,46,-8.95186806
129,64,-9.07762241
129,15,-9.42220402
129,92,-9.96449280
129,36,-7.85428715
129,47,-9.73213100
129,34,-9.71352196
129,44,-10.11461258
129,60,-10.04520035
129,72,-9.15349579
129,43,-9.60471153
129,99,-7.58599234
129,45,-9.93492413
129,19,-9.60099792
129,63,-9.40697098
129,82,-9.91493988
129,56,-10.02842140
129,13,-6.41110659
129,52,-9.98750591
129,41,-9.96563911
129,78,-9.26404762
129,23,-10.15339851
129,10,-10.15306950
129,33,-9.86539459
129,32,-9.85830975
129,24,-10.01439095
129,12,-9.71847343
129,42,-10.08049774
129,21,-10.25340462
129,9,-10.32573795
129,18,-10.33791828
129,3,-10.26611710
129,7,-10.36669731
129,38,-9.85328197
129,70,-10.04622269
129,71,-9.54260063
130,103,3.88060355
130,102,-1.24146843
130,101,-3.00077868
130,90,-2.32117081
130,39,-5.30926514
130,104,-2.48552179
130,78,-4.65309715
130,20,-7.82131147
130,55,-8.50061321
130,1,-9.38840866
130,37,-9.68594074
130,86,-9.87378693
130,82,-9.58475685
130,14,-9.34124470
130,19,-9.66385269
130,43,-9.34888840
130,5,-9.05149269
130,88,-9.45676517
130,61,-8.12442207
130,91,-7.58051205
130,99,-6.90666676
130,96,-8.08783054
130,8,-10.08551311
130,60,-8.04349995
130,45,-9.93005562
130,83,-10.26406860
130,93,-8.09173298
130,51,-8.74944687
130,15,-9.64427948
130,40,-9.80996799
130,4,-9.81221104
130,29,-9.57310581
130,31,-9.82880211
130,38,-9.74987125
130,49,-9.95736504
130,17,-9.57663536
130,13,-9.26647377
130,30,-9.93887806
130,10,-10.03898621
130,89,-9.16341877
130,18,-10.49227333
130,47,-9.96505833
130,87,-10.32661343
130,71,-9.51712799
130,92,-8.23794937
130,67,-9.15934563
130,62,-9.08668423
130,80,-9.80652428
130,41,-10.44802284
130,35,-8.91386604
