hire_id,provider_id,label,judged,bm25_score,bm25_rank,dense_cosine,dense_rank,rrf_score,rrf_rank,budget_fit,seniority_fit,avail_immediacy
1,4,3,1,103.312575,1,0.78418,1,0.03278689,1,1.0,1.0,0.2
1,1,2,1,74.819967,2,0.657715,3,0.03200205,2,0.0,0.0,0.5
1,11,1,1,47.26981,5,0.679688,2,0.03151365,3,0.6429,0.5,1.0
1,2,2,1,73.810525,3,0.61084,5,0.03125763,4,0.6429,0.5,0.6
1,88,0,1,44.352839,6,0.620117,4,0.03077652,5,0.8571,1.0,0.2
1,12,0,1,40.337444,7,0.592773,10,0.02921109,6,1.0,1.0,0.5
1,82,0,1,25.796976,12,0.600098,8,0.02859477,7,0.9286,0.5,0.2
1,3,2,1,72.693918,4,0.580078,22,0.02782012,8,0.2857,0.5,0.5
1,22,0,1,28.160294,11,0.584473,16,0.0272424,9,0.7857,0.5,0.2
1,18,0,1,30.291268,9,0.58252,20,0.02699275,10,0.5714,0.5,0.5
1,34,0,1,38.102906,8,0.57666,24,0.02661064,11,0.0,0.5,0.2
1,35,0,1,13.370919,35,0.594727,9,0.02501907,13,0.2143,0.5,1.0
1,5,0,1,15.664349,27,0.58252,19,0.02415248,16,0.1429,0.0,1.0
1,87,0,1,16.520855,23,0.570801,29,0.02328415,19,1.0,0.5,0.5
1,19,0,1,6.764037,62,0.600098,7,0.02312209,22,0.8571,0.5,0.5
1,10,0,1,5.90831,74,0.602539,6,0.0226142,24,0.2143,0.5,0.2
1,27,0,1,19.514096,18,0.539551,44,0.0224359,25,0.9286,0.5,0.5
1,63,0,1,29.565081,10,0.515137,65,0.02228571,27,0.7857,0.5,0.5
1,39,0,1,13.44838,34,0.572754,26,0.0222662,28,0.5,0.5,0.5
1,31,0,1,14.292916,31,0.557617,33,0.0217417,31,1.0,0.5,0.5
1,98,0,1,18.863894,19,0.480713,87,0.01946095,42,0.3571,0.5,0.6
1,40,0,1,6.871979,60,0.554199,36,0.01875,46,1.0,1.0,0.2
2,2,3,1,157.099169,1,0.742188,1,0.03278689,1,1.0,1.0,0.6
2,6,0,1,65.008795,2,0.643066,4,0.03175403,2,1.0,1.0,0.5
2,3,2,1,63.368918,3,0.645508,3,0.03174603,3,1.0,1.0,0.5
2,31,0,1,39.95353,7,0.641113,5,0.03030999,4,0.875,1.0,0.5
2,10,0,1,41.30196,6,0.633789,6,0.03030303,5,1.0,1.0,0.2
2,4,2,1,44.406439,5,0.59668,12,0.0292735,6,0.875,0.5,0.2
2,22,0,1,33.090024,15,0.605469,9,0.02782609,7,1.0,1.0,0.2
2,7,0,1,26.643029,26,0.650879,2,0.02775694,8,1.0,1.0,0.5
2,19,0,1,32.786084,16,0.601562,10,0.02744361,9,1.0,1.0,0.5
2,12,0,1,39.578607,8,0.588379,21,0.02705156,10,0.9375,0.5,0.5
2,18,0,1,29.481377,23,0.598633,11,0.0261327,11,1.0,1.0,0.5
2,11,0,1,45.095271,4,0.563477,40,0.025625,12,1.0,1.0,1.0
2,25,0,1,36.513757,11,0.578125,29,0.02532046,14,1.0,0.5,0.5
2,1,3,1,36.855487,10,0.576172,32,0.02515528,15,1.0,0.5,0.5
2,32,0,1,20.041956,37,0.614746,8,0.02501516,16,0.375,0.5,0.6
2,24,0,1,38.724105,9,0.566895,38,0.02469684,17,0.5,0.5,0.5
2,29,0,1,8.662245,86,0.625,7,0.02177469,26,1.0,0.5,1.0
2,58,0,1,31.488244,17,0.536133,57,0.02153402,29,1.0,1.0,0.2
2,50,0,1,13.81353,57,0.590332,19,0.02120524,31,1.0,1.0,0.6
2,88,0,1,31.076384,18,0.527832,62,0.02101723,33,0.0,0.5,0.2
2,81,0,1,12.813096,62,0.590332,20,0.02069672,35,1.0,0.5,0.5
2,48,0,1,17.897505,47,0.569336,36,0.01976246,42,0.6875,0.5,0.5
2,17,0,1,10.247998,80,0.585449,23,0.01919105,45,1.0,0.5,1.0
3,1,3,1,62.444385,3,0.697754,1,0.03226646,1,1.0,1.0,0.5
3,4,1,1,81.414936,1,0.644043,3,0.03226646,2,0.375,0.0,0.2
3,3,3,1,73.132351,2,0.684082,2,0.03225806,3,1.0,0.5,0.5
3,50,0,1,34.317176,5,0.601074,11,0.02946912,4,0.5,0.5,0.6
3,6,0,1,31.296165,9,0.616211,7,0.02941813,5,0.625,0.5,0.5
3,2,2,1,30.476149,11,0.621094,6,0.02923602,6,0.8125,0.5,0.6
3,92,0,1,32.738934,6,0.588867,17,0.02813853,7,0.0,0.0,0.6
3,70,0,1,28.925812,14,0.606934,9,0.02800627,8,0.625,0.5,0.2
3,12,0,1,22.059175,23,0.623535,5,0.02743281,9,0.4375,0.0,0.5
3,18,0,1,24.3019,19,0.606934,8,0.02736411,10,0.875,0.5,0.5
3,24,0,1,36.522881,4,0.557617,35,0.02615132,12,0.0,0.0,0.5
3,58,0,1,21.43891,25,0.605469,10,0.02605042,13,1.0,0.5,0.2
3,57,0,1,31.918368,8,0.570312,30,0.02581699,14,1.0,1.0,0.5
3,69,0,1,32.575723,7,0.558105,34,0.02556367,15,1.0,1.0,0.5
3,60,0,1,30.417733,12,0.572754,26,0.0255168,16,0.1875,0.0,0.5
3,22,0,1,19.586494,27,0.59375,14,0.02500777,17,0.6875,0.5,0.2
3,11,0,1,11.104875,54,0.597656,12,0.02266082,22,0.8125,0.5,1.0
3,10,0,1,4.188537,91,0.638184,4,0.02224752,23,1.0,0.5,0.2
3,91,0,1,25.911851,17,0.536621,50,0.02207792,24,0.5625,0.5,0.5
3,42,0,1,30.787746,10,0.496338,84,0.02123016,29,1.0,0.5,0.5
3,63,0,1,21.675677,24,0.52002,58,0.02037934,34,0.6875,0.5,0.5
3,30,0,1,6.003432,77,0.575195,22,0.01949439,39,0.5,0.5,0.5
3,44,0,1,7.104654,70,0.570801,29,0.01892826,44,0.5625,0.0,0.6
3,102,0,1,15.707505,33,0.516113,66,0.0186892,45,1.0,0.5,0.5
3,47,0,1,11.145655,53,0.546875,44,0.01846494,49,0.6875,0.5,1.0
4,4,2,1,83.208479,1,0.699219,1,0.03278689,1,0.4,1.0,0.2
4,1,1,1,70.142582,3,0.67041,2,0.03200205,2,0.0,0.0,0.5
4,3,1,1,75.369435,2,0.669922,3,0.03200205,3,0.0,0.5,0.5
4,2,1,1,42.600382,5,0.64209,4,0.03100962,4,0.0,0.5,0.6
4,18,0,1,42.138774,6,0.628906,5,0.03053613,5,0.0,0.5,0.5
4,47,0,1,38.118508,7,0.586914,17,0.02791239,6,0.0,0.5,1.0
4,31,0,1,23.249507,15,0.600098,10,0.02761905,7,0.4,0.5,0.5
4,82,0,1,18.95135,21,0.616699,7,0.02727105,8,0.1,0.5,0.2
4,22,0,1,34.700806,8,0.576172,20,0.02720588,9,0.0,0.5,0.2
4,12,0,1,20.030757,19,0.591797,13,0.02635686,10,0.3,1.0,0.5
4,11,0,1,53.980736,4,0.551758,43,0.02533374,11,0.0,0.5,1.0
4,6,0,1,12.40081,40,0.625977,6,0.02515152,12,0.0,0.5,0.5
4,19,0,1,13.829435,36,0.61084,8,0.02512255,13,0.0,0.5,0.5
4,92,0,1,23.580168,12,0.563965,31,0.0248779,14,1.0,1.0,0.6
4,17,0,1,15.069218,30,0.587891,15,0.02444444,16,0.0,0.0,1.0
4,72,0,1,34.391609,9,0.552246,42,0.02429668,17,1.0,1.0,0.5
4,39,0,1,26.238648,10,0.519043,62,0.02248244,23,0.0,0.5,0.5
4,10,0,1,8.018396,66,0.604492,9,0.02242926,24,0.0,0.5,0.2
4,36,0,1,10.553131,52,0.583984,19,0.0215868,28,0.2,1.0,0.5
4,60,0,1,11.575843,43,0.569824,25,0.02147344,29,0.7,1.0,0.5
4,27,0,1,20.24982,18,0.520508,60,0.02115385,31,0.1,0.5,0.5
4,35,0,1,1.772698,99,0.594238,12,0.0201782,40,0.0,0.5,1.0
4,71,0,1,8.728537,62,0.571289,24,0.02010148,41,0.0,0.5,1.0
4,32,0,1,11.575249,44,0.549316,45,0.01913919,45,1.0,1.0,0.6
4,85,0,1,14.911571,31,0.508301,67,0.01886303,48,0.5,0.0,0.5
5,3,3,1,77.547694,1,0.67334,1,0.03278689,1,1.0,1.0,0.5
5,2,3,1,58.716398,3,0.650879,2,0.03200205,2,1.0,1.0,0.6
5,18,0,1,50.727832,4,0.644531,4,0.03125,3,1.0,1.0,0.5
5,4,2,1,48.41718,5,0.618652,6,0.03053613,4,1.0,0.5,0.2
5,1,3,1,60.292426,2,0.606445,10,0.03041475,5,0.875,0.5,0.5
5,10,0,1,25.006068,19,0.650391,3,0.02853124,6,1.0,1.0,0.2
5,12,0,1,42.85652,6,0.580078,22,0.02734664,7,1.0,0.5,0.5
5,24,0,1,34.073264,9,0.59082,18,0.02731327,8,0.75,0.5,0.5
5,6,0,1,28.5676,15,0.600098,14,0.02684685,9,1.0,1.0,0.5
5,50,0,1,38.900005,8,0.563477,29,0.02594184,10,1.0,1.0,0.6
5,82,0,1,17.430084,36,0.64209,5,0.02580128,12,1.0,1.0,0.2
5,34,0,1,22.257524,21,0.59668,16,0.02550357,14,0.875,1.0,0.2
5,49,0,1,41.510168,7,0.55127,36,0.02534204,15,1.0,0.5,0.5
5,17,0,1,20.423793,27,0.586426,19,0.02415248,17,1.0,0.5,1.0
5,33,0,1,15.988174,50,0.616699,7,0.02401628,18,0.25,0.5,0.5
5,36,0,1,16.891793,42,0.605957,11,0.02388843,20,1.0,0.5,0.5
5,5,0,1,32.743049,10,0.524902,54,0.02305764,22,1.0,0.5,1.0
5,58,0,1,28.808975,14,0.535645,45,0.02303732,23,1.0,1.0,0.2
5,81,0,1,9.099039,81,0.616211,8,0.02179808,28,1.0,0.5,0.5
5,48,0,1,4.58884,98,0.60791,9,0.02082187,34,0.9375,0.5,0.5
5,86,0,1,19.979854,29,0.527832,51,0.02024496,37,0.6875,1.0,0.6
5,23,0,1,9.567512,78,0.567871,26,0.01887428,45,1.0,1.0,1.0
5,37,0,1,0.0,103,0.581543,21,0.01848065,47,0.5,0.5,0.5
5,64,0,1,6.762406,85,0.567383,27,0.0183908,50,0.8125,0.5,0.2
6,6,2,1,111.711139,1,0.700195,2,0.03252247,1,0.5,0.5,0.5
6,7,2,1,59.387849,3,0.727539,1,0.03226646,2,0.0833,0.5,0.5
6,5,1,1,90.628301,2,0.688965,3,0.03200205,3,0.0,0.0,1.0
6,8,3,1,52.190448,4,0.666992,6,0.03077652,4,1.0,1.0,0.6
6,32,1,1,39.085172,7,0.670898,4,0.03055037,5,1.0,1.0,0.6
6,30,1,1,39.884205,6,0.651855,8,0.0298574,6,0.6667,0.5,0.5
6,19,0,1,31.40114,10,0.669922,5,0.02967033,7,0.5,0.5,0.5
6,28,0,1,45.36329,5,0.619141,10,0.02967033,8,1.0,1.0,0.2
6,29,1,1,32.77559,9,0.663574,7,0.02941813,9,0.0833,0.0,1.0
6,31,1,1,36.263124,8,0.64502,9,0.02919864,10,0.8333,0.5,0.5
6,85,0,1,30.355302,14,0.556641,44,0.0231289,18,0.9167,0.0,0.5
6,12,0,1,21.491188,25,0.575684,29,0.02300066,19,0.75,1.0,0.5
6,65,0,1,30.379257,13,0.541016,52,0.0226272,20,0.0,0.0,1.0
6,25,0,1,11.230973,50,0.597168,16,0.0222488,24,0.0,0.0,0.5
6,76,0,1,17.88122,31,0.572754,33,0.0217417,27,1.0,1.0,0.2
6,93,0,1,25.046506,19,0.495361,83,0.01965123,43,0.1667,0.0,0.5
7,7,3,1,69.027954,1,0.766113,1,0.03278689,1,0.9375,0.5,0.5
7,6,2,1,59.164891,2,0.71875,2,0.03225806,2,0.625,0.5,0.5
7,5,3,1,58.352218,3,0.679688,4,0.03149802,3,1.0,1.0,1.0
7,8,1,1,50.435472,4,0.669434,5,0.03100962,4,0.0625,0.0,0.6
7,19,0,1,40.390661,7,0.694824,3,0.03079839,5,0.625,0.5,0.5
7,31,1,1,28.534239,11,0.646484,7,0.02900988,6,0.375,0.5,0.5
7,22,0,1,41.183994,6,0.603027,14,0.02866503,7,0.6875,0.5,0.2
7,3,0,1,22.667658,16,0.668945,6,0.02830941,8,1.0,0.5,0.5
7,96,0,1,25.485868,14,0.641602,8,0.0282194,9,0.0,0.0,0.5
7,59,0,1,20.031864,19,0.61377,11,0.02674273,10,0.75,0.5,1.0
7,18,0,1,18.266389,24,0.632812,9,0.02639752,12,0.875,0.5,0.5
7,46,0,1,29.490296,8,0.579102,26,0.02633379,13,0.9375,0.5,0.2
7,86,0,1,42.852298,5,0.553223,41,0.02528561,14,0.0,0.5,0.6
7,10,0,1,16.182292,27,0.60791,13,0.02519288,15,1.0,0.5,0.2
7,12,0,1,19.471648,21,0.589355,18,0.02516619,16,0.4375,0.0,0.5
7,1,0,1,13.648494,38,0.628906,10,0.0244898,17,1.0,1.0,0.5
7,2,0,1,14.518247,35,0.599609,15,0.02385965,18,0.8125,0.5,0.6
7,81,0,1,15.337907,30,0.587891,19,0.02376934,19,0.9375,1.0,0.5
7,21,0,1,28.66677,10,0.544434,46,0.02371968,20,1.0,1.0,0.5
7,93,0,1,29.153969,9,0.53418,57,0.02303976,22,0.875,1.0,0.5
7,42,0,1,18.418102,23,0.507324,74,0.01951088,39,1.0,0.5,0.5
7,30,0,1,1.486064,101,0.590332,17,0.01919819,44,0.5,0.5,0.5
7,95,0,1,16.820384,26,0.496826,82,0.01867016,49,0.25,0.5,1.0
8,8,3,1,110.798733,1,0.758789,1,0.03278689,1,0.9,1.0,0.6
8,5,1,1,92.395317,2,0.67627,2,0.03225806,2,0.0,0.0,1.0
8,7,1,1,54.346179,4,0.62793,3,0.03149802,3,0.0,0.5,0.5
8,6,1,1,45.005637,5,0.619629,4,0.03100962,4,0.0,0.5,0.5
8,17,0,1,28.129586,9,0.589844,7,0.02941813,5,0.0,0.0,1.0
8,58,0,1,39.08301,7,0.569824,9,0.02941813,6,0.0,0.5,0.2
8,37,0,1,38.311,8,0.566406,11,0.02879039,7,0.0,0.0,0.5
8,18,0,1,24.450862,12,0.580566,8,0.02859477,8,0.0,0.5,0.5
8,23,0,1,26.444543,11,0.566895,10,0.02837022,9,0.2,0.5,1.0
8,73,0,1,20.703432,16,0.561523,12,0.02704678,10,0.2,0.0,0.5
8,29,2,1,14.129169,27,0.591797,6,0.02664577,12,0.0,0.0,1.0
8,30,2,1,12.394615,35,0.600586,5,0.02591093,13,0.2,0.5,0.5
8,89,0,1,43.023903,6,0.526367,34,0.02578981,14,0.0,0.0,1.0
8,66,0,1,54.483108,3,0.522461,42,0.02567694,15,0.0,0.5,0.5
8,9,0,1,27.546427,10,0.529297,31,0.02527473,16,0.0,0.0,0.5
8,42,0,1,8.913099,56,0.538574,22,0.02081581,34,0.0,0.5,0.5
8,2,0,1,3.914922,84,0.556641,13,0.02064307,36,0.0,0.5,0.6
9,6,3,1,101.826397,1,0.744629,1,0.03278689,1,1.0,1.0,0.5
9,25,2,1,45.122687,3,0.624512,5,0.03125763,2,0.75,0.5,0.5
9,29,0,1,35.20965,7,0.632812,2,0.03105441,3,1.0,0.5,1.0
9,28,3,1,54.985613,2,0.618164,8,0.03083491,4,1.0,0.5,0.2
9,26,2,1,34.410428,9,0.632324,3,0.03036577,5,1.0,1.0,0.6
9,31,0,1,33.113194,11,0.630859,4,0.02970951,6,1.0,1.0,0.5
9,86,0,1,34.542227,8,0.616699,9,0.02919864,7,0.9375,1.0,0.6
9,46,0,1,33.773984,10,0.616211,10,0.02857143,8,1.0,1.0,0.2
9,5,2,1,24.413468,17,0.618652,7,0.02791239,9,0.75,0.5,1.0
9,30,0,1,17.571422,26,0.623535,6,0.02677942,10,1.0,1.0,0.5
9,42,0,1,39.513092,5,0.568848,32,0.02625418,11,0.5,1.0,0.5
9,2,0,1,21.199514,20,0.593262,19,0.02515823,14,1.0,1.0,0.6
9,63,0,1,39.411877,6,0.560547,43,0.02486025,15,1.0,1.0,0.5
9,16,0,1,44.947539,4,0.521484,79,0.02281924,22,0.9375,0.5,0.2
9,88,0,1,28.038448,15,0.557129,49,0.02250765,23,0.5,0.5,0.2
9,3,0,1,6.845778,60,0.615723,11,0.02241784,24,0.875,1.0,0.5
9,4,0,1,7.011752,59,0.61084,13,0.02210199,26,1.0,0.5,0.2
9,91,0,1,14.919968,27,0.567383,37,0.02180353,29,1.0,1.0,0.5
9,58,0,1,7.396708,53,0.592285,20,0.02134956,31,1.0,1.0,0.2
9,1,0,1,3.673951,80,0.601074,15,0.02047619,37,0.625,0.5,0.5
9,33,0,1,1.027826,96,0.595215,18,0.01923077,41,0.0,0.5,0.5
9,21,0,1,7.446058,52,0.56543,39,0.01902958,43,1.0,0.5,0.5
9,48,0,1,11.621747,32,0.529297,67,0.01874358,45,1.0,0.5,0.5
10,6,2,1,144.673045,1,0.663086,1,0.03278689,1,1.0,1.0,0.5
10,5,3,1,116.683557,2,0.638672,3,0.03200205,2,1.0,0.5,1.0
10,18,0,1,113.548036,3,0.64209,2,0.03200205,3,1.0,1.0,0.5
10,7,3,1,42.400345,5,0.595703,6,0.03053613,4,1.0,1.0,0.5
10,8,2,1,44.111905,4,0.57373,11,0.02970951,5,0.6875,0.5,0.6
10,22,0,1,19.15791,10,0.55957,15,0.02761905,6,1.0,1.0,0.2
10,1,0,1,16.54364,13,0.573242,12,0.02758752,7,1.0,0.5,0.5
10,31,1,1,11.028083,28,0.603516,4,0.02698864,8,1.0,1.0,0.5
10,30,1,1,12.76841,21,0.572754,14,0.02585919,9,1.0,1.0,0.5
10,2,0,1,9.460375,33,0.578613,9,0.02524544,10,1.0,1.0,0.6
10,4,0,1,7.922112,39,0.591797,7,0.02502638,12,1.0,0.5,0.2
10,20,0,1,15.407994,14,0.526855,27,0.02500777,13,0.75,0.5,0.6
10,3,0,1,6.911642,44,0.601562,5,0.025,14,1.0,1.0,0.5
10,17,0,1,10.807946,29,0.573242,13,0.02493459,15,1.0,0.5,1.0
10,89,0,1,30.042401,7,0.503418,40,0.02492537,16,1.0,0.5,1.0
10,46,0,1,30.300615,6,0.495605,43,0.02486025,17,1.0,1.0,0.2
10,12,0,1,12.854864,20,0.528809,25,0.02426471,18,1.0,0.5,0.5
10,59,0,1,24.872248,8,0.489014,50,0.02379679,19,1.0,1.0,1.0
10,29,1,1,6.384229,51,0.586914,8,0.02371489,20,1.0,0.5,1.0
10,32,1,1,10.468167,30,0.535645,21,0.02345679,22,0.5,0.5,0.6
10,58,0,1,13.331508,17,0.489258,48,0.02224627,26,1.0,1.0,0.2
10,68,0,1,23.879628,9,0.421387,96,0.02090301,30,0.625,0.5,0.6
10,48,0,1,0.849955,100,0.576172,10,0.02053571,31,0.8125,0.5,0.5
10,19,0,1,3.861363,76,0.554688,17,0.02033995,32,1.0,1.0,0.5
10,53,0,1,15.125994,15,0.421875,94,0.01982684,37,1.0,0.5,1.0
10,28,0,1,1.074067,95,0.536133,20,0.01895161,44,0.625,0.5,0.2
11,10,2,1,173.659961,1,0.745605,2,0.03252247,1,0.3571,0.5,0.2
11,12,2,1,103.577042,2,0.668945,4,0.03175403,2,1.0,1.0,0.5
11,9,2,1,100.023884,3,0.677734,3,0.03174603,3,0.0,0.0,0.5
11,15,0,1,56.102706,4,0.604004,8,0.03033088,4,0.9286,0.5,0.5
11,4,2,1,42.634941,8,0.654785,5,0.0300905,5,1.0,1.0,0.2
11,2,1,1,54.095699,5,0.597168,9,0.02987737,6,0.7857,0.5,0.6
11,11,3,1,34.790366,16,0.755371,1,0.02955134,7,0.7857,0.5,1.0
11,1,1,1,49.650487,7,0.568359,12,0.02881426,8,0.1429,0.0,0.5
11,88,0,1,33.610001,17,0.587402,10,0.02727273,9,0.7143,1.0,0.2
11,50,0,1,28.143998,23,0.615723,7,0.02697357,11,1.0,0.5,0.6
11,34,0,1,37.621828,11,0.557129,23,0.0261327,12,0.1429,0.5,0.2
11,29,0,1,23.152789,33,0.568848,11,0.0248372,15,0.6429,0.0,1.0
11,3,1,1,50.568353,6,0.513184,53,0.02400107,17,0.4286,0.5,0.5
11,52,0,1,14.009808,56,0.62207,6,0.0237722,19,1.0,1.0,0.2
11,58,0,1,39.124776,10,0.493896,65,0.02228571,21,0.5714,0.5,0.2
11,20,0,1,24.093359,29,0.538574,31,0.02222497,22,1.0,1.0,0.6
11,69,0,1,39.437373,9,0.479248,74,0.02195544,23,0.4286,0.0,0.5
11,16,0,1,11.847872,67,0.56543,15,0.02120735,28,1.0,1.0,0.2
11,22,0,1,11.436437,69,0.562012,18,0.02057245,33,0.9286,0.5,0.2
11,39,0,1,24.497586,28,0.516602,51,0.02037265,35,0.6429,0.5,0.5
11,33,0,1,12.497623,63,0.54834,25,0.01989479,39,0.0,0.0,0.5
12,10,3,1,125.953062,1,0.741699,2,0.03252247,1,1.0,0.5,0.2
12,9,3,1,101.961718,3,0.745117,1,0.03226646,2,1.0,1.0,0.5
12,12,1,1,114.269653,2,0.713379,3,0.03200205,3,0.4375,0.0,0.5
12,24,0,1,58.290357,4,0.609375,7,0.03055037,4,0.0,0.0,0.5
12,17,0,1,34.790096,11,0.609375,6,0.02923602,5,1.0,1.0,1.0
12,11,2,1,43.615409,5,0.592285,13,0.02908325,6,0.8125,0.5,1.0
12,66,0,1,32.631999,15,0.61377,5,0.02871795,7,0.6875,0.5,0.5
12,2,0,1,30.850735,17,0.669922,4,0.02861201,8,0.8125,0.5,0.6
12,6,0,1,35.037024,10,0.596191,11,0.02837022,9,0.625,0.5,0.5
12,3,0,1,33.070314,13,0.601562,9,0.02819138,10,1.0,0.5,0.5
12,22,0,1,35.193389,9,0.583984,18,0.02731327,11,0.6875,0.5,0.2
12,58,0,1,36.481197,8,0.563477,26,0.02633379,12,1.0,0.5,0.2
12,43,0,1,34.351872,12,0.537598,42,0.02369281,15,1.0,0.5,0.5
12,1,0,1,13.716414,53,0.60791,8,0.02355544,16,1.0,1.0,0.5
12,41,0,1,38.880333,6,0.5,65,0.02315152,19,0.75,1.0,1.0
12,95,0,1,32.96761,14,0.515625,55,0.02220917,25,0.25,0.5,1.0
12,78,0,1,37.583098,7,0.477783,82,0.02196763,28,0.25,0.5,0.5
12,20,0,1,18.210113,40,0.562012,27,0.02149425,31,0.125,0.0,0.6
12,19,0,1,16.045906,48,0.56543,25,0.02102397,33,0.625,0.5,0.5
12,7,0,1,6.779949,86,0.588867,15,0.02018265,37,0.9375,0.5,0.5
12,42,0,1,22.522334,31,0.515137,57,0.01953602,41,1.0,0.5,0.5
13,11,3,1,164.212721,1,0.774902,1,0.03278689,1,1.0,1.0,1.0
13,10,2,1,71.501891,2,0.693359,2,0.03225806,2,1.0,1.0,0.2
13,4,1,1,60.337154,3,0.657715,3,0.03174603,3,1.0,0.5,0.2
13,12,1,1,43.630293,4,0.615234,6,0.03077652,4,1.0,0.5,0.5
13,50,0,1,23.371167,7,0.624512,5,0.03030999,5,1.0,1.0,0.6
13,2,1,1,20.573229,9,0.633789,4,0.03011775,6,1.0,1.0,0.6
13,22,0,1,34.358172,5,0.605469,9,0.02987737,7,1.0,1.0,0.2
13,9,2,1,29.200744,6,0.605469,8,0.0298574,8,0.875,0.5,0.5
13,36,0,1,12.018154,24,0.61084,7,0.02683014,9,1.0,0.5,0.5
13,82,0,1,16.179302,16,0.577637,15,0.02649123,10,1.0,1.0,0.2
13,1,1,1,16.223192,15,0.564941,19,0.02599156,12,1.0,0.5,0.5
13,15,0,1,14.363205,20,0.558594,22,0.02469512,14,1.0,1.0,0.5
13,34,0,1,9.154934,39,0.599121,10,0.02438672,15,1.0,1.0,0.2
13,90,0,1,21.51168,8,0.526855,50,0.02379679,16,1.0,1.0,0.5
13,31,0,1,16.303415,14,0.540039,41,0.0234145,18,1.0,1.0,0.5
13,14,0,1,18.158703,11,0.520996,54,0.02285644,19,1.0,1.0,0.6
13,29,0,1,10.265595,30,0.545898,34,0.02174941,24,1.0,0.5,1.0
13,88,0,1,9.288668,36,0.54834,30,0.02152778,27,0.125,0.5,0.2
13,30,0,1,8.712976,45,0.553711,25,0.02128852,28,1.0,1.0,0.5
13,41,0,1,20.329708,10,0.457764,88,0.02104247,32,0.125,0.5,1.0
13,81,0,1,5.548086,62,0.561035,21,0.0205424,35,1.0,0.5,0.5
13,6,0,1,1.759489,99,0.590332,12,0.0201782,38,1.0,1.0,0.5
13,55,0,1,9.726399,33,0.506348,65,0.01875269,48,1.0,1.0,0.5
13,21,0,1,3.439673,79,0.55127,27,0.0186885,50,1.0,0.5,0.5
14,12,3,1,183.546762,1,0.750977,1,0.03278689,1,0.5,1.0,0.5
14,10,1,1,54.253612,2,0.699707,2,0.03225806,2,0.0,0.5,0.2
14,11,1,1,44.851383,5,0.678711,3,0.03125763,3,0.0,0.5,1.0
14,24,0,1,46.506856,4,0.614746,6,0.03077652,4,1.0,1.0,0.5
14,2,0,1,31.208427,9,0.619141,5,0.02987737,5,0.0,0.5,0.6
14,22,0,1,42.52562,6,0.587891,10,0.02943723,6,0.1,0.5,0.2
14,18,0,1,29.89994,10,0.576172,14,0.02779923,7,0.0,0.5,0.5
14,9,1,1,15.039216,27,0.625,4,0.02711925,8,0.0,0.0,0.5
14,3,0,1,17.106001,24,0.602539,8,0.02661064,9,0.0,0.5,0.5
14,15,0,1,22.871008,14,0.569824,18,0.02633403,10,0.1,0.5,0.5
14,70,0,1,31.607111,8,0.553223,28,0.02606952,11,0.2,0.5,0.2
14,44,0,1,21.64535,18,0.57373,16,0.02597841,12,0.3,1.0,0.6
14,4,0,1,10.597582,37,0.594238,9,0.02480203,14,0.6,1.0,0.2
14,13,0,1,50.394365,3,0.503418,58,0.02434759,16,0.0,0.0,0.5
14,50,0,1,8.514524,49,0.603516,7,0.02409969,17,0.4,0.5,0.6
14,8,0,1,37.153586,7,0.515137,53,0.02377493,20,1.0,1.0,0.6
14,29,0,1,14.552218,30,0.552734,29,0.02234707,26,0.0,0.0,1.0
14,36,0,1,4.39707,69,0.585938,12,0.02164083,27,0.4,1.0,0.5
14,86,0,1,20.026633,21,0.522461,49,0.02151999,29,1.0,0.5,0.6
14,45,0,1,4.414475,68,0.584473,13,0.02151113,30,0.0,0.0,0.5
14,35,0,1,9.586038,42,0.550293,30,0.02091503,34,0.0,0.5,1.0
14,23,0,1,5.104109,64,0.553711,26,0.01969242,41,0.4,0.5,1.0
14,59,0,1,16.692895,26,0.491211,67,0.01950192,45,0.0,0.5,1.0
14,6,0,1,7.883735,51,0.53418,41,0.01891,49,0.2,0.5,0.5
15,10,2,1,134.51869,1,0.741211,1,0.03278689,1,1.0,1.0,0.2
15,12,2,1,96.65053,2,0.695801,2,0.03225806,2,0.8125,0.5,0.5
15,9,2,1,80.193058,3,0.681641,3,0.03174603,3,1.0,0.5,0.5
15,15,0,1,53.07667,4,0.62207,6,0.03077652,4,1.0,1.0,0.5
15,29,0,1,44.512158,5,0.598633,10,0.02967033,5,1.0,0.5,1.0
15,31,0,1,32.137977,8,0.620605,7,0.02963126,6,0.75,1.0,0.5
15,52,1,1,23.698361,19,0.626953,5,0.02804284,7,0.25,0.5,0.2
15,50,1,1,24.088069,18,0.598145,11,0.02690502,8,0.875,1.0,0.6
15,92,0,1,25.402544,15,0.585449,14,0.02684685,9,0.375,0.5,0.6
15,17,0,1,28.88867,12,0.578125,20,0.02638889,10,1.0,0.5,1.0
15,2,0,1,16.310498,48,0.627441,4,0.02488426,14,1.0,1.0,0.6
15,11,2,1,16.860772,45,0.617676,8,0.02422969,16,1.0,1.0,1.0
15,14,0,1,20.792187,28,0.581055,18,0.02418415,17,0.875,1.0,0.6
15,58,0,1,35.009278,6,0.536621,52,0.02408009,18,1.0,1.0,0.2
15,96,0,1,31.966528,9,0.537598,51,0.02350176,20,0.1875,0.5,0.5
15,69,0,1,33.01986,7,0.520508,63,0.02305545,22,1.0,0.5,0.5
15,49,1,1,12.199953,58,0.599121,9,0.02296733,23,1.0,0.5,0.5
15,70,0,1,31.737454,10,0.532715,56,0.0229064,24,1.0,1.0,0.2
15,30,0,1,18.937515,35,0.572754,23,0.02257451,26,0.875,1.0,0.5
15,47,0,1,21.832261,27,0.566895,31,0.02248326,27,1.0,1.0,1.0
15,60,0,1,24.35453,17,0.549316,46,0.02242098,28,0.5625,0.5,0.5
15,48,0,1,18.090918,39,0.570312,26,0.02172892,31,0.5625,0.5,0.5
15,19,0,1,20.624725,30,0.557617,40,0.02111111,33,1.0,1.0,0.5
16,15,3,1,70.337627,1,0.744141,1,0.03278689,1,0.1,0.5,0.5
16,16,3,1,69.900052,2,0.671875,2,0.03225806,2,1.0,1.0,0.2
16,13,2,1,55.09795,4,0.636719,5,0.03100962,3,0.0,0.0,0.5
16,14,3,1,67.421412,3,0.626465,7,0.03079839,4,0.4,0.5,0.6
16,51,2,1,36.448488,5,0.626953,6,0.03053613,5,0.7,0.5,0.5
16,52,2,1,33.257882,8,0.666992,4,0.03033088,6,1.0,1.0,0.2
16,50,2,1,26.772759,11,0.667969,3,0.02995752,7,0.4,0.5,0.6
16,35,0,1,35.76436,6,0.567871,11,0.02923602,8,0.0,0.5,1.0
16,72,0,1,23.668547,17,0.557617,15,0.02632035,9,1.0,1.0,0.5
16,12,0,1,17.551056,24,0.560059,13,0.02560339,10,0.5,1.0,0.5
16,29,0,1,34.235573,7,0.529297,34,0.02556367,11,0.0,0.0,1.0
16,32,0,1,14.943477,32,0.563965,12,0.02475845,12,1.0,1.0,0.6
16,49,2,1,25.252342,13,0.522461,38,0.02390271,13,0.0,0.0,0.5
16,87,0,1,10.368408,54,0.612793,8,0.02347781,15,1.0,0.5,0.5
16,11,0,1,20.55833,20,0.53125,33,0.02325269,18,0.0,0.5,1.0
16,60,0,1,10.038966,56,0.574219,9,0.02311344,19,0.9,1.0,0.5
16,4,0,1,13.405703,35,0.544922,23,0.02257451,22,0.6,1.0,0.2
16,70,0,1,7.280221,62,0.574219,10,0.02248244,23,0.2,0.5,0.2
16,67,0,1,28.207216,9,0.478271,70,0.02218506,25,0.4,0.5,0.5
16,30,0,1,24.965572,14,0.493896,59,0.02191687,27,0.4,0.5,0.5
16,5,0,1,26.422973,12,0.474365,73,0.02140769,29,0.0,0.0,1.0
16,102,0,1,27.026813,10,0.449463,86,0.02113503,30,0.0,0.5,0.5
16,39,0,1,4.289993,77,0.554199,16,0.02045716,40,0.0,0.5,0.5
16,46,0,1,11.650015,45,0.531738,32,0.02039337,41,0.0,0.5,0.2
16,69,0,1,12.855675,37,0.502441,47,0.01965507,45,0.0,0.0,0.5
16,92,0,1,12.084075,41,0.51123,43,0.01960973,46,1.0,1.0,0.6
17,13,3,1,109.879081,1,0.660645,2,0.03252247,1,1.0,0.5,0.5
17,15,3,1,61.202977,5,0.697754,1,0.03177806,2,1.0,1.0,0.5
17,51,2,1,102.340889,2,0.650391,4,0.03175403,3,1.0,1.0,0.5
17,70,1,1,69.735262,4,0.658203,3,0.03149802,4,1.0,1.0,0.2
17,50,2,1,37.2833,10,0.627441,6,0.02943723,5,1.0,1.0,0.6
17,14,3,1,41.52516,6,0.604004,11,0.02923602,6,1.0,1.0,0.6
17,49,2,1,38.829808,8,0.604004,12,0.02859477,7,1.0,0.5,0.5
17,52,2,1,25.869927,18,0.628418,5,0.02820513,8,0.7143,0.5,0.2
17,31,0,1,35.545076,11,0.601562,13,0.02778314,9,1.0,1.0,0.5
17,39,0,1,25.589553,19,0.609863,8,0.02736411,10,1.0,1.0,0.5
17,78,0,1,40.146121,7,0.58252,24,0.02683014,11,1.0,1.0,0.5
17,32,0,1,20.153871,25,0.61084,7,0.02669008,13,0.7143,0.5,0.6
17,61,0,1,27.431519,16,0.597656,15,0.02649123,14,0.5714,0.5,0.5
17,20,0,1,18.790795,27,0.609375,9,0.02598701,16,1.0,0.5,0.6
17,8,0,1,71.561586,3,0.557129,42,0.02567694,17,0.9286,0.5,0.6
17,29,0,1,20.434721,24,0.600098,14,0.02541828,18,1.0,0.5,1.0
17,16,2,1,37.968739,9,0.557617,41,0.02439374,21,0.7857,0.5,0.2
17,10,0,1,6.70858,63,0.608887,10,0.0224158,24,0.7857,1.0,0.2
17,40,0,1,15.948695,38,0.583008,23,0.02225227,25,1.0,0.5,0.2
17,4,0,1,11.444268,48,0.577148,26,0.02088717,30,1.0,0.5,0.2
17,11,0,1,9.226317,53,0.568359,35,0.01937587,37,1.0,1.0,1.0
17,7,0,1,6.406831,64,0.573242,30,0.01917563,41,1.0,1.0,0.5
17,47,0,1,12.906347,43,0.550781,50,0.01879965,45,1.0,1.0,1.0
17,68,0,1,16.083072,36,0.537109,60,0.01875,46,0.8571,0.5,0.6
18,14,2,1,72.167168,3,0.749023,1,0.03226646,1,0.1111,0.5,0.6
18,16,3,1,77.807317,2,0.687012,3,0.03200205,2,1.0,1.0,0.2
18,13,2,1,93.781971,1,0.661133,5,0.03177806,3,0.0,0.0,0.5
18,15,2,1,35.623559,6,0.695801,2,0.03128055,4,0.0,0.5,0.5
18,51,2,1,55.24326,5,0.643066,7,0.03030999,5,0.4444,0.5,0.5
18,11,0,1,63.671035,4,0.604492,10,0.02991071,6,0.0,0.5,1.0
18,50,2,1,26.429299,13,0.664062,4,0.02932363,7,0.1111,0.5,0.6
18,52,2,1,26.61557,12,0.659668,6,0.0290404,8,1.0,1.0,0.2
18,49,2,1,28.174517,10,0.574707,16,0.02744361,9,0.0,0.0,0.5
18,29,0,1,24.438544,14,0.58252,13,0.02721214,10,0.0,0.0,1.0
18,74,0,1,30.611151,9,0.571289,20,0.02699275,11,0.6667,0.5,0.6
18,40,0,1,15.982829,23,0.622559,8,0.02675408,12,0.4444,1.0,0.2
18,4,0,1,16.051161,22,0.617188,9,0.02668788,13,0.3333,1.0,0.2
18,87,0,1,16.545892,20,0.588379,12,0.02638889,15,1.0,0.5,0.5
18,2,0,1,32.788078,8,0.53125,46,0.02413984,20,0.0,0.5,0.6
18,68,0,1,33.864046,7,0.505371,71,0.02255896,22,1.0,1.0,0.6
18,9,0,1,9.427311,46,0.57373,17,0.02242098,23,0.0,0.0,0.5
18,27,0,1,11.451421,37,0.553223,28,0.02167291,27,0.0,0.5,0.5
18,78,0,1,5.379524,63,0.561035,23,0.02017827,35,0.5556,0.5,0.5
18,67,0,1,13.815554,31,0.525879,52,0.01991758,37,0.1111,0.5,0.5
18,64,0,1,6.752517,57,0.546875,33,0.0192997,43,0.8889,1.0,0.2
18,90,0,1,7.751643,53,0.533691,43,0.0185583,47,0.0,0.5,0.5
19,16,3,1,115.0286,1,0.754883,1,0.03278689,1,0.9286,0.5,0.2
19,14,2,1,30.252778,3,0.654785,5,0.03125763,2,1.0,1.0,0.6
19,51,2,1,30.209979,4,0.657227,4,0.03125,3,1.0,1.0,0.5
19,13,3,1,40.573208,2,0.616211,7,0.03105441,4,0.9286,0.5,0.5
19,15,2,1,24.676987,7,0.671875,2,0.03105441,5,1.0,1.0,0.5
19,50,2,1,21.558602,12,0.671387,3,0.0297619,6,1.0,1.0,0.6
19,52,2,1,21.753887,11,0.639648,6,0.02923602,7,0.8571,0.5,0.2
19,55,0,1,22.882493,9,0.59082,10,0.02877847,8,1.0,1.0,0.5
19,60,0,1,18.901652,16,0.608398,8,0.02786378,9,1.0,0.5,0.5
19,49,2,1,16.172416,19,0.581543,12,0.02654712,10,1.0,0.5,0.5
19,11,0,1,26.955005,5,0.540527,33,0.0261373,11,1.0,1.0,1.0
19,78,0,1,22.152133,10,0.543457,31,0.02527473,13,1.0,1.0,0.5
19,6,0,1,21.332397,13,0.548828,28,0.02506227,14,1.0,1.0,0.5
19,29,0,1,8.132595,31,0.57373,13,0.02468764,15,0.9286,0.5,1.0
19,30,0,1,13.818488,23,0.552734,23,0.02409639,17,1.0,1.0,0.5
19,7,0,1,26.762395,6,0.523926,54,0.02392344,18,0.9286,1.0,0.5
19,85,0,1,24.028665,8,0.514648,61,0.02297035,20,1.0,0.5,0.5
19,64,0,1,3.150951,60,0.605469,9,0.02282609,21,1.0,0.5,0.2
19,31,0,1,15.489558,21,0.529297,43,0.02205442,24,1.0,1.0,0.5
19,32,0,1,3.150951,59,0.558594,20,0.02090336,31,0.8571,0.5,0.6
19,39,0,1,6.237498,37,0.532227,38,0.02051336,36,0.9286,1.0,0.5
20,14,2,1,70.411797,2,0.675781,1,0.03252247,1,0.875,0.5,0.6
20,15,2,1,73.256951,1,0.675781,2,0.03252247,2,1.0,0.5,0.5
20,13,3,1,51.461478,4,0.611328,3,0.03149802,3,1.0,1.0,0.5
20,39,1,1,30.451924,11,0.606934,4,0.02970951,4,1.0,0.5,0.5
20,16,1,1,40.113598,5,0.580566,11,0.02946912,5,0.3125,0.0,0.2
20,51,2,1,34.733506,7,0.587402,9,0.02941813,6,0.6875,0.5,0.5
20,50,2,1,27.331736,12,0.589355,7,0.02881426,7,0.875,0.5,0.6
20,78,0,1,56.798882,3,0.560059,20,0.02837302,8,0.625,0.5,0.5
20,9,0,1,21.265343,21,0.59082,6,0.02749719,9,1.0,1.0,0.5
20,55,0,1,38.841282,6,0.556152,22,0.02734664,10,0.8125,0.5,0.5
20,52,2,1,25.230972,15,0.571777,14,0.02684685,11,0.25,0.0,0.2
20,35,0,1,32.669995,8,0.551758,24,0.02661064,12,1.0,0.5,1.0
20,4,0,1,8.930555,46,0.591797,5,0.02481858,13,0.75,0.0,0.2
20,40,1,1,9.597412,43,0.58252,10,0.02399445,15,0.6875,0.0,0.2
20,10,0,1,8.363288,49,0.57373,12,0.0230632,18,1.0,0.5,0.2
20,47,0,1,32.338938,10,0.516113,55,0.02298137,19,1.0,0.5,1.0
20,6,0,1,16.168676,26,0.538086,33,0.0223806,21,1.0,0.5,0.5
20,5,0,1,16.122617,27,0.539062,32,0.02236382,22,1.0,1.0,1.0
20,29,0,1,12.014833,37,0.554199,23,0.02235747,23,1.0,1.0,1.0
20,26,0,1,32.382712,9,0.498047,70,0.02218506,24,1.0,0.5,0.6
20,1,0,1,3.301939,82,0.587402,8,0.02174814,29,1.0,1.0,0.5
20,54,0,1,1.436605,98,0.568359,16,0.01948701,41,0.9375,0.5,0.5
20,20,0,1,1.832295,93,0.557129,21,0.01888163,48,0.5,0.0,0.6
20,45,0,1,8.397208,48,0.525879,47,0.01860505,50,1.0,1.0,0.5
21,17,3,1,187.288074,1,0.749023,1,0.03278689,1,0.0,0.0,1.0
21,18,2,1,88.980512,2,0.697754,3,0.03200205,2,0.3333,0.5,0.5
21,20,3,1,80.394341,3,0.726562,2,0.03200205,3,1.0,1.0,0.6
21,19,2,1,78.537266,4,0.625488,5,0.03100962,4,0.6667,0.5,0.5
21,48,0,1,39.304002,10,0.640625,4,0.02991071,5,1.0,1.0,0.5
21,45,0,1,34.530397,12,0.625488,6,0.0290404,6,0.0,0.0,0.5
21,58,0,1,73.198315,5,0.57373,15,0.02871795,7,0.1667,0.5,0.2
21,82,0,1,24.936989,18,0.615234,7,0.02774589,8,0.75,0.5,0.2
21,47,0,1,42.188786,9,0.565918,18,0.02731327,9,0.5833,0.5,1.0
21,37,0,1,20.976267,24,0.597168,8,0.02661064,12,0.0,0.0,0.5
21,23,0,1,23.995489,21,0.585938,11,0.02643019,13,0.8333,0.5,1.0
21,92,0,1,63.107158,6,0.538574,30,0.02626263,14,1.0,1.0,0.6
21,86,0,1,57.712959,7,0.505859,43,0.02463411,16,1.0,0.5,0.6
21,33,0,1,13.835026,39,0.592285,9,0.02459376,17,0.0,0.0,0.5
21,81,0,1,11.86953,44,0.586914,10,0.0239011,19,0.25,0.0,0.5
21,69,0,1,36.851228,11,0.49707,48,0.02334377,22,0.0,0.0,0.5
21,72,0,1,43.123673,8,0.438232,83,0.02169889,28,1.0,1.0,0.5
21,2,0,1,2.974035,77,0.584473,12,0.02118816,30,0.4167,0.5,0.6
21,43,0,1,19.497163,26,0.472168,61,0.01989237,40,0.0,0.5,0.5
21,5,0,1,15.531491,33,0.487549,51,0.0197617,41,0.0,0.0,1.0
21,36,0,1,7.861728,56,0.536133,31,0.0196097,43,0.8333,1.0,0.5
22,18,2,1,165.673033,1,0.839844,1,0.03278689,1,1.0,0.5,0.5
22,6,0,1,50.528769,2,0.637207,3,0.03200205,2,0.875,0.5,0.5
22,3,0,1,35.169776,4,0.676758,2,0.03175403,3,1.0,0.5,0.5
22,17,3,1,40.256485,3,0.597656,5,0.03125763,4,1.0,1.0,1.0
22,12,0,1,28.104562,6,0.569336,16,0.02830941,5,0.6875,0.0,0.5
22,29,0,1,16.595622,15,0.586426,8,0.02803922,6,1.0,1.0,1.0
22,7,0,1,14.895319,21,0.621094,4,0.02797068,7,1.0,0.5,0.5
22,19,1,1,28.736494,5,0.560059,20,0.02788462,8,0.875,0.5,0.5
22,50,0,1,23.429008,9,0.568359,17,0.02747977,9,0.75,0.5,0.6
22,1,0,1,16.811355,14,0.573242,13,0.02721214,10,1.0,1.0,0.5
22,4,0,1,15.448809,19,0.583984,9,0.02715098,11,0.625,0.0,0.2
22,2,0,1,12.669774,27,0.594727,6,0.02664577,12,1.0,0.5,0.6
22,10,0,1,13.413533,24,0.570312,15,0.0252381,14,1.0,0.5,0.2
22,58,0,1,26.564917,8,0.52832,39,0.02480689,15,1.0,0.5,0.2
22,66,0,1,27.398482,7,0.521973,43,0.02463411,16,0.9375,0.5,0.5
22,5,0,1,15.638321,17,0.528809,38,0.02319109,18,1.0,1.0,1.0
22,36,0,1,7.089014,64,0.587402,7,0.02298989,20,0.75,0.0,0.5
22,81,0,1,7.676157,55,0.583984,10,0.02298137,21,1.0,1.0,0.5
22,26,0,1,22.612067,10,0.482178,69,0.02203765,23,1.0,0.5,0.6
22,44,0,1,8.74262,49,0.556152,23,0.0212225,27,0.8125,0.0,0.6
22,9,0,1,11.225681,31,0.509766,49,0.02016332,36,1.0,1.0,0.5
23,19,3,1,104.048497,1,0.826172,1,0.03278689,1,1.0,1.0,0.5
23,7,1,1,37.540129,3,0.69043,2,0.03200205,2,1.0,1.0,0.5
23,17,2,1,33.335809,7,0.682617,5,0.03030999,3,0.875,0.5,1.0
23,1,0,1,25.854335,16,0.682617,4,0.02878289,4,0.625,0.5,0.5
23,3,0,1,24.443686,18,0.688477,3,0.02869353,5,0.875,1.0,0.5
23,31,0,1,28.845171,12,0.658203,8,0.02859477,6,1.0,1.0,0.5
23,20,1,1,28.947777,11,0.643555,10,0.02837022,7,1.0,0.5,0.6
23,5,1,1,27.188326,13,0.639648,11,0.02778314,8,0.75,0.5,1.0
23,4,0,1,25.819959,17,0.645996,9,0.02747977,9,1.0,0.5,0.2
23,96,0,1,26.543617,14,0.629883,13,0.02721214,10,0.8125,0.5,0.5
23,94,0,1,35.400243,5,0.58252,33,0.0261373,11,1.0,1.0,0.2
23,6,1,1,16.949849,33,0.680664,6,0.0259042,12,1.0,1.0,0.5
23,63,0,1,31.295746,8,0.581055,34,0.02534418,13,1.0,1.0,0.5
23,92,0,1,35.960992,4,0.569336,43,0.02533374,14,1.0,0.5,0.6
23,18,2,1,13.435194,40,0.666992,7,0.02492537,15,1.0,1.0,0.5
23,2,0,1,21.513864,22,0.605469,23,0.02424331,17,1.0,1.0,0.6
23,100,0,1,30.308281,9,0.569336,44,0.02410814,18,1.0,0.5,0.2
23,86,0,1,66.818982,2,0.530762,72,0.02370479,19,0.9375,1.0,0.6
23,59,0,1,19.650186,26,0.592773,28,0.02299154,22,1.0,1.0,1.0
23,72,0,1,35.371933,6,0.524902,78,0.02239789,25,1.0,0.5,0.5
23,78,0,1,30.039004,10,0.526367,77,0.02158498,30,1.0,1.0,0.5
23,93,0,1,20.575438,25,0.554688,55,0.02046036,36,1.0,0.5,0.5
23,68,0,1,21.329024,23,0.533203,71,0.01968178,46,1.0,0.5,0.6
23,32,0,1,10.563351,47,0.57373,39,0.0194468,48,0.875,0.5,0.6
23,30,0,1,6.312342,70,0.597656,26,0.01932021,49,1.0,1.0,0.5
24,20,3,1,239.840878,1,0.816895,1,0.03278689,1,0.7778,1.0,0.6
24,17,1,1,189.821635,2,0.709473,2,0.03225806,2,0.0,0.0,1.0
24,19,1,1,67.239426,3,0.590332,9,0.03036577,3,0.0,0.5,0.5
24,18,1,1,50.715443,5,0.60498,7,0.03030999,4,0.0,0.5,0.5
24,30,0,1,33.324125,11,0.624512,3,0.02995752,5,0.1111,0.5,0.5
24,48,0,1,37.556585,8,0.589844,10,0.0289916,6,0.6667,1.0,0.5
24,45,0,1,30.360854,13,0.591309,8,0.02840451,7,0.0,0.0,0.5
24,32,0,1,36.180834,9,0.584473,12,0.02838164,8,1.0,1.0,0.6
24,29,0,1,28.531297,18,0.614746,5,0.02820513,9,0.0,0.0,1.0
24,24,0,1,43.843491,6,0.569336,17,0.02813853,10,1.0,1.0,0.5
24,37,0,1,26.72042,21,0.618164,4,0.02797068,11,0.0,0.0,0.5
24,33,0,1,28.80339,16,0.586914,11,0.0272424,12,0.0,0.0,0.5
24,23,0,1,28.672615,17,0.55957,19,0.02564524,14,0.1111,0.5,1.0
24,40,0,1,15.334914,36,0.610352,6,0.02556818,15,0.4444,1.0,0.2
24,58,0,1,54.540921,4,0.523926,43,0.02533374,16,0.0,0.5,0.2
24,92,0,1,41.540772,7,0.528809,39,0.02502638,17,1.0,1.0,0.6
24,81,0,1,22.907193,26,0.570801,16,0.0247858,18,0.0,0.0,0.5
24,82,0,1,18.621398,30,0.563477,18,0.02393162,20,0.0,0.5,0.2
24,31,0,1,15.874706,35,0.556641,20,0.02302632,22,0.3333,0.5,0.5
24,22,0,1,23.430411,24,0.537109,31,0.02289377,24,0.0,0.5,0.2
24,72,0,1,34.864672,10,0.490479,64,0.02235023,29,1.0,1.0,0.5
24,5,0,1,30.152524,14,0.500488,57,0.02206052,31,0.0,0.0,1.0
24,8,0,1,7.499475,58,0.570801,15,0.02180791,32,0.8889,1.0,0.6
24,3,0,1,16.297695,33,0.526367,41,0.02065368,40,0.0,0.5,0.5
24,88,0,1,13.179142,40,0.514648,48,0.01925926,44,1.0,1.0,0.2
24,2,0,1,4.116693,79,0.543457,28,0.01855788,50,0.0,0.5,0.6
25,17,3,1,112.229629,1,0.743652,1,0.03278689,1,1.0,0.5,1.0
25,19,2,1,87.168484,3,0.723633,2,0.03200205,2,1.0,1.0,0.5
25,20,1,1,44.821851,9,0.687012,3,0.03036577,3,0.875,0.5,0.6
25,8,1,1,46.889575,7,0.606445,10,0.02921109,4,0.8125,0.5,0.6
25,92,0,1,52.720754,5,0.599609,15,0.02871795,5,0.75,0.5,0.6
25,37,0,1,41.147968,13,0.61377,7,0.028624,6,0.5,0.5,0.5
25,23,0,1,41.17542,12,0.601562,13,0.02758752,7,1.0,1.0,1.0
25,29,0,1,35.884028,18,0.609863,8,0.0275264,8,1.0,0.5,1.0
25,69,0,1,52.131954,6,0.58252,22,0.02734664,9,1.0,0.5,0.5
25,22,0,1,28.552962,24,0.618164,6,0.02705628,10,1.0,1.0,0.2
25,96,0,1,59.018763,4,0.567383,29,0.02686096,11,0.5625,0.5,0.5
25,86,0,1,90.159459,2,0.540039,43,0.02583777,12,0.6875,1.0,0.6
25,30,0,1,18.745244,41,0.620117,5,0.02528561,13,1.0,1.0,0.5
25,31,0,1,21.54132,36,0.608887,9,0.02490942,15,1.0,1.0,0.5
25,89,0,1,42.631088,11,0.549316,34,0.0247228,16,1.0,0.5,1.0
25,58,0,1,36.013485,17,0.569336,28,0.02435065,18,1.0,1.0,0.2
25,18,0,1,25.39631,29,0.598145,17,0.02422297,19,1.0,1.0,0.5
25,24,0,1,23.057865,31,0.596191,18,0.02380952,20,0.75,0.5,0.5
25,72,0,1,45.468608,8,0.515137,54,0.02347781,22,0.75,0.5,0.5
25,33,0,1,17.593873,45,0.603027,12,0.0234127,23,0.25,0.5,0.5
25,6,1,1,2.871361,88,0.62793,4,0.02238176,27,1.0,1.0,0.5
25,66,0,1,33.241266,20,0.538574,46,0.02193396,29,1.0,1.0,0.5
25,21,0,1,18.622778,42,0.581543,23,0.02185211,30,1.0,0.5,0.5
25,53,0,1,43.062183,10,0.479004,77,0.02158498,31,1.0,0.5,1.0
25,82,0,1,13.049851,59,0.57666,27,0.01989761,34,1.0,1.0,0.2
25,26,0,1,15.576822,52,0.547852,35,0.01945489,40,1.0,1.0,0.6
25,81,0,1,12.635542,60,0.563477,30,0.01944444,41,1.0,0.5,0.5
25,102,0,1,22.743699,32,0.49707,68,0.01868207,46,1.0,1.0,0.5
26,21,3,1,101.504531,2,0.741211,1,0.03252247,1,1.0,0.5,0.5
26,22,3,1,101.699427,1,0.677734,4,0.03201844,2,1.0,1.0,0.2
26,23,3,1,44.054262,3,0.703613,2,0.03200205,3,1.0,1.0,1.0
26,24,1,1,42.766883,4,0.691895,3,0.03149802,4,0.875,0.5,0.5
26,45,0,1,33.452679,6,0.660645,5,0.03053613,5,0.75,0.5,0.5
26,33,0,1,24.045652,9,0.638672,6,0.02964427,6,0.125,0.5,0.5
26,47,0,1,34.238808,5,0.594238,13,0.02908325,7,1.0,1.0,1.0
26,18,0,1,26.619454,7,0.575684,18,0.02774589,8,1.0,1.0,0.5
26,3,0,1,18.89456,13,0.586426,14,0.02721214,9,1.0,1.0,0.5
26,34,0,1,26.355527,8,0.574219,20,0.02720588,10,0.75,1.0,0.2
26,19,0,1,14.834783,17,0.602539,11,0.02707152,11,1.0,1.0,0.5
26,82,0,1,13.182091,22,0.608887,9,0.02668788,12,1.0,1.0,0.2
26,36,0,1,15.566756,16,0.580566,15,0.02649123,13,1.0,0.5,0.5
26,37,0,1,8.273149,43,0.613281,8,0.02441462,16,0.375,0.5,0.5
26,48,0,1,8.920292,40,0.608398,10,0.02428571,17,1.0,0.5,0.5
26,17,0,1,6.946694,56,0.617188,7,0.02354606,18,1.0,0.5,1.0
26,81,0,1,7.470175,53,0.597656,12,0.02273845,22,1.0,0.5,0.5
26,72,0,1,22.957705,10,0.443604,81,0.02137791,29,0.875,0.5,0.5
26,7,0,1,8.012799,45,0.555664,26,0.02115172,30,1.0,1.0,0.5
26,32,0,1,10.722871,31,0.499268,49,0.02016332,37,0.75,0.5,0.6
26,31,0,1,7.215356,54,0.529785,31,0.01976094,40,1.0,1.0,0.5
27,23,3,1,139.173253,1,0.79834,1,0.03278689,1,0.4,0.5,1.0
27,21,1,1,98.370571,2,0.689941,2,0.03225806,2,0.0,0.0,0.5
27,24,2,1,62.350635,3,0.644531,4,0.03149802,3,1.0,1.0,0.5
27,82,0,1,28.546101,7,0.625,6,0.03007689,4,0.3,0.5,0.2
27,22,2,1,23.215262,11,0.661621,3,0.02995752,5,0.1,0.5,0.2
27,81,0,1,28.587154,6,0.608887,8,0.0298574,6,0.0,0.0,0.5
27,37,0,1,26.989641,9,0.615234,7,0.02941813,7,0.0,0.0,0.5
27,45,0,1,27.986105,8,0.569824,16,0.02786378,8,0.0,0.0,0.5
27,46,0,1,20.112347,15,0.584961,10,0.02761905,9,0.0,0.5,0.2
27,17,0,1,16.675855,27,0.626465,5,0.02687887,11,0.0,0.0,1.0
27,96,0,1,19.14389,20,0.537109,31,0.02348901,16,1.0,1.0,0.5
27,72,0,1,31.012988,4,0.477295,71,0.02325859,18,1.0,1.0,0.5
27,38,0,1,29.229267,5,0.47876,70,0.02307692,20,0.0,0.5,0.6
27,2,0,1,7.576201,60,0.580566,11,0.02241784,21,0.0,0.5,0.6
27,91,0,1,18.638126,22,0.518555,44,0.02181051,22,0.3,0.5,0.5
27,48,0,1,3.541907,85,0.588379,9,0.02138931,26,0.9,1.0,0.5
27,12,0,1,8.219462,54,0.554199,21,0.02111761,27,0.5,1.0,0.5
27,19,0,1,12.525397,34,0.530762,37,0.02094758,30,0.2,0.5,0.5
27,59,0,1,26.24765,10,0.439697,92,0.02086466,32,0.0,0.5,1.0
27,60,0,1,19.722925,17,0.45752,82,0.02002927,42,0.9,1.0,0.5
27,88,0,1,20.039073,16,0.441895,90,0.01982456,44,1.0,1.0,0.2
27,32,0,1,19.441029,19,0.462402,80,0.01980108,45,1.0,1.0,0.6
27,35,0,1,7.633168,59,0.536621,32,0.01927293,50,0.0,0.5,1.0
28,22,3,1,125.977396,1,0.722168,1,0.03278689,1,1.0,1.0,0.2
28,24,2,1,39.805672,5,0.713867,2,0.03151365,2,1.0,0.5,0.5
28,2,0,1,47.747984,4,0.639648,6,0.03077652,3,1.0,1.0,0.6
28,12,0,1,54.272059,3,0.631836,8,0.0305789,4,1.0,0.5,0.5
28,11,0,1,58.73661,2,0.614746,15,0.02946237,5,1.0,1.0,1.0
28,21,3,1,33.152177,9,0.63916,7,0.02941813,6,0.8571,0.5,0.5
28,4,0,1,39.600883,6,0.619629,11,0.02923602,7,1.0,0.5,0.2
28,10,0,1,34.959873,8,0.631348,9,0.02919864,8,0.6429,1.0,0.2
28,6,0,1,35.065257,7,0.614746,14,0.02843889,9,1.0,1.0,0.5
28,19,0,1,15.798586,27,0.665527,4,0.02711925,10,1.0,1.0,0.5
28,3,0,1,11.796669,36,0.65918,5,0.02580128,11,0.7143,1.0,0.5
28,23,2,1,7.585349,53,0.692383,3,0.02472257,15,1.0,1.0,1.0
28,28,0,1,31.40901,10,0.547852,36,0.02470238,17,1.0,0.5,0.2
28,17,0,1,9.708016,44,0.620117,10,0.0239011,19,0.7143,0.5,1.0
28,37,0,1,17.767729,22,0.561523,28,0.02355876,20,0.0,0.5,0.5
28,1,0,1,7.901813,51,0.612793,16,0.0221669,26,0.4286,0.5,0.5
28,31,0,1,8.209178,48,0.605957,18,0.02207977,27,1.0,1.0,0.5
28,20,0,1,7.156621,55,0.581543,20,0.02119565,29,1.0,0.5,0.6
28,91,0,1,7.05813,56,0.536133,39,0.0187217,43,1.0,1.0,0.5
29,24,3,1,122.430928,1,0.768066,1,0.03278689,1,0.8889,1.0,0.5
29,21,1,1,56.681037,2,0.653809,3,0.03200205,2,0.0,0.0,0.5
29,23,1,1,50.903751,3,0.666992,2,0.03200205,3,0.0,0.5,1.0
29,12,0,1,45.748114,4,0.601562,5,0.03100962,4,0.1111,1.0,0.5
29,22,1,1,30.709151,8,0.616699,4,0.03033088,5,0.0,0.5,0.2
29,4,0,1,39.437754,6,0.597656,6,0.03030303,6,0.2222,1.0,0.2
29,10,0,1,38.72606,7,0.589844,8,0.02963126,7,0.0,0.5,0.2
29,3,0,1,23.686732,15,0.594238,7,0.02825871,8,0.0,0.5,0.5
29,11,0,1,20.567165,19,0.583008,10,0.02694394,9,0.0,0.5,1.0
29,2,0,1,18.181013,21,0.584961,9,0.02683843,10,0.0,0.5,0.6
29,26,0,1,27.570269,13,0.556152,19,0.02635686,11,0.0,0.5,0.6
29,18,0,1,29.033445,10,0.539062,27,0.02577997,12,0.0,0.5,0.5
29,9,0,1,22.391668,16,0.552246,20,0.02565789,13,0.0,0.0,0.5
29,36,0,1,17.282076,23,0.569824,14,0.02556171,14,0.0,1.0,0.5
29,88,0,1,29.222957,9,0.51416,38,0.02469684,16,1.0,1.0,0.2
29,17,0,1,14.536672,29,0.568848,15,0.02456929,17,0.0,0.0,1.0
29,40,0,1,15.108587,28,0.567383,16,0.02452153,18,0.3333,1.0,0.2
29,1,0,1,12.673792,37,0.574219,11,0.02439379,19,0.0,0.0,0.5
29,100,0,1,45.442939,5,0.489746,56,0.02400531,20,0.5556,1.0,0.2
29,47,0,1,21.161225,18,0.520508,35,0.02334683,21,0.0,0.5,1.0
29,82,0,1,13.109045,33,0.540039,25,0.02251739,27,0.0,0.5,0.2
29,62,0,1,18.034353,22,0.50293,44,0.02181051,29,0.0,0.5,0.6
29,46,0,1,0.87719,101,0.571777,12,0.02010007,38,0.0,0.5,0.2
29,25,0,1,12.744336,36,0.500488,47,0.01976246,40,0.0,0.0,0.5
29,79,0,1,18.957301,20,0.451904,87,0.01930272,44,0.6667,0.5,0.5
30,21,3,1,75.483512,1,0.751465,1,0.03278689,1,1.0,1.0,0.5
30,23,2,1,41.889386,2,0.726562,2,0.03225806,2,0.875,0.5,1.0
30,24,1,1,40.100842,3,0.691895,3,0.03174603,3,0.375,0.0,0.5
30,22,2,1,31.81285,4,0.682617,4,0.03125,4,1.0,0.5,0.2
30,17,0,1,17.861667,14,0.629395,5,0.02889813,5,1.0,1.0,1.0
30,81,0,1,25.502357,8,0.593262,12,0.02859477,6,1.0,1.0,0.5
30,19,0,1,19.028105,13,0.594727,11,0.02778314,7,1.0,0.5,0.5
30,82,0,1,15.566651,20,0.616211,6,0.02765152,8,0.9375,0.5,0.2
30,97,0,1,28.53739,6,0.556641,24,0.02705628,9,1.0,1.0,0.5
30,42,0,1,27.100088,7,0.534668,37,0.02523465,10,1.0,0.5,0.5
30,5,0,1,23.857535,10,0.546387,32,0.02515528,11,1.0,1.0,1.0
30,30,0,1,16.710611,18,0.564941,23,0.02486871,12,0.875,0.5,0.5
30,98,0,1,29.485926,5,0.523438,46,0.02481858,13,1.0,0.5,0.6
30,37,0,1,6.057732,50,0.605469,8,0.02379679,15,0.875,1.0,0.5
30,86,0,1,24.076414,9,0.516113,51,0.02350176,16,0.3125,0.5,0.6
30,95,0,1,23.02957,12,0.523926,45,0.0234127,17,0.625,0.5,1.0
30,48,0,1,4.465284,61,0.597656,9,0.02275722,21,0.5625,0.0,0.5
30,26,0,1,15.822776,19,0.529785,42,0.02246215,23,1.0,0.5,0.6
30,47,0,1,7.118353,44,0.579102,18,0.0224359,24,1.0,0.5,1.0
30,92,0,1,13.620008,26,0.543457,34,0.0222662,26,0.375,0.0,0.6
30,9,0,1,10.958415,29,0.549805,31,0.02222497,27,1.0,1.0,0.5
30,1,0,1,3.533828,67,0.595703,10,0.02215973,28,1.0,1.0,0.5
30,2,0,1,4.87937,58,0.589355,14,0.02198809,29,1.0,0.5,0.6
30,36,0,1,4.039178,64,0.591797,13,0.02176315,30,0.875,0.0,0.5
30,45,0,1,1.660501,94,0.608887,7,0.02141888,33,1.0,1.0,0.5
30,73,0,1,9.208631,35,0.516602,50,0.01961722,43,0.875,1.0,0.5
31,27,3,1,128.182709,1,0.664062,1,0.03278689,1,1.0,1.0,0.5
31,25,2,1,76.038893,2,0.658691,2,0.03225806,2,0.75,0.5,0.5
31,28,1,1,75.594105,3,0.62793,4,0.03149802,3,1.0,0.5,0.2
31,26,2,1,39.107199,5,0.629883,3,0.03125763,4,1.0,1.0,0.6
31,6,0,1,34.982619,6,0.621582,5,0.03053613,5,1.0,1.0,0.5
31,31,0,1,14.121341,13,0.584961,8,0.02840451,6,1.0,1.0,0.5
31,2,0,1,44.95197,4,0.547852,24,0.02752976,7,1.0,1.0,0.6
31,12,0,1,23.139195,8,0.543457,26,0.02633379,8,1.0,0.5,0.5
31,8,0,1,13.535627,15,0.556152,17,0.02632035,9,1.0,0.5,0.6
31,15,0,1,10.617033,25,0.570801,14,0.02527822,10,1.0,1.0,0.5
31,16,0,1,29.174199,7,0.530762,37,0.02523465,11,0.9375,0.5,0.2
31,5,0,1,12.349327,20,0.55127,21,0.02484568,12,0.75,0.5,1.0
31,51,0,1,8.617828,33,0.577148,12,0.02464158,13,1.0,1.0,0.5
31,30,0,1,4.825379,55,0.584961,7,0.02362103,15,1.0,1.0,0.5
31,29,0,1,3.691458,62,0.597656,6,0.02334824,16,1.0,0.5,1.0
31,4,0,1,6.111198,47,0.573242,13,0.02304442,17,1.0,0.5,0.2
31,55,0,1,15.230562,12,0.517578,51,0.0228979,18,1.0,1.0,0.5
31,72,0,1,11.046398,22,0.535156,34,0.02283342,19,1.0,0.5,0.5
31,22,0,1,23.073369,9,0.503418,60,0.02282609,20,1.0,1.0,0.2
31,13,0,1,22.249628,10,0.505371,59,0.02268908,21,1.0,0.5,0.5
31,87,0,1,8.245819,37,0.543457,27,0.02180353,26,0.8125,1.0,0.5
31,91,0,1,19.06225,11,0.49585,70,0.02177681,27,1.0,1.0,0.5
31,14,0,1,8.29451,36,0.539551,29,0.02165262,28,1.0,1.0,0.6
31,50,0,1,0.730911,92,0.579102,10,0.02086466,31,1.0,1.0,0.6
31,52,0,1,0.0,99,0.580078,9,0.02078206,33,0.875,0.5,0.2
31,64,0,1,2.578766,73,0.556152,18,0.02033931,38,1.0,0.5,0.2
31,10,0,1,1.981682,79,0.553223,20,0.01969424,46,0.8125,1.0,0.2
32,28,3,1,115.668473,2,0.739746,1,0.03252247,1,1.0,1.0,0.2
32,25,1,1,118.253711,1,0.669434,3,0.03226646,2,0.0,0.0,0.5
32,26,1,1,51.580513,3,0.674316,2,0.03200205,3,0.0,0.5,0.6
32,31,0,1,36.698799,5,0.651367,4,0.03100962,4,0.6,0.5,0.5
32,27,2,1,50.401316,4,0.615723,6,0.03077652,5,0.3,0.5,0.5
32,6,0,1,28.69629,6,0.640137,5,0.03053613,6,0.2,0.5,0.5
32,5,0,1,23.40637,7,0.547852,22,0.0271205,7,0.0,0.0,1.0
32,30,0,1,13.506642,18,0.572754,10,0.02710623,8,0.4,0.5,0.5
32,35,0,1,22.331866,8,0.548828,21,0.02705156,9,0.0,0.5,1.0
32,3,0,1,19.487426,14,0.567871,14,0.02702703,10,0.0,0.5,0.5
32,7,0,1,11.878251,23,0.606934,7,0.02697357,11,0.0,0.5,0.5
32,29,0,1,7.870869,31,0.588379,8,0.02569489,14,0.0,0.0,1.0
32,64,0,1,6.33111,39,0.573242,9,0.02459376,15,1.0,1.0,0.2
32,12,0,1,20.606464,11,0.526855,38,0.02428859,17,0.5,1.0,0.5
32,8,0,1,19.703733,13,0.533691,35,0.02422495,18,1.0,1.0,0.6
32,86,0,1,21.976806,10,0.522949,42,0.02408964,19,1.0,0.5,0.6
32,24,0,1,22.078079,9,0.516113,46,0.02392672,21,1.0,1.0,0.5
32,68,0,1,12.190434,21,0.498047,51,0.02135469,31,1.0,1.0,0.6
32,50,0,1,2.159237,75,0.566406,15,0.02074074,34,0.4,0.5,0.6
32,1,0,1,3.926052,62,0.543457,27,0.01969097,43,0.0,0.0,0.5
32,85,0,1,7.101333,37,0.491699,57,0.01885629,47,0.7,0.0,0.5
32,92,0,1,4.930264,48,0.516602,45,0.01878307,49,1.0,1.0,0.6
33,25,3,1,119.585538,2,0.779785,1,0.03252247,1,1.0,1.0,0.5
33,26,3,1,119.928515,1,0.732422,2,0.03252247,2,1.0,0.5,0.6
33,27,2,1,86.252643,3,0.627441,4,0.03149802,3,0.8125,0.5,0.5
33,28,1,1,72.685898,4,0.668457,3,0.03149802,4,0.25,0.0,0.2
33,6,0,1,67.460323,5,0.61377,5,0.03076923,5,0.875,0.5,0.5
33,2,0,1,43.663585,6,0.575195,10,0.02943723,6,1.0,0.5,0.6
33,5,0,1,13.295731,21,0.594727,8,0.02705156,7,1.0,1.0,1.0
33,17,0,1,19.848302,12,0.532715,18,0.0267094,8,1.0,1.0,1.0
33,4,0,1,18.141584,17,0.560059,13,0.02668564,9,0.625,0.0,0.2
33,7,0,1,18.261343,16,0.548828,15,0.02649123,10,1.0,0.5,0.5
33,58,0,1,27.928149,8,0.522461,26,0.02633379,11,1.0,0.5,0.2
33,8,0,1,7.062256,41,0.61084,6,0.02505251,13,0.3125,0.0,0.6
33,11,0,1,27.619398,9,0.510254,37,0.02480203,15,1.0,0.5,1.0
33,29,0,1,8.924811,37,0.586426,9,0.02480203,16,1.0,1.0,1.0
33,9,0,1,19.70181,14,0.518555,29,0.02474947,17,1.0,1.0,0.5
33,31,0,1,5.779455,49,0.597168,7,0.02409969,19,0.625,0.5,0.5
33,86,0,1,24.814728,10,0.503906,42,0.02408964,20,0.1875,0.5,0.6
33,91,0,1,19.003926,15,0.497559,47,0.02267913,25,0.8125,0.5,0.5
33,16,0,1,28.151377,7,0.459473,73,0.02244417,27,0.1875,0.0,0.2
33,95,0,1,11.164915,27,0.439453,85,0.0183908,50,0.5,0.5,1.0
34,25,2,1,67.620077,2,0.70752,1,0.03252247,1,0.4286,0.5,0.5
34,28,1,1,72.589361,1,0.652832,3,0.03226646,2,1.0,0.5,0.2
34,26,3,1,48.012137,4,0.68457,2,0.03175403,3,0.9286,1.0,0.6
34,27,3,1,64.991128,3,0.651855,4,0.03149802,4,1.0,1.0,0.5
34,52,0,1,41.372803,6,0.606934,6,0.03030303,5,1.0,0.5,0.2
34,6,0,1,22.863044,13,0.624023,5,0.02908325,6,1.0,1.0,0.5
34,2,0,1,23.180757,12,0.578125,9,0.02838164,7,0.9286,1.0,0.6
34,12,0,1,31.770236,8,0.5625,17,0.0276929,8,1.0,0.5,0.5
34,91,0,1,34.212492,7,0.549805,24,0.02683014,9,1.0,1.0,0.5
34,10,0,1,13.043858,27,0.574707,10,0.02577997,11,0.5,1.0,0.2
34,5,0,1,12.139158,33,0.583984,8,0.02545857,12,0.4286,0.5,1.0
34,99,0,1,46.446009,5,0.513184,55,0.02408027,14,0.9286,1.0,0.5
34,69,0,1,25.651269,9,0.526855,45,0.02401656,15,0.5714,0.5,0.5
34,9,0,1,16.905233,19,0.541992,32,0.02352779,17,0.1429,0.5,0.5
34,16,0,1,24.716898,10,0.516113,53,0.02313527,19,1.0,0.5,0.2
34,4,0,1,7.799022,52,0.573242,11,0.02301308,20,1.0,0.5,0.2
34,31,0,1,1.348837,96,0.592773,7,0.02133563,28,1.0,1.0,0.5
34,89,0,1,16.016448,22,0.503418,62,0.02039184,35,0.4286,0.5,1.0
34,73,0,1,23.896569,11,0.438232,102,0.02025735,36,1.0,0.5,0.5
34,11,0,1,10.186163,41,0.536133,38,0.02010507,37,0.9286,1.0,1.0
34,39,0,1,17.869813,18,0.45459,95,0.01927213,47,0.7857,1.0,0.5
34,82,0,1,6.410718,63,0.540527,33,0.01888277,48,1.0,1.0,0.2
35,26,1,1,80.409135,1,0.677246,2,0.03252247,1,0.0,0.5,0.6
35,28,3,1,40.145544,5,0.696289,1,0.03177806,2,1.0,1.0,0.2
35,25,1,1,66.691056,2,0.662109,4,0.03175403,3,0.0,0.0,0.5
35,27,2,1,55.949185,3,0.630859,7,0.03079839,4,0.0,0.5,0.5
35,6,0,1,18.121625,13,0.674316,3,0.02957165,5,0.0,0.5,0.5
35,19,0,1,25.562386,9,0.617188,9,0.02898551,6,0.0,0.5,0.5
35,3,0,1,15.35337,18,0.619629,8,0.0275264,7,0.0,0.5,0.5
35,31,0,1,12.246649,25,0.658691,5,0.02714932,8,0.3333,0.5,0.5
35,72,0,1,34.835195,6,0.577637,25,0.02691622,9,1.0,1.0,0.5
35,7,0,1,11.746813,30,0.64209,6,0.02626263,11,0.0,0.5,0.5
35,33,0,1,12.552919,23,0.609863,11,0.0261327,12,0.0,0.0,0.5
35,92,0,1,41.639064,4,0.556641,41,0.02552599,14,1.0,1.0,0.6
35,18,0,1,19.510329,12,0.572266,27,0.02538314,15,0.0,0.5,0.5
35,32,0,1,11.856278,28,0.594238,14,0.02487715,16,1.0,1.0,0.6
35,2,0,1,11.753858,29,0.588867,16,0.02439385,17,0.0,0.5,0.6
35,91,0,1,27.405528,8,0.555176,45,0.02422969,19,0.0,0.5,0.5
35,86,0,1,28.527383,7,0.547852,49,0.02409969,21,1.0,0.5,0.6
35,36,0,1,5.118353,68,0.61084,10,0.02209821,27,0.1111,1.0,0.5
35,71,0,1,7.49148,50,0.580566,22,0.02128603,33,0.0,0.5,1.0
35,104,0,1,13.326267,19,0.512207,63,0.02078831,37,0.5556,1.0,0.6
35,42,0,1,24.037994,10,0.439941,97,0.02065514,39,0.0,0.5,0.5
36,29,3,1,72.844839,1,0.828613,1,0.03278689,1,0.7857,0.5,1.0
36,51,1,1,39.656275,2,0.658691,4,0.03175403,2,1.0,1.0,0.5
36,30,2,1,32.363675,6,0.712402,2,0.03128055,3,1.0,1.0,0.5
36,31,2,1,34.124101,4,0.650879,5,0.03100962,4,1.0,1.0,0.5
36,14,0,1,38.593926,3,0.600586,8,0.0305789,5,1.0,1.0,0.6
36,88,0,1,33.726098,5,0.57373,18,0.02820513,6,0.5714,0.5,0.2
36,28,0,1,20.816228,13,0.59375,11,0.02778314,7,1.0,0.5,0.2
36,32,1,1,15.260306,24,0.703125,3,0.02777778,8,1.0,0.5,0.6
36,20,0,1,19.963915,15,0.594727,10,0.02761905,9,1.0,0.5,0.6
36,5,1,1,30.328382,7,0.573242,19,0.0275836,10,0.4286,0.5,1.0
36,8,0,1,27.107034,8,0.570312,22,0.026901,11,1.0,0.5,0.6
36,15,0,1,18.719127,20,0.588867,12,0.02638889,13,1.0,1.0,0.5
36,78,0,1,13.219349,27,0.600586,9,0.02598701,14,1.0,1.0,0.5
36,50,1,1,6.353481,51,0.61377,7,0.02393438,19,1.0,1.0,0.6
36,4,0,1,15.936719,23,0.557129,28,0.02341183,22,1.0,0.5,0.2
36,12,0,1,12.842712,28,0.555664,31,0.02235265,26,1.0,0.5,0.5
36,42,0,1,26.636691,9,0.502441,75,0.02190016,28,0.1429,1.0,0.5
36,35,0,1,25.112281,10,0.50293,74,0.0217484,29,0.5,1.0,1.0
36,16,0,1,17.870498,21,0.538086,48,0.02160494,30,1.0,0.5,0.2
36,64,0,1,0.0,101,0.63916,6,0.0213627,31,1.0,0.5,0.2
36,60,0,1,6.17136,53,0.573242,20,0.02134956,32,1.0,0.5,0.5
36,26,0,1,7.258728,47,0.547852,39,0.0194468,44,0.9286,1.0,0.6
37,29,1,1,120.953847,2,0.721191,1,0.03252247,1,0.0,0.0,1.0
37,30,1,1,140.283275,1,0.682617,3,0.03226646,2,0.0,0.5,0.5
37,31,2,1,61.914614,3,0.693359,2,0.03200205,3,0.2222,0.5,0.5
37,32,3,1,51.793951,4,0.640137,4,0.03125,4,1.0,1.0,0.6
37,6,0,1,39.631835,5,0.597656,9,0.02987737,5,0.0,0.5,0.5
37,8,0,1,38.788475,6,0.583984,14,0.02866503,6,0.7778,1.0,0.6
37,52,0,1,21.584961,14,0.600098,7,0.02843889,7,1.0,1.0,0.2
37,64,0,1,18.307663,17,0.599121,8,0.0276929,8,0.7778,1.0,0.2
37,15,0,1,23.267642,11,0.566406,22,0.02627963,9,0.0,0.5,0.5
37,19,0,1,14.476151,22,0.584473,13,0.02589375,10,0.0,0.5,0.5
37,20,0,1,26.259591,9,0.541992,42,0.02429668,13,0.6667,1.0,0.6
37,28,0,1,6.444213,60,0.615234,5,0.02371795,14,0.8889,1.0,0.2
37,12,0,1,11.763827,31,0.570312,19,0.02364724,16,0.1111,1.0,0.5
37,88,0,1,7.449862,52,0.597168,10,0.02321429,19,1.0,1.0,0.2
37,5,0,1,10.413274,35,0.567871,20,0.02302632,21,0.0,0.0,1.0
37,4,0,1,8.597462,41,0.57373,17,0.022888,23,0.2222,1.0,0.2
37,68,0,1,27.573476,8,0.502441,67,0.0225799,25,0.8889,1.0,0.6
37,25,0,1,2.687277,86,0.612793,6,0.02200083,28,0.0,0.0,0.5
37,60,0,1,12.71667,27,0.542969,40,0.02149425,31,0.5556,1.0,0.5
37,24,0,1,15.559373,19,0.518555,54,0.02143016,33,0.8889,1.0,0.5
37,67,0,1,25.672853,10,0.489014,80,0.02142857,34,0.0,0.5,0.5
37,55,0,1,13.983812,24,0.530762,49,0.02107907,36,0.1111,0.5,0.5
37,41,0,1,32.359007,7,0.412109,104,0.02102293,37,0.0,0.0,1.0
37,7,0,1,2.098734,88,0.586914,11,0.02084126,38,0.0,0.5,0.5
37,10,0,1,2.773533,85,0.574219,16,0.02005445,41,0.0,0.5,0.2
37,39,0,1,8.318821,46,0.53125,47,0.01877976,50,0.0,0.5,0.5
38,31,2,1,48.000608,2,0.71875,1,0.03252247,1,1.0,1.0,0.5
38,30,3,1,53.882603,1,0.705078,3,0.03226646,2,1.0,1.0,0.5
38,29,3,1,45.743799,3,0.708496,2,0.03200205,3,0.9286,0.5,1.0
38,19,0,1,27.449162,5,0.643066,8,0.0300905,4,1.0,1.0,0.5
38,17,0,1,26.036783,7,0.646973,7,0.02985075,5,0.7143,0.5,1.0
38,5,0,1,26.554042,6,0.625,11,0.02923602,6,0.5714,0.5,1.0
38,32,1,1,17.85977,14,0.648926,6,0.02866503,7,0.8571,0.5,0.6
38,6,0,1,14.426327,29,0.653809,5,0.02662057,8,1.0,1.0,0.5
38,7,0,1,14.633049,26,0.638184,9,0.02612066,9,0.9286,1.0,0.5
38,78,0,1,20.94013,12,0.589844,22,0.02608401,10,1.0,1.0,0.5
38,51,0,1,29.10601,4,0.564941,39,0.02572601,11,1.0,1.0,0.5
38,4,0,1,25.877586,8,0.572754,35,0.0252322,13,1.0,0.5,0.2
38,96,0,1,9.888931,52,0.665039,4,0.02455357,14,0.7857,0.5,0.5
38,3,0,1,11.874091,41,0.633789,10,0.0241867,15,0.7143,1.0,0.5
38,90,0,1,24.582809,9,0.558105,49,0.02366707,17,1.0,1.0,0.5
38,60,0,1,9.927836,51,0.620605,12,0.0228979,21,1.0,0.5,0.5
38,91,0,1,22.744528,11,0.543457,69,0.02183645,25,1.0,1.0,0.5
38,20,0,1,9.202383,58,0.611816,15,0.02180791,26,1.0,0.5,0.6
38,64,0,1,7.655547,68,0.616211,14,0.02132601,29,1.0,0.5,0.2
38,25,0,1,17.359763,15,0.539062,77,0.0206326,33,0.5714,0.5,0.5
38,59,0,1,7.457791,71,0.601074,17,0.0206206,34,1.0,1.0,1.0
38,2,0,1,7.547683,70,0.599609,18,0.02051282,37,1.0,1.0,0.6
38,11,0,1,23.33063,10,0.491455,101,0.02049689,38,1.0,1.0,1.0
38,77,0,1,15.280167,22,0.54248,70,0.01988743,43,1.0,0.5,1.0
38,68,0,1,13.311425,35,0.550293,59,0.01892968,47,1.0,0.5,0.6
39,32,3,1,72.70189,1,0.792969,1,0.03278689,1,1.0,1.0,0.6
39,64,0,1,36.723691,2,0.666504,3,0.03200205,2,0.6667,1.0,0.2
39,29,1,1,27.898881,5,0.684082,2,0.03151365,3,0.0,0.0,1.0
39,30,1,1,27.03953,6,0.628418,5,0.03053613,4,0.0,0.5,0.5
39,20,0,1,31.620345,4,0.601074,9,0.03011775,5,0.5556,1.0,0.6
39,15,0,1,20.603876,11,0.645996,4,0.02970951,6,0.0,0.5,0.5
39,50,0,1,22.12978,9,0.587402,14,0.02800627,7,0.0,0.5,0.6
39,5,0,1,23.43213,8,0.581543,16,0.02786378,8,0.0,0.0,1.0
39,7,0,1,32.732874,3,0.561035,25,0.02763772,9,0.0,0.5,0.5
39,78,0,1,18.097702,17,0.600098,11,0.02707152,10,0.3333,0.5,0.5
39,52,0,1,15.686687,24,0.613281,6,0.02705628,11,1.0,1.0,0.2
39,96,0,1,25.821193,7,0.562012,24,0.02683014,12,1.0,1.0,0.5
39,55,0,1,14.002532,26,0.613281,7,0.02655328,13,0.0,0.5,0.5
39,60,0,1,20.481341,12,0.574219,19,0.02654712,14,0.4444,1.0,0.5
39,80,0,1,10.224687,36,0.601074,10,0.02470238,17,1.0,1.0,0.6
39,61,0,1,10.747406,35,0.598145,12,0.0244152,18,0.0,0.0,0.5
39,40,0,1,5.83833,62,0.604004,8,0.0229026,20,0.2222,1.0,0.2
39,74,0,1,21.709375,10,0.52002,63,0.0224158,24,0.4444,0.5,0.6
39,2,0,1,4.85639,69,0.568359,21,0.02009762,37,0.0,0.5,0.6
39,36,0,1,0.0,95,0.585938,15,0.01978495,39,0.0,1.0,0.5
39,21,0,1,16.260568,21,0.485352,87,0.0191484,45,0.0,0.0,0.5
40,29,3,1,55.938633,1,0.691406,2,0.03252247,1,1.0,1.0,1.0
40,30,2,1,43.847099,2,0.700195,1,0.03252247,2,0.8571,0.5,0.5
40,32,1,1,32.86089,4,0.643066,3,0.03149802,3,0.1429,0.0,0.6
40,31,1,1,28.89951,6,0.612793,5,0.03053613,4,0.7143,0.5,0.5
40,20,0,1,28.245462,9,0.629395,4,0.03011775,5,0.4286,0.0,0.6
40,78,0,1,15.765986,21,0.606934,6,0.02749719,6,0.5714,0.5,0.5
40,8,0,1,26.359163,11,0.578125,17,0.02707152,7,0.3571,0.0,0.6
40,6,1,1,16.298481,20,0.591797,9,0.02699275,8,1.0,0.5,0.5
40,7,1,1,28.7388,7,0.564453,27,0.02641963,9,1.0,0.5,0.5
40,59,0,1,12.810974,26,0.602051,8,0.02633379,10,1.0,0.5,1.0
40,1,0,1,15.146872,22,0.587402,11,0.02627963,11,1.0,1.0,0.5
40,40,0,1,9.708227,33,0.605469,7,0.02567806,12,0.6429,0.0,0.2
40,57,0,1,36.534294,3,0.526367,51,0.02488202,13,1.0,1.0,0.5
40,61,0,1,8.997692,36,0.588379,10,0.02470238,14,1.0,1.0,0.5
40,93,0,1,27.219993,10,0.523926,57,0.02283272,22,1.0,1.0,0.5
40,89,0,1,32.201487,5,0.494141,85,0.02228117,26,1.0,1.0,1.0
40,66,0,1,14.087759,24,0.540527,41,0.02180575,28,1.0,0.5,0.5
40,68,0,1,28.542126,8,0.49585,82,0.02174814,29,0.2857,0.0,0.6
40,28,0,1,6.241862,45,0.568359,25,0.02128852,31,0.2857,0.0,0.2
40,16,0,1,21.067392,12,0.494141,84,0.02083333,34,0.2143,0.0,0.2
40,92,0,1,18.328606,16,0.499268,78,0.02040427,37,0.2857,0.0,0.6
40,41,0,1,18.827604,14,0.424561,104,0.01961107,41,0.1429,1.0,1.0
40,80,0,1,2.543948,75,0.554688,32,0.01827697,50,0.0,0.0,0.6
41,34,3,1,88.362351,1,0.687012,2,0.03252247,1,1.0,1.0,0.2
41,33,3,1,65.110564,3,0.728027,1,0.03226646,2,0.9,0.5,0.5
41,36,2,1,50.313879,4,0.687012,3,0.03149802,3,0.9,0.5,0.5
41,35,2,1,74.392469,2,0.612793,13,0.02982766,4,1.0,1.0,1.0
41,47,1,1,25.37442,8,0.634766,7,0.02963126,5,1.0,1.0,1.0
41,3,0,1,34.134382,5,0.620117,11,0.02946912,6,1.0,1.0,0.5
41,45,1,1,21.685955,10,0.633789,8,0.0289916,7,1.0,0.5,0.5
41,10,0,1,17.083657,18,0.641113,4,0.02844551,8,1.0,1.0,0.2
41,46,1,1,17.183683,17,0.623535,9,0.02747977,9,1.0,1.0,0.2
41,6,0,1,16.091063,22,0.635254,6,0.02734664,10,1.0,1.0,0.5
41,22,0,1,21.096725,12,0.598633,16,0.02704678,11,1.0,1.0,0.2
41,2,0,1,11.576818,32,0.621094,10,0.02515528,14,1.0,1.0,0.6
41,21,0,1,21.754766,9,0.552246,41,0.02439374,17,1.0,0.5,0.5
41,88,0,1,26.028762,7,0.544434,47,0.02427117,18,0.1,0.5,0.2
41,37,0,1,6.744698,65,0.637207,5,0.02338462,21,1.0,0.5,0.5
41,85,0,1,19.94928,13,0.54248,48,0.02295789,23,0.75,0.5,0.5
41,1,0,1,13.863054,25,0.569336,33,0.02251739,25,1.0,0.5,0.5
41,40,0,1,10.919949,38,0.583008,25,0.02196879,27,0.75,0.5,0.2
41,87,0,1,31.268917,6,0.470215,95,0.02160313,30,0.35,1.0,0.5
41,17,0,1,6.74668,64,0.582031,26,0.01969242,38,1.0,0.5,1.0
41,48,0,1,4.661304,79,0.584961,24,0.01909901,42,0.65,0.5,0.5
41,43,0,1,13.820133,26,0.491943,83,0.01862091,48,1.0,1.0,0.5
42,45,1,1,54.10714,4,0.677246,1,0.03201844,1,1.0,1.0,0.5
42,33,3,1,81.044567,2,0.657715,3,0.03200205,2,1.0,1.0,0.5
42,35,3,1,99.23084,1,0.655762,5,0.03177806,3,0.9444,0.5,1.0
42,36,1,1,56.185562,3,0.651367,8,0.0305789,4,0.3333,0.0,0.5
42,3,0,1,24.670254,12,0.656738,4,0.02951389,5,0.8889,0.5,0.5
42,6,0,1,37.838662,10,0.654297,6,0.02943723,6,0.4444,0.5,0.5
42,34,2,1,49.815856,6,0.617188,15,0.02848485,7,1.0,0.5,0.2
42,18,0,1,24.653788,13,0.642578,9,0.02819138,8,0.6667,0.5,0.5
42,21,0,1,53.775256,5,0.594238,22,0.02757974,9,0.7778,1.0,0.5
42,47,1,1,42.116691,9,0.614258,17,0.02747977,10,0.5,0.5,1.0
42,7,0,1,18.892342,18,0.633301,11,0.02690502,11,0.7222,0.5,0.5
42,22,0,1,48.459527,7,0.591797,24,0.02683014,12,0.5,0.5,0.2
42,19,0,1,12.807487,28,0.653809,7,0.02628901,13,0.4444,0.5,0.5
42,17,0,1,11.904817,30,0.628906,12,0.025,15,0.8889,1.0,1.0
42,5,0,1,47.514916,8,0.542969,44,0.02432127,20,1.0,1.0,1.0
42,48,0,1,4.449033,64,0.663086,2,0.02419355,21,0.0556,0.0,0.5
42,28,0,1,22.115066,14,0.562012,35,0.02403983,22,0.0,0.0,0.2
42,71,0,1,19.640338,17,0.569824,31,0.02397602,23,0.5556,0.5,1.0
42,10,0,1,10.255126,32,0.591309,25,0.02263427,24,0.9444,0.5,0.2
42,20,0,1,5.886334,51,0.617188,14,0.02252252,26,0.0,0.0,0.6
42,1,0,1,10.203334,33,0.584961,27,0.02224694,28,1.0,1.0,0.5
42,81,0,1,3.921183,70,0.638672,10,0.02197802,29,0.7222,1.0,0.5
42,37,0,1,4.621318,63,0.617188,16,0.02128798,32,1.0,1.0,0.5
42,82,0,1,1.86214,93,0.626953,13,0.02023458,38,0.3889,0.5,0.2
42,23,0,1,4.64689,62,0.581543,29,0.01943268,42,0.3333,0.5,1.0
42,99,0,1,12.955405,27,0.5,72,0.01907001,43,0.6111,0.5,0.5
43,35,1,1,56.758691,2,0.65332,1,0.03252247,1,0.6429,0.5,1.0
43,34,1,1,60.782968,1,0.619141,4,0.03201844,2,0.4286,0.5,0.2
43,36,3,1,35.044515,4,0.637207,2,0.03175403,3,1.0,1.0,0.5
43,33,1,1,40.900353,3,0.604004,5,0.03125763,4,0.0,0.0,0.5
43,82,0,1,18.946513,11,0.625,3,0.02995752,5,1.0,0.5,0.2
43,47,1,1,25.405522,5,0.574707,9,0.02987737,6,1.0,0.5,1.0
43,3,0,1,21.816513,10,0.558105,16,0.02744361,7,0.7143,0.5,0.5
43,4,0,1,12.666316,22,0.595215,6,0.02734664,8,1.0,1.0,0.2
43,37,0,1,11.28495,25,0.590332,7,0.02669008,9,0.0,0.0,0.5
43,18,0,1,24.292179,7,0.532715,29,0.02616133,10,1.0,0.5,0.5
43,7,0,1,13.686408,18,0.559082,15,0.02615385,11,0.9286,0.5,0.5
43,71,0,1,16.778818,13,0.543457,24,0.02560339,12,1.0,0.5,1.0
43,2,0,1,9.057728,34,0.571289,10,0.02492401,15,1.0,0.5,0.6
43,24,0,1,23.888528,8,0.512695,45,0.02422969,17,1.0,1.0,0.5
43,86,0,1,23.220992,9,0.514648,44,0.02410814,19,0.9286,0.5,0.6
43,12,0,1,24.460357,6,0.490967,61,0.02341598,21,1.0,1.0,0.5
43,10,0,1,12.684696,21,0.530273,33,0.02309837,23,0.6429,0.5,0.2
43,26,0,1,15.180295,17,0.522461,39,0.02308802,24,1.0,0.5,0.6
43,48,0,1,2.226334,83,0.583008,8,0.02169889,25,1.0,1.0,0.5
43,84,0,1,2.79666,74,0.563477,12,0.02135158,26,0.8571,1.0,0.5
43,45,0,1,4.840237,58,0.554199,19,0.0211328,31,0.4286,0.0,0.5
43,21,0,1,7.392561,41,0.531738,30,0.0210121,33,0.8571,0.0,0.5
43,25,0,1,3.957342,65,0.537109,27,0.01949425,42,0.5714,0.0,0.5
44,35,3,1,145.246141,1,0.744141,1,0.03278689,1,1.0,1.0,1.0
44,33,2,1,75.968576,2,0.608887,2,0.03225806,2,0.5,0.5,0.5
44,36,1,1,30.963785,5,0.588867,4,0.03100962,3,1.0,0.5,0.5
44,47,1,1,36.439009,3,0.566895,8,0.0305789,4,1.0,1.0,1.0
44,34,2,1,32.775481,4,0.557129,12,0.02951389,5,1.0,1.0,0.2
44,86,0,1,19.580338,13,0.584473,5,0.02908325,6,0.4375,1.0,0.6
44,30,0,1,26.735713,6,0.54541,18,0.02797203,7,1.0,1.0,0.5
44,6,0,1,17.989234,16,0.563477,10,0.02744361,8,1.0,1.0,0.5
44,4,0,1,11.895305,25,0.57373,6,0.02691622,9,0.875,0.5,0.2
44,8,0,1,21.279206,12,0.536621,20,0.02638889,10,0.5625,0.5,0.6
44,26,0,1,24.997982,9,0.529297,27,0.02598701,12,1.0,1.0,0.6
44,82,0,1,8.794711,43,0.601562,3,0.02558175,13,1.0,1.0,0.2
44,45,1,1,10.204951,35,0.573242,7,0.02545169,14,1.0,0.5,0.5
44,10,0,1,10.419231,33,0.565918,9,0.02524544,15,1.0,1.0,0.2
44,37,0,1,10.489115,31,0.559082,11,0.02507352,17,0.75,0.5,0.5
44,38,0,1,22.878163,11,0.512695,38,0.02428859,18,1.0,1.0,0.6
44,2,0,1,10.240031,34,0.553223,15,0.02397163,19,1.0,1.0,0.6
44,5,0,1,26.287592,7,0.486816,59,0.02332873,20,1.0,0.5,1.0
44,54,0,1,10.459445,32,0.536621,21,0.02321524,21,1.0,1.0,0.5
44,25,0,1,16.207589,18,0.494629,52,0.02174908,28,1.0,0.5,0.5
44,41,0,1,22.983737,10,0.460449,79,0.02147996,29,0.25,0.5,1.0
44,56,0,1,25.772699,8,0.434082,93,0.02124183,30,0.4375,0.5,0.6
44,13,0,1,15.918141,19,0.484375,61,0.02092269,33,1.0,0.5,0.5
44,88,0,1,3.064203,70,0.546387,17,0.02067932,34,0.0,0.5,0.2
44,1,0,1,4.234463,64,0.534668,23,0.02011271,36,1.0,0.5,0.5
44,3,0,1,8.943201,41,0.50293,43,0.01960973,39,1.0,1.0,0.5
44,42,0,1,13.716521,22,0.444824,88,0.01895188,48,1.0,1.0,0.5
44,20,0,1,5.577642,59,0.518555,35,0.01892968,49,0.625,0.5,0.6
45,36,3,1,152.41919,1,0.740723,1,0.03278689,1,1.0,1.0,0.5
45,33,1,1,55.113893,2,0.619629,4,0.03175403,2,0.0,0.0,0.5
45,45,1,1,36.861756,3,0.612793,5,0.03125763,3,0.2857,0.0,0.5
45,34,1,1,34.623396,4,0.576172,10,0.02991071,4,0.2857,0.5,0.2
45,37,0,1,12.292281,16,0.633789,3,0.02903091,5,0.0,0.0,0.5
45,82,0,1,10.176478,21,0.640137,2,0.02847471,6,1.0,0.5,0.2
45,47,1,1,21.076396,9,0.564453,13,0.02819138,7,1.0,0.5,1.0
45,21,0,1,21.487784,8,0.556152,21,0.02705156,8,0.7143,0.0,0.5
45,18,0,1,17.477696,12,0.558594,17,0.0268759,9,0.8571,0.5,0.5
45,22,0,1,27.819839,5,0.527344,34,0.02602291,11,1.0,0.5,0.2
45,24,0,1,9.904933,23,0.563965,14,0.02556171,12,1.0,1.0,0.5
45,69,0,1,22.940683,6,0.524902,37,0.02546079,13,0.5714,0.0,0.5
45,71,0,1,22.489881,7,0.524414,38,0.02512945,15,1.0,0.5,1.0
45,4,0,1,4.798963,45,0.606934,6,0.02467532,16,1.0,1.0,0.2
45,48,1,1,4.179178,52,0.603027,7,0.02385394,18,1.0,1.0,0.5
45,84,0,1,4.192709,51,0.57959,9,0.02350176,19,1.0,1.0,0.5
45,5,0,1,11.772474,18,0.522949,39,0.02292152,20,0.4286,0.0,1.0
45,29,0,1,11.975903,17,0.521484,41,0.022888,21,0.7857,0.0,1.0
45,16,0,1,21.040525,10,0.47876,69,0.02203765,25,1.0,1.0,0.2
45,17,0,1,0.0,92,0.585449,8,0.02128483,29,0.5714,0.0,1.0
45,1,0,1,1.649218,79,0.552734,22,0.01938937,44,0.2857,0.0,0.5
45,30,0,1,3.620439,58,0.526855,35,0.01900089,49,1.0,0.5,0.5
46,37,3,1,159.181211,1,0.773926,1,0.03278689,1,1.0,1.0,0.5
46,39,2,1,85.291448,2,0.620605,3,0.03200205,2,0.9444,0.5,0.5
46,82,0,1,28.320688,10,0.625977,2,0.03041475,3,0.6111,0.5,0.2
46,36,0,1,27.003368,12,0.618652,4,0.02951389,4,0.5556,0.0,0.5
46,38,2,1,29.530336,9,0.597656,8,0.02919864,5,1.0,0.5,0.6
46,33,0,1,26.792456,13,0.61377,6,0.02885015,6,1.0,1.0,0.5
46,40,1,1,25.462289,15,0.612305,7,0.02825871,7,0.3889,0.0,0.2
46,81,0,1,25.917094,14,0.587891,12,0.0274024,8,0.9444,1.0,0.5
46,17,0,1,15.903435,26,0.614258,5,0.02701252,9,1.0,1.0,1.0
46,11,0,1,37.879394,4,0.527832,31,0.02661401,10,0.8333,0.5,1.0
46,8,0,1,19.853194,23,0.591309,9,0.02654095,11,0.1667,0.0,0.6
46,101,0,1,27.106806,11,0.540527,24,0.02598927,12,1.0,1.0,1.0
46,78,0,1,39.880719,3,0.507812,49,0.02504733,13,0.3333,0.5,0.5
46,1,0,1,29.749026,7,0.51123,41,0.02482636,14,1.0,1.0,0.5
46,21,0,1,14.040111,31,0.567871,13,0.02468764,15,1.0,1.0,0.5
46,7,0,1,30.823241,6,0.508301,47,0.02449731,17,0.9444,0.5,0.5
46,103,0,1,35.884286,5,0.489746,61,0.02364908,19,0.9444,0.5,0.5
46,47,0,1,9.488909,51,0.567383,14,0.02252252,23,0.7222,0.5,1.0
46,20,0,1,2.444774,80,0.591309,10,0.02142857,28,0.2222,0.0,0.6
46,63,0,1,29.68915,8,0.435791,95,0.0211575,29,0.7222,0.5,0.5
46,15,0,1,21.134819,19,0.496094,58,0.0211328,30,0.7222,0.5,0.5
46,26,0,1,23.589738,17,0.481689,68,0.02079951,33,0.8333,0.5,0.6
47,39,3,1,81.223423,1,0.667969,2,0.03252247,1,1.0,1.0,0.5
47,38,3,1,58.844503,3,0.716797,1,0.03226646,2,1.0,1.0,0.6
47,40,1,1,40.869666,6,0.65918,3,0.03102453,3,0.8125,0.5,0.2
47,33,0,1,16.873615,13,0.623535,4,0.02932363,4,0.5,0.5,0.5
47,80,0,1,59.884006,2,0.560547,18,0.02894955,5,0.25,0.5,0.6
47,54,0,1,29.245568,9,0.570801,13,0.02819138,6,1.0,1.0,0.5
47,78,0,1,42.915001,4,0.542969,25,0.02738971,7,0.75,1.0,0.5
47,37,2,1,8.752252,25,0.62207,5,0.02714932,8,0.75,0.5,0.5
47,21,0,1,41.474109,5,0.539551,26,0.02701252,9,1.0,0.5,0.5
47,35,0,1,9.586349,20,0.574219,11,0.02658451,10,1.0,1.0,1.0
47,30,0,1,7.410611,32,0.594727,8,0.02557545,11,1.0,1.0,0.5
47,20,0,1,6.609049,36,0.595215,7,0.02534204,12,0.625,0.5,0.6
47,17,0,1,6.05393,40,0.586914,9,0.02449275,13,1.0,0.5,1.0
47,36,0,1,8.032088,30,0.566406,15,0.02444444,14,1.0,0.5,0.5
47,55,0,1,36.011052,7,0.518066,55,0.02362103,19,0.9375,1.0,0.5
47,82,0,1,4.468695,51,0.580566,10,0.02329472,21,1.0,1.0,0.2
47,29,0,1,2.592538,69,0.596191,6,0.02290345,22,1.0,0.5,1.0
47,34,0,1,11.718587,17,0.529297,41,0.022888,23,1.0,1.0,0.2
47,26,0,1,8.417617,28,0.536621,29,0.02259959,25,1.0,1.0,0.6
47,51,0,1,27.702852,10,0.499023,70,0.02197802,27,0.8125,1.0,0.5
47,47,0,1,5.165013,47,0.557129,20,0.02184579,28,1.0,1.0,1.0
47,15,0,1,22.413399,12,0.5,67,0.0217629,29,1.0,1.0,0.5
47,79,0,1,7.187667,33,0.534668,31,0.0217417,30,0.625,1.0,0.5
47,13,0,1,31.936258,8,0.473633,86,0.0215552,33,1.0,0.5,0.5
47,90,0,1,26.760108,11,0.483643,78,0.02133088,34,1.0,1.0,0.5
47,32,0,1,0.806668,90,0.56543,16,0.01982456,42,0.375,0.5,0.6
48,37,1,1,109.723672,1,0.724121,1,0.03278689,1,0.0,0.0,0.5
48,39,2,1,37.378282,5,0.584961,5,0.03076923,2,0.7857,0.5,0.5
48,36,0,1,31.571647,9,0.615723,3,0.03036577,3,1.0,1.0,0.5
48,33,1,1,29.655898,12,0.628418,2,0.03001792,4,0.0,0.0,0.5
48,38,1,1,41.395985,4,0.562988,14,0.02913851,5,0.5,0.5,0.6
48,34,1,1,34.984741,7,0.565918,12,0.02881426,6,0.2857,0.5,0.2
48,82,0,1,19.748083,20,0.60791,4,0.028125,7,1.0,0.5,0.2
48,40,2,1,19.835478,19,0.569824,10,0.02694394,8,1.0,1.0,0.2
48,21,0,1,23.990266,16,0.564453,13,0.02685652,9,0.7143,0.0,0.5
48,81,0,1,19.384524,22,0.575195,9,0.02668788,10,0.7857,0.0,0.5
48,43,0,1,29.705784,11,0.527832,28,0.02544814,12,0.5,0.5,0.5
48,78,0,1,36.416185,6,0.515137,39,0.02525253,13,1.0,0.5,0.5
48,75,0,1,49.322789,2,0.503906,54,0.02490096,14,1.0,0.5,0.5
48,8,0,1,9.96212,42,0.580566,8,0.0245098,15,1.0,1.0,0.6
48,2,0,1,11.465645,38,0.567383,11,0.02428859,16,0.9286,0.5,0.6
48,47,0,1,6.870462,57,0.584961,6,0.02369852,20,1.0,0.5,1.0
48,17,0,1,6.25981,62,0.581055,7,0.02312209,21,0.5714,0.0,1.0
48,103,0,1,43.718347,3,0.470459,83,0.02286602,22,0.7857,0.5,0.5
48,61,0,1,22.474223,17,0.510254,45,0.02251082,24,0.2857,0.0,0.5
48,63,0,1,31.715074,8,0.437988,92,0.02128483,28,1.0,0.5,0.5
48,98,0,1,30.420687,10,0.446045,89,0.02099712,30,0.6429,0.5,0.6
48,12,0,1,12.661243,33,0.519043,38,0.02095677,31,1.0,1.0,0.5
48,45,0,1,1.76579,94,0.557617,16,0.0196514,42,0.2857,0.0,0.5
48,6,0,1,5.587282,68,0.529297,26,0.01944041,45,1.0,0.5,0.5
48,20,0,1,1.437302,98,0.554688,17,0.01931613,46,1.0,1.0,0.6
49,40,3,1,85.238605,1,0.761719,1,0.03278689,1,0.9375,0.5,0.2
49,38,3,1,79.234286,2,0.712891,2,0.03225806,2,1.0,1.0,0.6
49,39,2,1,42.738807,6,0.656738,3,0.03102453,3,1.0,1.0,0.5
49,54,0,1,36.709137,8,0.613281,6,0.0298574,4,1.0,1.0,0.5
49,80,0,1,40.838621,7,0.603027,7,0.02985075,5,0.375,0.5,0.6
49,43,0,1,55.409995,3,0.585449,17,0.02886003,6,1.0,1.0,0.5
49,1,0,1,21.679748,13,0.593262,9,0.02819138,7,1.0,0.5,0.5
49,92,0,1,20.504733,14,0.586426,15,0.02684685,8,0.625,0.5,0.6
49,4,0,1,15.117601,23,0.589355,11,0.0261327,9,1.0,0.5,0.2
49,44,0,1,35.453554,9,0.564941,26,0.02612066,10,1.0,0.5,0.6
49,20,0,1,10.010843,38,0.615723,4,0.02582908,11,0.75,0.5,0.6
49,61,0,1,29.579334,10,0.546387,35,0.02481203,12,1.0,0.5,0.5
49,72,0,1,46.124256,5,0.527344,58,0.02385919,15,0.625,0.5,0.5
49,41,0,1,47.324174,4,0.523926,62,0.02382172,18,0.125,0.5,1.0
49,104,0,1,11.468809,34,0.577637,20,0.0231383,20,0.875,0.5,0.6
49,30,0,1,4.813193,64,0.598145,8,0.0227704,22,1.0,1.0,0.5
49,37,2,1,6.214696,58,0.593262,10,0.02276029,23,0.625,0.5,0.5
49,78,0,1,8.486672,46,0.585938,16,0.02259186,26,0.875,1.0,0.5
49,77,0,1,17.351405,19,0.537109,44,0.02227361,29,1.0,0.5,1.0
49,29,0,1,1.494521,90,0.615723,5,0.02205128,30,1.0,0.5,1.0
49,58,0,1,17.303592,20,0.534668,48,0.02175926,31,1.0,1.0,0.2
49,12,0,1,11.576361,32,0.546875,34,0.02150786,32,1.0,0.5,0.5
49,56,0,1,3.112392,77,0.589355,12,0.02118816,36,0.5625,0.5,0.6
50,38,1,1,85.561649,1,0.645996,2,0.03252247,1,0.3571,0.5,0.6
50,37,1,1,46.683841,4,0.67041,1,0.03201844,2,0.0,0.0,0.5
50,39,2,1,48.926201,2,0.606445,5,0.03151365,3,0.6429,0.5,0.5
50,40,3,1,45.401753,5,0.624512,3,0.03125763,4,1.0,1.0,0.2
50,33,1,1,34.096332,6,0.598633,6,0.03030303,5,0.0,0.0,0.5
50,36,0,1,32.547719,9,0.614746,4,0.03011775,6,1.0,1.0,0.5
50,54,0,1,25.288237,14,0.569824,12,0.0274024,7,1.0,0.5,0.5
50,34,1,1,30.936184,10,0.541992,17,0.02727273,8,0.1429,0.5,0.2
50,80,0,1,33.343391,8,0.534668,23,0.02675408,9,1.0,1.0,0.6
50,82,0,1,11.210879,24,0.575684,10,0.02619048,11,1.0,0.5,0.2
50,72,0,1,48.353752,3,0.5,54,0.02464495,13,1.0,1.0,0.5
50,20,0,1,4.860549,42,0.571289,11,0.02388843,16,1.0,1.0,0.6
50,8,0,1,4.089958,52,0.589355,7,0.02385394,17,1.0,1.0,0.6
50,103,0,1,33.815651,7,0.477783,71,0.02255896,19,0.6429,0.5,0.5
50,101,0,1,26.991205,13,0.48584,64,0.02176315,25,0.0,0.0,1.0
50,30,0,1,0.549488,82,0.583984,8,0.02174814,26,1.0,0.5,0.5
50,17,0,1,0.970733,79,0.582031,9,0.021687,27,0.4286,0.0,1.0
50,6,0,1,1.451823,75,0.546875,16,0.0205653,36,1.0,0.5,0.5
50,63,0,1,20.533423,15,0.429688,96,0.01974359,42,0.9286,0.5,0.5
51,41,3,1,84.157622,1,0.678711,1,0.03278689,1,1.0,1.0,1.0
51,43,3,1,83.437972,2,0.666016,2,0.03225806,2,0.95,0.5,0.5
51,44,1,1,53.114012,3,0.655273,3,0.03174603,3,0.45,0.0,0.6
51,42,2,1,39.458182,6,0.64502,4,0.03077652,4,1.0,0.5,0.5
51,82,0,1,45.051685,5,0.611328,5,0.03076923,5,0.45,0.5,0.2
51,39,0,1,52.681078,4,0.557129,13,0.02932363,6,0.75,0.5,0.5
51,37,0,1,35.161717,10,0.586426,7,0.02921109,7,1.0,1.0,0.5
51,38,0,1,26.663898,16,0.544434,18,0.02597841,8,0.95,0.5,0.6
51,36,0,1,19.806005,25,0.553711,15,0.02509804,9,0.4,0.0,0.5
51,1,0,1,27.828391,13,0.51416,28,0.02506227,11,1.0,1.0,0.5
51,78,0,1,36.272199,8,0.50293,37,0.02501516,12,0.2,0.5,0.5
51,48,0,1,18.904952,27,0.554688,14,0.02500777,13,0.15,0.0,0.5
51,7,0,1,38.712461,7,0.48999,44,0.02454076,14,0.75,0.5,0.5
51,45,0,1,11.883646,44,0.57959,10,0.0239011,15,1.0,1.0,0.5
51,46,0,1,10.647444,54,0.585449,8,0.02347781,16,0.75,0.5,0.2
51,33,0,1,10.805976,52,0.580566,9,0.02342133,17,1.0,1.0,0.5
51,47,0,1,8.384908,69,0.606934,6,0.02290345,20,0.55,0.5,1.0
51,20,0,1,8.923383,60,0.574707,11,0.02241784,22,0.1,0.0,0.6
51,26,0,1,35.825968,9,0.461426,77,0.02179202,29,0.65,0.5,0.6
51,6,0,1,8.8912,61,0.537109,19,0.02092269,35,0.5,0.5,0.5
51,63,0,1,32.332896,12,0.426025,96,0.02029915,41,0.55,0.5,0.5
51,13,0,1,24.184065,18,0.458496,80,0.01996337,43,0.75,1.0,0.5
51,22,0,1,1.015695,104,0.548828,17,0.01908457,50,0.55,0.5,0.2
52,42,3,1,86.033319,1,0.691895,1,0.03278689,1,1.0,1.0,0.5
52,41,2,1,71.233737,2,0.681152,3,0.03200205,2,0.5556,0.5,1.0
52,43,2,1,62.767092,3,0.620605,4,0.03149802,3,1.0,1.0,0.5
52,44,1,1,34.340297,6,0.685547,2,0.03128055,4,0.9444,0.5,0.6
52,17,0,1,34.411401,5,0.577637,8,0.0300905,5,1.0,0.5,1.0
52,37,0,1,23.503713,8,0.556641,13,0.02840451,6,1.0,0.5,0.5
52,19,0,1,38.775718,4,0.528809,20,0.028125,7,1.0,1.0,0.5
52,46,0,1,14.826813,18,0.600586,6,0.02797203,8,1.0,1.0,0.2
52,47,0,1,12.907728,20,0.620117,5,0.02788462,9,1.0,1.0,1.0
52,48,0,1,11.695941,22,0.583984,7,0.0271205,10,0.6111,0.5,0.5
52,30,0,1,18.605736,12,0.539062,17,0.0268759,11,0.8889,1.0,0.5
52,45,0,1,10.327013,24,0.574707,9,0.02639752,12,1.0,0.5,0.5
52,75,0,1,20.847278,9,0.473633,52,0.02342133,16,0.5,1.0,0.5
52,20,0,1,1.747529,68,0.563965,10,0.02209821,23,0.5556,0.5,0.6
52,29,0,1,4.472353,44,0.524902,21,0.02196106,26,1.0,0.5,1.0
52,21,0,1,3.030796,60,0.550293,14,0.02184685,27,1.0,0.5,0.5
52,63,0,1,25.461377,7,0.410156,96,0.02133563,31,1.0,1.0,0.5
52,22,0,1,0.87159,81,0.562988,11,0.02117671,32,1.0,1.0,0.2
52,13,0,1,19.172798,10,0.400146,101,0.02049689,34,1.0,0.5,0.5
52,52,0,1,8.819441,28,0.430908,84,0.01830808,49,0.3333,0.5,0.2
53,43,3,1,127.509856,1,0.754883,1,0.03278689,1,1.0,1.0,0.5
53,41,1,1,82.03888,2,0.636719,3,0.03200205,2,0.125,0.5,1.0
53,40,0,1,42.439877,5,0.64502,2,0.03151365,3,0.9375,0.5,0.2
53,44,2,1,57.964071,4,0.623047,4,0.03125,4,1.0,0.5,0.6
53,42,2,1,60.177791,3,0.606445,6,0.03102453,5,0.875,1.0,0.5
53,46,0,1,22.021389,10,0.558105,14,0.02779923,6,1.0,1.0,0.2
53,47,0,1,21.002986,13,0.568359,12,0.02758752,7,1.0,1.0,1.0
53,29,0,1,17.889413,17,0.577637,9,0.02747977,8,1.0,0.5,1.0
53,17,0,1,18.821418,16,0.573242,11,0.0272424,9,1.0,0.5,1.0
53,39,0,1,9.848016,29,0.583008,7,0.02616133,11,1.0,1.0,0.5
53,86,0,1,22.28905,9,0.521973,33,0.02524544,13,0.5625,1.0,0.6
53,37,0,1,6.84173,43,0.620605,5,0.02509335,14,0.625,0.5,0.5
53,82,0,1,7.685325,37,0.581055,8,0.02501516,15,1.0,1.0,0.2
53,104,0,1,16.617638,20,0.533691,24,0.02440476,16,0.875,0.5,0.6
53,75,0,1,25.643448,6,0.491455,54,0.02392344,18,0.6875,1.0,0.5
53,78,0,1,12.661392,24,0.527344,26,0.02353267,20,0.875,1.0,0.5
53,53,0,1,20.08592,14,0.507324,42,0.02331744,22,1.0,0.5,1.0
53,91,0,1,25.279998,7,0.476318,68,0.02273787,25,1.0,1.0,0.5
53,20,0,1,4.455117,63,0.576172,10,0.0224158,26,0.75,0.5,0.6
53,6,0,1,7.413159,38,0.526367,27,0.02169833,29,1.0,1.0,0.5
53,100,0,1,23.283173,8,0.445312,91,0.0213284,33,0.8125,0.5,0.2
53,30,0,1,0.549488,85,0.55957,13,0.02059518,37,1.0,1.0,0.5
53,15,0,1,9.389854,31,0.495605,50,0.02007992,41,1.0,1.0,0.5
53,5,0,1,6.062529,47,0.512695,40,0.01934579,45,1.0,0.5,1.0
54,44,3,1,177.129578,1,0.833984,1,0.03278689,1,1.0,1.0,0.6
54,41,1,1,73.568393,2,0.677246,3,0.03200205,2,0.0,0.0,1.0
54,42,1,1,67.29008,3,0.724121,2,0.03200205,3,0.0,0.5,0.5
54,46,0,1,31.971483,6,0.628906,4,0.03077652,4,0.6429,0.5,0.2
54,47,0,1,26.659159,7,0.624023,5,0.03030999,5,0.9286,0.5,1.0
54,43,2,1,26.511777,8,0.587402,6,0.0298574,6,0.3571,0.5,0.5
54,68,0,1,39.672399,4,0.552734,14,0.02913851,7,1.0,1.0,0.6
54,45,0,1,23.489932,12,0.577637,8,0.02859477,8,0.1429,0.0,0.5
54,48,0,1,25.421473,11,0.576172,9,0.02857726,9,1.0,1.0,0.5
54,4,0,1,25.563398,10,0.54248,18,0.02710623,10,1.0,1.0,0.2
54,20,0,1,15.601818,22,0.565918,11,0.02627963,11,1.0,1.0,0.6
54,12,0,1,15.157695,24,0.573242,10,0.02619048,12,1.0,1.0,0.5
54,95,0,1,33.926055,5,0.504395,42,0.02518854,15,1.0,0.5,1.0
54,22,0,1,14.247571,26,0.551758,15,0.02496124,16,0.9286,0.5,0.2
54,32,0,1,26.073598,9,0.483398,57,0.02303976,22,1.0,1.0,0.6
54,17,0,1,2.239974,85,0.58252,7,0.02182192,29,0.4286,0.0,1.0
54,3,0,1,3.40626,71,0.562988,12,0.02152248,30,0.4286,0.5,0.5
54,81,0,1,7.351848,35,0.516602,31,0.02151533,31,0.6429,0.0,0.5
54,102,0,1,6.004826,46,0.52002,27,0.02092822,33,0.4286,0.5,0.5
54,37,0,1,1.445175,94,0.560059,13,0.02019214,37,0.0,0.0,0.5
55,41,3,1,84.970065,2,0.702637,1,0.03252247,1,1.0,1.0,1.0
55,44,1,1,85.280449,1,0.694336,2,0.03252247,2,0.5,0.0,0.6
55,42,2,1,50.271759,3,0.627441,3,0.03174603,3,1.0,0.5,0.5
55,43,2,1,39.316036,4,0.574219,4,0.03125,4,1.0,0.5,0.5
55,46,0,1,36.649804,5,0.544922,6,0.03053613,5,0.8333,0.5,0.2
55,47,0,1,33.515753,6,0.550293,5,0.03053613,6,0.6111,0.5,1.0
55,48,0,1,29.968603,7,0.532715,8,0.02963126,7,0.1667,0.0,0.5
55,45,0,1,24.096363,8,0.520996,9,0.02919864,8,1.0,1.0,0.5
55,18,0,1,23.425121,9,0.506348,13,0.02819138,9,0.7778,0.5,0.5
55,80,0,1,3.855061,36,0.518555,10,0.02470238,13,0.0,0.0,0.6
55,86,0,1,10.219666,17,0.46875,29,0.02422297,14,0.0,0.5,0.6
55,20,0,1,1.633893,60,0.537598,7,0.02325871,19,0.1111,0.0,0.6
55,54,0,1,2.543387,51,0.508789,12,0.0228979,21,0.5,0.5,0.5
55,5,0,1,22.302816,10,0.43042,72,0.02186147,25,1.0,1.0,1.0
55,91,0,1,7.022471,19,0.415039,80,0.01980108,38,0.5,0.5,0.5
55,94,0,1,5.477597,22,0.423828,73,0.01971392,39,0.3333,0.5,0.2
55,33,0,1,0.0,90,0.47998,24,0.01857143,47,1.0,1.0,0.5
56,45,3,1,155.555922,1,0.758789,1,0.03278689,1,1.0,1.0,0.5
56,33,2,1,48.520143,5,0.680176,2,0.03151365,2,0.875,1.0,0.5
56,47,2,1,87.739734,2,0.657715,5,0.03151365,3,0.8125,0.5,1.0
56,46,2,1,65.47713,3,0.641113,7,0.03079839,4,1.0,0.5,0.2
56,48,1,1,32.775473,11,0.669922,3,0.02995752,5,0.3125,0.0,0.5
56,22,0,1,48.761501,4,0.621582,11,0.02970951,6,0.8125,0.5,0.2
56,34,2,1,40.891764,7,0.626953,10,0.02921109,7,1.0,0.5,0.2
56,18,0,1,38.131395,9,0.631348,8,0.02919864,8,1.0,0.5,0.5
56,17,0,1,30.998282,14,0.644043,6,0.02866503,9,1.0,1.0,1.0
56,21,0,1,39.693376,8,0.618164,12,0.02859477,10,1.0,1.0,0.5
56,2,0,1,43.608507,6,0.606934,17,0.02813853,11,0.9375,0.5,0.6
56,3,0,1,32.558988,12,0.600586,18,0.0267094,12,1.0,0.5,0.5
56,82,0,1,12.099206,38,0.65918,4,0.02582908,13,0.6875,0.5,0.2
56,6,0,1,24.376565,21,0.612793,15,0.02567901,14,0.75,0.5,0.5
56,23,0,1,14.478602,36,0.613281,14,0.02393018,19,0.625,0.5,1.0
56,1,0,1,19.532826,28,0.5625,26,0.02299154,24,1.0,1.0,0.5
56,54,0,1,38.041222,10,0.496094,55,0.02298137,25,0.6875,0.5,0.5
56,4,0,1,16.865362,33,0.580566,25,0.02251739,27,0.5,0.0,0.2
56,81,0,1,2.447809,75,0.629883,9,0.02190016,30,1.0,1.0,0.5
57,47,3,1,139.843406,1,0.696777,2,0.03252247,1,0.5833,0.5,1.0
57,48,2,1,26.629827,6,0.70459,1,0.03154496,2,1.0,1.0,0.5
57,46,1,1,43.575317,2,0.631348,5,0.03151365,3,0.25,0.5,0.2
57,45,1,1,23.230773,8,0.672363,3,0.0305789,4,0.0,0.0,0.5
57,20,0,1,30.124838,4,0.611816,10,0.02991071,5,1.0,1.0,0.6
57,18,0,1,25.90822,7,0.623047,7,0.02985075,6,0.3333,0.5,0.5
57,21,0,1,29.44195,5,0.597168,11,0.02946912,7,0.1667,0.0,0.5
57,23,0,1,22.074261,10,0.626465,6,0.02943723,8,0.8333,0.5,1.0
57,92,0,1,33.659489,3,0.539551,23,0.02792121,9,1.0,1.0,0.6
57,17,0,1,17.643048,16,0.616699,8,0.02786378,10,0.0,0.0,1.0
57,22,0,1,22.750508,9,0.550293,19,0.02715098,12,0.5833,0.5,0.2
57,24,0,1,16.031854,19,0.612793,9,0.02715098,13,1.0,1.0,0.5
57,82,0,1,13.003153,31,0.647949,4,0.02661401,14,0.75,0.5,0.2
57,8,0,1,17.929782,15,0.505859,32,0.0242029,16,1.0,1.0,0.6
57,41,0,1,19.23799,14,0.460205,68,0.02132601,25,0.0,0.0,1.0
57,81,0,1,3.633964,65,0.562988,17,0.02098701,27,0.25,0.0,0.5
57,16,0,1,20.172747,13,0.452148,78,0.02094501,28,1.0,1.0,0.2
57,36,1,1,2.792346,76,0.572266,16,0.02051084,31,0.8333,1.0,0.5
57,67,0,1,20.876802,12,0.429199,95,0.0203405,33,0.8333,0.5,0.5
57,6,0,1,1.811217,84,0.541992,22,0.01913957,43,0.6667,0.5,0.5
58,46,3,1,89.061833,1,0.724609,1,0.03278689,1,1.0,1.0,0.2
58,84,0,1,40.357024,2,0.59668,9,0.03062179,2,0.75,0.5,0.5
58,91,0,1,20.402232,11,0.647461,2,0.03021354,3,1.0,1.0,0.5
58,6,0,1,26.219031,4,0.583008,12,0.02951389,4,1.0,1.0,0.5
58,47,2,1,18.618288,15,0.624512,4,0.02895833,5,1.0,1.0,1.0
58,45,2,1,24.534975,6,0.575195,16,0.02830941,6,0.75,0.5,0.5
58,63,0,1,23.545391,8,0.580078,14,0.0282194,7,1.0,1.0,0.5
58,2,0,1,20.342878,12,0.582031,13,0.02758752,8,1.0,1.0,0.6
58,89,0,1,14.95052,24,0.620605,5,0.02728938,9,0.875,0.5,1.0
58,92,0,1,12.463918,28,0.625,3,0.02723665,10,0.875,0.5,0.6
58,26,0,1,20.548256,10,0.558594,26,0.02591362,12,1.0,1.0,0.6
58,71,0,1,26.063749,5,0.549805,37,0.02569389,13,1.0,1.0,1.0
58,83,0,1,24.256784,7,0.554688,34,0.02556367,14,1.0,1.0,1.0
58,10,0,1,19.887268,13,0.544922,44,0.02331401,19,0.9375,1.0,0.2
58,69,0,1,6.184513,62,0.605957,7,0.02312209,21,1.0,0.5,0.5
58,72,0,1,5.418994,66,0.618164,6,0.02308802,22,0.875,0.5,0.5
58,23,0,1,5.508639,65,0.601074,8,0.02270588,25,1.0,1.0,1.0
58,42,0,1,30.885356,3,0.4729,94,0.02236652,26,0.625,1.0,0.5
58,90,0,1,13.307617,27,0.556152,33,0.02224694,28,1.0,1.0,0.5
58,66,0,1,5.337189,67,0.589844,10,0.02215973,30,1.0,1.0,0.5
58,55,0,1,22.063114,9,0.488281,85,0.02138931,33,1.0,1.0,0.5
58,99,0,1,10.965981,36,0.551758,36,0.02083333,37,1.0,1.0,0.5
59,48,3,1,140.3549,1,0.765137,1,0.03278689,1,0.9,1.0,0.5
59,47,1,1,47.798391,2,0.649902,2,0.03225806,2,0.1,0.5,1.0
59,46,1,1,24.55342,4,0.635254,3,0.03149802,3,0.0,0.5,0.2
59,45,1,1,39.122762,3,0.613281,5,0.03125763,4,0.0,0.0,0.5
59,23,0,1,19.77559,8,0.61084,6,0.0298574,5,0.4,0.5,1.0
59,64,0,1,16.992295,12,0.614258,4,0.02951389,6,1.0,1.0,0.2
59,82,0,1,15.275397,15,0.57373,10,0.02761905,7,0.3,0.5,0.2
59,18,0,1,14.034052,19,0.578125,8,0.02736411,8,0.0,0.5,0.5
59,19,0,1,17.332706,10,0.529785,18,0.02710623,9,0.2,0.5,0.5
59,24,0,1,13.828711,20,0.562012,11,0.02658451,10,1.0,1.0,0.5
59,7,0,1,14.261009,18,0.536133,16,0.02597841,11,0.0,0.5,0.5
59,20,0,1,13.161687,21,0.541992,14,0.02585919,12,1.0,1.0,0.6
59,86,0,1,20.309179,7,0.505859,32,0.02579494,13,1.0,0.5,0.6
59,92,0,1,15.935279,14,0.519531,23,0.02556171,14,1.0,1.0,0.6
59,21,0,1,24.418727,5,0.501953,39,0.02548563,15,0.0,0.0,0.5
59,35,1,1,6.578635,38,0.581055,7,0.02512945,16,0.0,0.5,1.0
59,17,0,1,14.59646,17,0.517578,24,0.02489177,18,0.0,0.0,1.0
59,84,0,1,11.1635,24,0.530273,17,0.02489177,19,1.0,1.0,0.5
59,36,1,1,3.099608,63,0.57373,9,0.02262283,24,0.4,1.0,0.5
59,80,0,1,23.226671,6,0.459961,74,0.0226142,25,1.0,1.0,0.6
59,75,0,1,18.479571,9,0.469482,68,0.02230525,28,1.0,0.5,0.5
59,87,0,1,10.06894,26,0.445557,88,0.01838466,48,1.0,0.5,0.5
59,29,0,1,3.4047,59,0.498535,43,0.0181121,50,0.0,0.0,1.0
60,47,2,1,74.065077,1,0.705078,1,0.03278689,1,1.0,1.0,1.0
60,45,3,1,61.963341,2,0.675293,2,0.03225806,2,0.875,0.5,0.5
60,46,2,1,32.100174,6,0.668945,3,0.03102453,3,1.0,1.0,0.2
60,34,1,1,28.863216,8,0.635742,6,0.0298574,4,0.875,1.0,0.2
60,33,1,1,19.726194,17,0.643555,5,0.02837163,5,0.25,0.5,0.5
60,19,0,1,19.969552,16,0.620605,10,0.02744361,6,1.0,1.0,0.5
60,96,0,1,15.101988,23,0.624023,8,0.02675408,7,0.5625,0.5,0.5
60,48,1,1,22.174819,13,0.595215,18,0.02651914,8,0.9375,0.5,0.5
60,6,0,1,11.580445,33,0.645508,4,0.02637769,9,1.0,1.0,0.5
60,35,1,1,27.499707,10,0.567871,30,0.02539683,10,1.0,1.0,1.0
60,3,0,1,9.754476,39,0.625,7,0.02502638,11,1.0,1.0,0.5
60,2,0,1,13.340828,28,0.603027,14,0.02487715,12,1.0,1.0,0.6
60,10,0,1,10.382468,38,0.602539,15,0.02353741,15,1.0,1.0,0.2
60,21,0,1,28.77293,9,0.540039,53,0.02334231,17,1.0,0.5,0.5
60,22,0,1,29.539469,7,0.529297,61,0.02318984,20,1.0,1.0,0.2
60,31,0,1,6.019667,48,0.612305,12,0.02314815,21,1.0,1.0,0.5
60,88,0,1,45.717408,3,0.496338,83,0.02286602,25,0.25,0.5,0.2
60,55,0,1,36.661881,4,0.49292,85,0.02252155,27,1.0,1.0,0.5
60,15,0,1,18.363044,18,0.549805,44,0.0224359,28,1.0,1.0,0.5
60,5,0,1,14.852542,24,0.556152,36,0.02232143,30,1.0,0.5,1.0
60,7,0,1,3.252581,69,0.62207,9,0.02224469,31,1.0,1.0,0.5
60,67,0,1,33.160227,5,0.490479,87,0.02218734,32,1.0,1.0,0.5
60,17,0,1,13.00813,29,0.554688,38,0.02144004,33,1.0,0.5,1.0
60,84,0,1,12.505014,30,0.553711,39,0.02121212,34,0.625,0.5,0.5
60,99,0,1,8.589118,44,0.569336,29,0.02085134,36,1.0,1.0,0.5
60,43,0,1,26.756401,11,0.469727,94,0.02057801,38,1.0,1.0,0.5
60,1,0,1,3.725468,62,0.581055,21,0.0205424,39,0.875,0.5,0.5
61,51,3,1,92.677839,1,0.713379,1,0.03278689,1,1.0,1.0,0.5
61,49,3,1,60.899224,2,0.665527,4,0.03175403,2,0.7143,0.5,0.5
61,50,3,1,29.474347,6,0.67041,3,0.03102453,3,1.0,1.0,0.6
61,15,2,1,35.267332,4,0.652344,5,0.03100962,4,0.9286,1.0,0.5
61,52,2,1,27.41219,9,0.672852,2,0.03062179,5,1.0,0.5,0.2
61,13,2,1,38.202792,3,0.580566,15,0.02920635,6,0.6429,0.5,0.5
61,4,0,1,20.881332,13,0.586426,10,0.02798434,7,1.0,0.5,0.2
61,14,2,1,25.14926,10,0.581055,14,0.02779923,8,1.0,1.0,0.6
61,87,0,1,17.96522,20,0.639648,6,0.02765152,9,1.0,1.0,0.5
61,16,2,1,29.390539,7,0.569824,19,0.0275836,10,1.0,0.5,0.2
61,86,0,1,14.978807,23,0.606934,8,0.02675408,11,1.0,1.0,0.6
61,29,0,1,11.792335,27,0.589844,9,0.02598701,12,0.6429,0.5,1.0
61,61,0,1,27.787354,8,0.55127,30,0.02581699,13,0.1429,0.5,0.5
61,35,0,1,9.784469,32,0.617188,7,0.02579494,14,0.3571,1.0,1.0
61,94,0,1,30.767308,5,0.534668,38,0.0255887,15,1.0,1.0,0.2
61,32,0,1,13.222386,26,0.583496,13,0.02532654,17,1.0,0.5,0.6
61,90,0,1,22.86783,11,0.540527,36,0.02450117,19,0.9286,1.0,0.5
61,55,0,1,14.464108,24,0.542969,34,0.02254306,25,1.0,1.0,0.5
61,27,0,1,4.727569,59,0.578613,17,0.02139037,26,1.0,1.0,0.5
61,1,0,1,5.36959,52,0.559082,24,0.02083333,31,0.1429,0.5,0.5
61,25,0,1,0.0,95,0.586426,11,0.02053612,34,0.2857,0.5,0.5
62,52,3,1,41.482326,3,0.702148,1,0.03226646,1,1.0,1.0,0.2
62,15,1,1,34.926221,4,0.69873,2,0.03175403,2,0.0,0.5,0.5
62,51,2,1,42.153032,2,0.681641,4,0.03175403,3,0.3333,0.5,0.5
62,14,1,1,52.213252,1,0.624512,7,0.03131882,4,0.0,0.5,0.6
62,16,1,1,28.791428,6,0.65918,5,0.03053613,5,1.0,1.0,0.2
62,13,1,1,27.34843,7,0.632812,6,0.03007689,6,0.0,0.0,0.5
62,50,1,1,23.194402,11,0.686523,3,0.02995752,7,0.0,0.5,0.6
62,11,0,1,30.264227,5,0.580078,13,0.02908325,8,0.0,0.5,1.0
62,10,0,1,25.397967,10,0.598145,10,0.02857143,9,0.0,0.5,0.2
62,49,1,1,17.406694,14,0.600098,8,0.0282194,10,0.0,0.0,0.5
62,29,0,1,14.804103,15,0.599609,9,0.02782609,11,0.0,0.0,1.0
62,9,0,1,26.969394,8,0.54541,20,0.02720588,12,0.0,0.0,0.5
62,87,0,1,13.37597,17,0.562988,16,0.02614491,15,1.0,0.5,0.5
62,64,0,1,13.952987,16,0.554199,19,0.02581612,17,0.7778,1.0,0.2
62,30,0,1,6.70704,29,0.536133,26,0.02286386,22,0.0,0.5,0.5
62,96,0,1,23.072959,12,0.491699,54,0.02266082,25,1.0,1.0,0.5
62,88,0,1,26.109167,9,0.476318,65,0.02249275,26,1.0,1.0,0.2
62,91,0,1,4.190177,46,0.557617,17,0.02242098,27,0.0,0.5,0.5
62,46,0,1,5.182551,36,0.51123,42,0.02022059,34,0.0,0.5,0.2
62,3,0,1,3.579549,52,0.520996,32,0.01979814,38,0.0,0.5,0.5
62,23,0,1,6.458257,30,0.490967,56,0.0197318,39,0.0,0.5,1.0
63,49,3,1,111.114715,1,0.794922,1,0.03278689,1,1.0,1.0,0.5
63,50,2,1,76.20015,3,0.67334,2,0.03200205,2,1.0,0.5,0.6
63,51,2,1,79.397623,2,0.668457,3,0.03200205,3,0.9286,0.5,0.5
63,52,1,1,53.750278,4,0.661133,4,0.03125,4,0.4286,0.0,0.2
63,85,0,1,34.440393,8,0.61084,6,0.0298574,5,0.9286,1.0,0.5
63,15,0,1,27.813171,13,0.600098,8,0.02840451,6,1.0,0.5,0.5
63,53,0,1,42.861552,6,0.580078,16,0.02830941,7,1.0,1.0,1.0
63,87,0,1,28.769134,11,0.583984,12,0.0279734,8,0.3571,0.5,0.5
63,54,0,1,43.83077,5,0.565918,21,0.02773029,9,1.0,0.5,0.5
63,31,0,1,20.335806,19,0.597168,9,0.02715098,10,1.0,0.5,0.5
63,60,0,1,14.761149,28,0.600586,7,0.02628901,11,0.7857,0.0,0.5
63,86,0,1,42.812725,7,0.548828,29,0.02616133,12,0.5,0.5,0.6
63,56,0,1,33.876888,9,0.537109,39,0.02459376,16,0.5,0.0,0.6
63,55,0,1,12.363086,35,0.582031,14,0.02403983,18,1.0,0.5,0.5
63,11,0,1,33.657051,10,0.529297,46,0.02371968,19,1.0,0.5,1.0
63,29,0,1,7.333043,69,0.613281,5,0.02313655,23,1.0,1.0,1.0
63,28,0,1,9.760631,51,0.574219,18,0.02182952,28,0.5714,0.0,0.2
63,61,0,1,5.356195,82,0.597168,10,0.02132797,31,0.8571,1.0,0.5
63,73,0,1,18.221229,21,0.470215,91,0.0189682,48,1.0,1.0,0.5
64,52,3,1,89.737736,1,0.780762,1,0.03278689,1,1.0,1.0,0.2
64,50,1,1,48.952502,3,0.726562,2,0.03200205,2,0.0,0.5,0.6
64,15,1,1,61.130954,2,0.691895,4,0.03175403,3,0.0,0.5,0.5
64,51,1,1,44.390286,5,0.722168,3,0.03125763,4,0.2222,0.5,0.5
64,16,1,1,48.004552,4,0.609375,9,0.03011775,5,0.8889,1.0,0.2
64,49,1,1,35.603022,8,0.635742,5,0.0300905,6,0.0,0.0,0.5
64,14,1,1,41.985139,7,0.621094,8,0.02963126,7,0.0,0.5,0.6
64,13,1,1,43.437244,6,0.605957,11,0.02923602,8,0.0,0.0,0.5
64,10,0,1,19.473706,13,0.627441,6,0.02885015,9,0.0,0.5,0.2
64,11,0,1,29.845893,9,0.592773,13,0.02819138,10,0.0,0.5,1.0
64,27,0,1,27.881482,10,0.587402,15,0.02761905,11,0.0,0.5,0.5
64,87,0,1,11.539105,32,0.623047,7,0.02579494,13,1.0,0.5,0.5
64,12,0,1,6.231987,50,0.608887,10,0.02337662,20,0.0,1.0,0.5
64,91,0,1,19.26727,14,0.534668,43,0.02322225,21,0.0,0.5,0.5
64,80,0,1,17.750521,20,0.525879,51,0.02150901,28,1.0,1.0,0.6
64,96,0,1,14.713955,26,0.530762,46,0.02106187,35,1.0,1.0,0.5
64,94,0,1,4.234556,62,0.569336,19,0.02085495,36,0.1111,0.5,0.2
65,50,3,1,62.189825,1,0.615723,7,0.03131882,1,1.0,1.0,0.6
65,29,0,1,31.151824,3,0.593262,15,0.02920635,2,0.7857,0.5,1.0
65,4,0,1,21.768032,16,0.620605,5,0.02854251,3,1.0,0.5,0.2
65,32,0,1,22.797389,12,0.600586,11,0.0279734,4,1.0,0.5,0.6
65,3,0,1,17.342601,28,0.664551,1,0.02775708,5,0.5714,1.0,0.5
65,7,0,1,17.100817,29,0.624023,3,0.02710897,6,0.7857,1.0,0.5
65,31,0,1,19.668093,20,0.61377,9,0.02699275,7,1.0,1.0,0.5
65,46,0,1,21.486136,17,0.600586,12,0.0268759,8,0.7857,1.0,0.2
65,44,0,1,22.23454,13,0.589355,18,0.02651914,9,1.0,0.5,0.6
65,2,0,1,15.420891,36,0.623047,4,0.02604167,10,0.9286,1.0,0.6
65,30,0,1,26.815673,6,0.559082,34,0.02578981,11,1.0,1.0,0.5
65,85,0,1,30.850667,4,0.549805,43,0.02533374,12,1.0,0.5,0.5
65,6,0,1,13.087747,49,0.643066,2,0.02530334,13,1.0,1.0,0.5
65,1,0,1,14.433232,42,0.615234,8,0.0245098,14,0.2857,0.5,0.5
65,86,0,1,24.973321,8,0.54834,45,0.02422969,15,1.0,1.0,0.6
65,18,0,1,11.303668,57,0.619141,6,0.02369852,19,0.8571,1.0,0.5
65,60,0,1,13.84483,44,0.598145,13,0.02331401,20,1.0,0.5,0.5
65,14,1,1,31.615209,2,0.497559,83,0.02312204,21,1.0,1.0,0.6
65,5,0,1,23.9021,10,0.529297,55,0.02298137,22,0.4286,0.5,1.0
65,41,0,1,29.674179,5,0.486816,91,0.02200713,25,0.0,0.5,1.0
65,16,1,1,25.528673,7,0.493896,84,0.02186982,26,1.0,0.5,0.2
65,64,0,1,7.649524,84,0.612793,10,0.02123016,31,1.0,0.5,0.2
65,98,0,1,24.549758,9,0.476074,95,0.02094437,34,0.6429,1.0,0.6
65,89,0,1,21.901154,15,0.489746,86,0.02018265,40,0.4286,0.5,1.0
65,43,0,1,18.87597,21,0.504883,77,0.01964495,45,0.5,1.0,0.5
65,26,0,1,9.433766,70,0.564453,30,0.01880342,49,0.9286,1.0,0.6
65,36,0,1,6.447849,91,0.571289,24,0.01852728,50,1.0,0.5,0.5
66,53,3,1,101.472731,1,0.707031,2,0.03252247,1,0.7857,0.5,1.0
66,54,3,1,98.552513,2,0.721191,1,0.03252247,2,1.0,1.0,0.5
66,55,2,1,64.380522,3,0.603516,4,0.03149802,3,1.0,1.0,0.5
66,56,1,1,64.185782,4,0.641602,3,0.03149802,4,1.0,0.5,0.6
66,78,1,1,16.621467,22,0.542969,7,0.0271205,5,1.0,1.0,0.5
66,58,0,1,13.086619,28,0.550781,6,0.02651515,6,0.7143,1.0,0.2
66,86,0,1,20.973392,16,0.527832,15,0.02649123,7,1.0,1.0,0.6
66,14,0,1,49.780788,5,0.502441,32,0.02625418,8,1.0,1.0,0.6
66,72,0,1,44.137978,6,0.504883,31,0.02614053,9,1.0,0.5,0.5
66,79,1,1,21.661401,14,0.515625,20,0.02601351,10,1.0,1.0,0.5
66,17,0,1,21.415847,15,0.51709,19,0.02599156,11,0.5714,0.5,1.0
66,30,0,1,7.564442,40,0.537109,9,0.02449275,13,1.0,1.0,0.5
66,77,1,1,15.687694,24,0.51416,22,0.02409988,14,1.0,0.5,1.0
66,42,0,1,26.981313,7,0.483154,52,0.02385394,15,0.1429,1.0,0.5
66,51,0,1,26.232416,9,0.480469,55,0.02318841,16,1.0,1.0,0.5
66,20,0,1,7.338299,41,0.525391,16,0.02305888,18,1.0,0.5,0.6
66,64,0,1,2.478769,79,0.560547,5,0.02257886,21,1.0,0.5,0.2
66,102,0,1,26.451002,8,0.456787,73,0.02222468,24,0.5714,1.0,0.5
66,44,0,1,2.611783,75,0.539551,8,0.02211329,25,1.0,0.5,0.6
66,36,0,1,2.732897,74,0.535156,10,0.0217484,28,1.0,0.5,0.5
66,82,0,1,3.768249,65,0.534668,13,0.02169863,29,1.0,1.0,0.2
66,62,0,1,3.751967,66,0.530762,14,0.02145002,30,0.8571,1.0,0.6
66,37,0,1,2.375356,80,0.534668,11,0.02122736,32,0.0,0.5,0.5
66,83,0,1,24.232098,10,0.417725,92,0.02086466,34,1.0,1.0,1.0
66,91,0,1,9.619713,35,0.480469,56,0.01914701,46,1.0,1.0,0.5
66,16,0,1,13.365652,26,0.455322,75,0.01903531,47,1.0,0.5,0.2
66,60,0,1,3.243788,70,0.505859,30,0.01880342,49,1.0,0.5,0.5
67,55,3,1,166.983613,1,0.825195,1,0.03278689,1,1.0,1.0,0.5
67,53,2,1,66.69986,3,0.662109,2,0.03200205,2,0.4167,0.5,1.0
67,56,2,1,71.975929,2,0.648926,3,0.03200205,3,1.0,0.5,0.6
67,54,2,1,42.050766,6,0.635254,4,0.03077652,4,0.9167,1.0,0.5
67,78,1,1,56.46269,4,0.60791,6,0.03077652,5,1.0,1.0,0.5
67,61,0,1,43.523502,5,0.60791,5,0.03076923,6,0.0,0.5,0.5
67,39,1,1,41.849287,7,0.546387,13,0.028624,7,0.4167,1.0,0.5
67,64,0,1,12.893829,12,0.570312,8,0.02859477,8,1.0,0.5,0.2
67,15,0,1,12.909569,11,0.565918,9,0.02857726,9,0.75,1.0,0.5
67,80,1,1,34.632005,8,0.535645,17,0.0276929,10,1.0,0.5,0.6
67,32,0,1,10.161923,15,0.555176,11,0.02741784,11,1.0,0.5,0.6
67,14,0,1,21.138226,10,0.521973,21,0.02663139,13,1.0,1.0,0.6
67,13,0,1,22.409055,9,0.487061,42,0.02429668,16,0.4167,0.5,0.5
67,50,0,1,2.360335,56,0.571289,7,0.02354606,20,1.0,1.0,0.6
67,49,0,1,2.769118,49,0.56543,10,0.02346003,23,0.5,0.5,0.5
67,77,1,1,5.33193,23,0.49707,34,0.02268649,25,0.8333,0.5,1.0
67,74,0,1,4.256914,31,0.500488,30,0.02210012,26,1.0,1.0,0.6
67,87,0,1,1.499762,68,0.506836,27,0.01930675,41,1.0,1.0,0.5
67,29,0,1,0.0,86,0.52002,22,0.01904444,43,0.4167,0.5,1.0
68,53,1,1,140.666143,2,0.74707,1,0.03252247,1,0.0,0.0,1.0
68,56,3,1,168.396704,1,0.725586,2,0.03252247,2,1.0,1.0,0.6
68,54,1,1,51.083708,4,0.71582,3,0.03149802,3,0.0,0.5,0.5
68,55,2,1,91.341187,3,0.657715,4,0.03149802,4,0.1111,0.5,0.5
68,51,0,1,34.342149,6,0.598145,5,0.03053613,5,0.3333,0.5,0.5
68,14,0,1,30.711244,8,0.587891,6,0.0298574,6,0.0,0.5,0.6
68,29,0,1,28.724478,9,0.585449,7,0.02941813,7,0.0,0.0,1.0
68,60,0,1,23.704868,13,0.580566,8,0.02840451,8,0.5556,1.0,0.5
68,23,0,1,50.687813,5,0.524902,21,0.02773029,9,0.0,0.5,1.0
68,30,0,1,27.281813,11,0.538574,18,0.02690502,10,0.0,0.5,0.5
68,89,0,1,31.249311,7,0.506348,31,0.02591438,11,0.0,0.0,1.0
68,58,0,1,14.979066,22,0.552734,13,0.02589375,12,0.0,0.5,0.2
68,64,0,1,9.017707,32,0.56543,10,0.02515528,14,0.7778,1.0,0.2
68,77,1,1,11.577294,27,0.515137,23,0.02354245,21,0.0,0.0,1.0
68,5,0,1,24.893662,12,0.46582,64,0.02195341,22,0.0,0.0,1.0
68,95,0,1,28.534732,10,0.443359,85,0.02118227,28,0.4444,0.5,1.0
68,50,0,1,0.558977,97,0.57666,9,0.02086218,33,0.0,0.5,0.6
68,72,0,1,7.46843,41,0.498535,41,0.01980198,37,0.8889,1.0,0.5
68,73,0,1,3.613528,66,0.505371,33,0.0186892,46,0.0,0.0,0.5
69,56,3,1,164.835715,1,0.765625,1,0.03278689,1,0.75,1.0,0.6
69,53,1,1,45.560645,3,0.660645,3,0.03174603,2,0.0,0.0,1.0
69,54,1,1,29.303468,6,0.67334,2,0.03128055,3,0.0,0.5,0.5
69,79,1,1,46.845793,2,0.556152,8,0.03083491,4,0.375,0.5,0.5
69,55,1,1,21.527748,10,0.652832,4,0.02991071,5,0.0,0.5,0.5
69,77,1,1,23.052837,8,0.557129,6,0.0298574,6,0.0,0.0,1.0
69,51,0,1,28.179387,7,0.53418,11,0.02900988,7,0.0,0.5,0.5
69,35,0,1,35.744276,4,0.512207,19,0.02828323,8,0.0,0.5,1.0
69,40,0,1,22.06141,9,0.526855,13,0.02819138,9,0.0,1.0,0.2
69,43,0,1,21.251331,11,0.465576,42,0.02388843,15,0.0,0.5,0.5
69,78,1,1,3.797635,62,0.563477,5,0.02358134,17,0.125,0.5,0.5
69,50,0,1,3.81568,61,0.556152,7,0.02318984,19,0.0,0.5,0.6
69,38,0,1,31.46833,5,0.435303,69,0.02313655,20,0.0,0.5,0.6
69,30,0,1,5.513365,47,0.516602,17,0.02233281,24,0.0,0.5,0.5
69,61,0,1,2.48915,73,0.535156,10,0.02180451,29,0.0,0.0,0.5
69,64,0,1,0.992705,85,0.545898,9,0.02138931,31,0.5,1.0,0.2
69,49,0,1,1.998395,78,0.524902,14,0.02075989,34,0.0,0.0,0.5
69,11,0,1,16.276322,17,0.43335,73,0.02050581,35,0.0,0.5,1.0
69,14,0,1,2.29852,74,0.506836,21,0.01980837,41,0.0,0.5,0.6
70,53,3,1,117.224833,1,0.706055,1,0.03278689,1,1.0,1.0,1.0
70,54,2,1,59.153849,3,0.692383,2,0.03200205,2,0.9286,0.5,0.5
70,55,1,1,72.666763,2,0.665527,4,0.03175403,3,0.7857,0.5,0.5
70,56,1,1,40.536871,4,0.668945,3,0.03149802,4,0.2143,0.0,0.6
70,40,0,1,30.26909,5,0.550293,8,0.0300905,5,0.6429,0.0,0.2
70,78,0,1,20.960851,14,0.541016,12,0.0274024,6,0.5714,0.5,0.5
70,35,0,1,15.027727,24,0.530762,18,0.02472527,7,1.0,0.5,1.0
70,30,0,1,6.119033,44,0.554199,7,0.02454076,8,0.8571,0.5,0.5
70,92,0,1,27.843556,10,0.498779,39,0.02438672,9,0.2857,0.0,0.6
70,59,0,1,30.058669,6,0.493164,49,0.02432583,10,1.0,0.5,1.0
70,12,0,1,29.632838,7,0.491455,51,0.02393438,11,0.7857,0.0,0.5
70,91,0,1,24.258508,13,0.499268,38,0.02390271,12,0.9286,0.5,0.5
70,90,0,1,26.565615,11,0.48999,54,0.02285644,16,1.0,0.5,0.5
70,37,0,1,4.466373,61,0.548828,10,0.02255018,17,0.7143,1.0,0.5
70,58,0,1,5.41885,50,0.534668,15,0.02242424,18,1.0,0.5,0.2
70,49,0,1,2.416125,83,0.583008,5,0.02237762,19,1.0,1.0,0.5
70,69,0,1,4.003821,68,0.549316,9,0.02230525,20,1.0,1.0,0.5
70,85,0,1,29.188062,8,0.472412,77,0.02200515,23,0.6429,1.0,0.5
70,64,0,1,0.0,103,0.56543,6,0.02128648,28,0.3571,0.0,0.2
70,42,0,1,28.120251,9,0.453857,93,0.0210287,31,1.0,0.5,0.5
70,52,0,1,4.226719,64,0.527832,19,0.02072274,33,0.1429,0.0,0.2
70,28,0,1,18.588677,18,0.472168,78,0.02006689,40,0.2857,0.0,0.2
71,57,3,1,133.066717,1,0.708008,1,0.03278689,1,0.875,0.5,0.5
71,58,2,1,87.959418,2,0.69873,2,0.03225806,2,1.0,1.0,0.2
71,60,2,1,80.049827,3,0.673828,3,0.03174603,3,0.8125,0.5,0.5
71,1,0,1,24.642215,8,0.635254,6,0.0298574,4,1.0,0.5,0.5
71,3,0,1,25.713847,7,0.590332,15,0.02825871,5,1.0,1.0,0.5
71,4,0,1,22.479298,12,0.59668,11,0.0279734,6,1.0,0.5,0.2
71,70,1,1,16.551328,20,0.640137,5,0.02788462,7,1.0,1.0,0.2
71,92,0,1,29.365164,6,0.582031,20,0.02765152,8,0.625,0.5,0.6
71,71,1,1,45.254385,4,0.574707,24,0.02752976,9,1.0,1.0,1.0
71,59,2,1,15.288234,24,0.620605,7,0.02683014,10,1.0,1.0,1.0
71,69,1,1,18.265255,18,0.592773,13,0.02651914,11,1.0,0.5,0.5
71,19,0,1,39.593573,5,0.55957,32,0.02625418,12,1.0,1.0,0.5
71,12,0,1,14.280925,26,0.613281,9,0.02612066,13,1.0,0.5,0.5
71,2,0,1,21.68383,14,0.577637,22,0.02570864,14,1.0,1.0,0.6
71,50,0,1,6.826909,52,0.665527,4,0.02455357,16,1.0,1.0,0.6
71,10,0,1,7.350179,46,0.598145,10,0.02371968,18,1.0,1.0,0.2
71,15,0,1,6.904261,51,0.619629,8,0.02371489,19,1.0,1.0,0.5
71,40,0,1,23.362873,10,0.546875,47,0.02363151,21,0.9375,0.5,0.2
71,63,0,1,15.613573,23,0.562988,29,0.02328415,22,1.0,1.0,0.5
71,22,0,1,23.720402,9,0.535645,57,0.02303976,23,1.0,1.0,0.2
71,91,0,1,18.881013,17,0.548828,45,0.02251082,25,1.0,1.0,0.5
71,6,0,1,4.675507,77,0.585449,17,0.02028628,39,1.0,1.0,0.5
71,30,0,1,10.030308,32,0.543945,50,0.01996047,40,1.0,1.0,0.5
71,99,0,1,16.51687,21,0.492676,79,0.01953992,41,1.0,1.0,0.5
71,29,0,1,6.172473,56,0.559082,33,0.01937338,43,1.0,0.5,1.0
72,58,3,1,148.342179,1,0.729492,1,0.03278689,1,1.0,0.5,0.2
72,69,1,1,93.918769,2,0.615234,3,0.03200205,2,1.0,1.0,0.5
72,59,2,1,63.822676,5,0.615723,2,0.03151365,3,0.875,0.5,1.0
72,17,0,1,92.822461,3,0.608398,6,0.03102453,4,1.0,1.0,1.0
72,96,0,1,45.091582,10,0.61377,4,0.02991071,5,0.0,0.0,0.5
72,92,0,1,57.890766,7,0.608398,7,0.02985075,6,0.125,0.0,0.6
72,20,0,1,70.279916,4,0.571777,14,0.02913851,7,0.25,0.0,0.6
72,93,0,1,38.680372,14,0.608887,5,0.02889813,8,1.0,1.0,0.5
72,89,0,1,40.318769,12,0.572266,13,0.02758752,9,1.0,1.0,1.0
72,95,0,1,43.718611,11,0.571289,15,0.02741784,10,0.375,0.5,1.0
72,8,0,1,24.470981,25,0.595215,8,0.02647059,11,0.1875,0.0,0.6
72,19,0,1,58.679098,6,0.52832,36,0.02556818,13,0.75,0.5,0.5
72,9,0,1,31.315157,18,0.554199,19,0.02547874,14,1.0,1.0,0.5
72,23,0,1,28.441878,23,0.558594,17,0.02503521,15,0.625,0.5,1.0
72,57,3,1,54.442016,8,0.525391,40,0.02470588,16,1.0,1.0,0.5
72,30,0,1,18.507191,37,0.591309,10,0.02459499,17,0.625,0.5,0.5
72,66,1,1,17.382215,41,0.592773,9,0.02439374,18,0.8125,0.5,0.5
72,29,0,1,18.566225,36,0.56543,16,0.02357456,20,1.0,1.0,1.0
72,86,0,1,50.983339,9,0.488525,73,0.02201155,22,0.0625,0.5,0.6
72,1,0,1,17.798669,40,0.533691,28,0.02136364,28,1.0,1.0,0.5
72,5,0,1,7.754519,70,0.54834,21,0.02003799,40,1.0,1.0,1.0
72,101,0,1,13.191776,55,0.532227,31,0.01968466,42,1.0,1.0,1.0
73,59,3,1,117.706183,1,0.777832,1,0.03278689,1,1.0,1.0,1.0
73,57,3,1,60.773722,3,0.68457,2,0.03200205,2,1.0,0.5,0.5
73,7,0,1,62.086039,2,0.663086,4,0.03175403,3,1.0,1.0,0.5
73,58,2,1,31.1616,12,0.677734,3,0.0297619,4,1.0,1.0,0.2
73,19,0,1,45.159856,7,0.633789,8,0.02963126,5,1.0,1.0,0.5
73,93,0,1,52.189015,5,0.616211,11,0.02946912,6,1.0,0.5,0.5
73,96,0,1,32.494392,11,0.651855,5,0.02946912,7,0.3125,0.5,0.5
73,94,0,1,56.150319,4,0.581055,21,0.02797068,8,0.875,1.0,0.2
73,99,0,1,46.316845,6,0.581543,20,0.02765152,9,1.0,1.0,0.5
73,3,0,1,18.08196,23,0.650391,6,0.02719971,10,1.0,1.0,0.5
73,100,0,1,44.407223,8,0.577637,22,0.026901,11,0.6875,0.5,0.2
73,95,0,1,39.55337,9,0.577148,23,0.02654095,12,0.75,1.0,1.0
73,31,0,1,16.969219,26,0.628418,9,0.02612066,13,0.875,1.0,0.5
73,63,0,1,13.763415,34,0.59668,15,0.02397163,17,1.0,1.0,0.5
73,6,0,1,10.73278,44,0.626953,10,0.0239011,18,1.0,1.0,0.5
73,60,1,1,8.516821,53,0.644531,7,0.02377493,19,0.6875,0.5,0.5
73,98,0,1,35.964144,10,0.543945,48,0.02354497,21,1.0,1.0,0.6
73,97,0,1,29.56259,15,0.555176,39,0.02343434,22,0.875,0.5,0.5
73,69,1,1,5.273623,62,0.614258,12,0.02208561,25,1.0,0.5,0.5
73,40,0,1,18.441769,22,0.542969,49,0.02136943,32,0.8125,0.5,0.2
73,28,0,1,16.633564,27,0.549316,44,0.02110964,34,0.5,0.5,0.2
73,8,0,1,15.534431,31,0.553223,41,0.02089,36,0.5625,0.5,0.6
73,2,0,1,10.511888,46,0.56543,32,0.02030353,40,1.0,1.0,0.6
73,30,0,1,12.3646,38,0.547852,45,0.01972789,44,1.0,1.0,0.5
73,68,0,1,11.871334,40,0.53418,57,0.01854701,49,0.5,0.5,0.6
74,60,3,1,110.239492,1,0.724121,1,0.03278689,1,0.9,1.0,0.5
74,70,1,1,27.902781,8,0.613281,2,0.03083491,2,0.2,0.5,0.2
74,32,0,1,26.732136,9,0.606934,5,0.02987737,3,1.0,1.0,0.6
74,31,0,1,25.782935,10,0.571777,13,0.02798434,4,0.6,0.5,0.5
74,50,1,1,15.141938,26,0.611816,3,0.02750092,5,0.4,0.5,0.6
74,3,0,1,16.813668,24,0.598145,6,0.02705628,6,0.0,0.5,0.5
74,14,1,1,37.110649,3,0.537598,32,0.02674258,7,0.4,0.5,0.6
74,28,0,1,17.885272,22,0.586914,9,0.02668788,8,1.0,1.0,0.2
74,96,0,1,12.26476,32,0.608887,4,0.02649457,9,1.0,1.0,0.5
74,57,1,1,47.572313,2,0.52832,38,0.02633311,10,0.0,0.0,0.5
74,29,0,1,17.625135,23,0.577148,11,0.0261327,11,0.0,0.0,1.0
74,20,0,1,36.258456,4,0.529785,36,0.02604167,12,1.0,1.0,0.6
74,102,0,1,21.93958,12,0.547852,25,0.02565359,13,0.0,0.5,0.5
74,104,0,1,34.225435,7,0.529297,37,0.02523465,14,0.8,1.0,0.6
74,26,0,1,18.119098,21,0.557617,18,0.02516619,15,0.0,0.5,0.6
74,12,0,1,19.778618,16,0.54834,24,0.02506266,16,0.5,1.0,0.5
74,64,1,1,8.581565,39,0.596191,7,0.02502638,17,1.0,1.0,0.2
74,6,0,1,7.95084,44,0.588379,8,0.02432127,19,0.2,0.5,0.5
74,13,1,1,34.857015,5,0.505859,57,0.02393162,20,0.0,0.0,0.5
74,40,0,1,34.560057,6,0.509277,55,0.02384717,21,0.7,1.0,0.2
74,15,1,1,7.10708,48,0.585938,10,0.02354497,22,0.1,0.5,0.5
74,4,0,1,9.917967,35,0.560059,17,0.02351333,23,0.6,1.0,0.2
74,51,0,1,8.369947,42,0.5625,16,0.02296182,27,0.7,0.5,0.5
74,18,0,1,6.284007,58,0.57666,12,0.02236347,29,0.0,0.5,0.5
74,1,0,1,6.880119,51,0.555664,19,0.02166724,32,0.0,0.0,0.5
74,19,0,1,8.502926,40,0.547363,26,0.02162791,33,0.2,0.5,0.5
74,23,0,1,19.350533,19,0.48584,72,0.02023399,38,0.4,0.5,1.0
75,58,3,1,81.321479,1,0.787598,1,0.03278689,1,1.0,1.0,0.2
75,57,2,1,38.13234,5,0.648438,4,0.03100962,2,0.75,0.5,0.5
75,14,0,1,26.803808,9,0.670898,2,0.03062179,3,1.0,1.0,0.6
75,59,2,1,33.065325,6,0.642578,5,0.03053613,4,1.0,1.0,1.0
75,29,0,1,42.54403,3,0.62793,9,0.03036577,5,1.0,0.5,1.0
75,93,0,1,30.25449,7,0.619629,11,0.02900988,6,1.0,0.5,0.5
75,51,0,1,19.141858,14,0.641602,6,0.02866503,7,1.0,1.0,0.5
75,30,0,1,42.993443,2,0.60498,20,0.02862903,8,1.0,1.0,0.5
75,60,2,1,16.599782,21,0.665527,3,0.02821869,9,0.9375,0.5,0.5
75,95,0,1,42.162841,4,0.600586,22,0.02782012,10,1.0,1.0,1.0
75,96,0,1,29.699368,8,0.610352,19,0.02736411,11,0.5625,0.5,0.5
75,4,0,1,14.892417,25,0.623047,10,0.02605042,12,1.0,0.5,0.2
75,15,0,1,13.55059,27,0.616699,13,0.02519288,15,1.0,1.0,0.5
75,16,0,1,24.064389,10,0.576172,35,0.02481203,17,0.6875,0.5,0.2
75,5,0,1,9.316585,42,0.629883,7,0.02472929,19,1.0,0.5,1.0
75,52,0,1,13.150935,29,0.613281,17,0.02422297,21,0.625,0.5,0.2
75,1,0,1,9.986323,36,0.61377,15,0.02375,22,0.875,0.5,0.5
75,2,0,1,10.093037,35,0.598633,23,0.02257451,23,1.0,1.0,0.6
75,50,0,1,1.387659,95,0.628418,8,0.0211575,31,1.0,1.0,0.6
75,9,0,1,9.40509,40,0.560547,46,0.01943396,44,0.75,0.5,0.5
75,86,0,1,16.438407,22,0.507812,86,0.01904444,49,0.6875,1.0,0.6
76,61,3,1,151.952973,1,0.688965,1,0.03278689,1,1.0,1.0,0.5
76,62,2,1,74.776101,2,0.590332,3,0.03200205,2,1.0,0.5,0.6
76,64,2,1,45.361364,4,0.653809,2,0.03175403,3,0.1875,0.0,0.2
76,63,1,1,69.601697,3,0.563965,7,0.03079839,4,0.8125,0.5,0.5
76,78,0,1,29.29798,8,0.587402,4,0.03033088,5,0.375,0.5,0.5
76,90,1,1,32.412098,7,0.564941,5,0.03030999,6,0.8125,0.5,0.5
76,37,0,1,26.798239,9,0.514648,12,0.02838164,7,1.0,1.0,0.5
76,39,1,1,24.885461,11,0.526367,10,0.02837022,8,1.0,0.5,0.5
76,55,0,1,15.087159,19,0.554688,8,0.02736411,9,0.5625,0.5,0.5
76,15,0,1,19.768572,14,0.507324,19,0.02617174,10,0.8125,0.5,0.5
76,103,0,1,33.58437,5,0.487305,36,0.02580128,11,1.0,0.5,0.5
76,35,0,1,5.332447,32,0.509277,16,0.02402746,12,1.0,0.5,1.0
76,29,0,1,2.592538,50,0.526855,9,0.02358366,13,1.0,1.0,1.0
76,5,0,1,8.896257,26,0.492432,32,0.02249747,16,1.0,1.0,1.0
76,43,0,1,25.023233,10,0.456787,67,0.02215973,18,1.0,0.5,0.5
76,12,0,1,2.372523,56,0.51123,14,0.0221342,20,0.5625,0.0,0.5
76,101,0,1,32.667823,6,0.427002,91,0.02177403,22,1.0,1.0,1.0
76,50,0,1,0.0,95,0.563965,6,0.02160313,25,0.625,0.5,0.6
76,14,0,1,3.090548,45,0.499512,24,0.02142857,27,0.625,0.5,0.6
76,2,0,1,0.823339,89,0.507812,17,0.01969842,42,0.9375,0.5,0.6
77,63,3,1,106.817261,1,0.713379,1,0.03278689,1,1.0,1.0,0.5
77,62,2,1,48.248599,3,0.614746,4,0.03149802,2,1.0,1.0,0.6
77,61,2,1,49.029369,2,0.608398,6,0.03128055,3,0.875,0.5,0.5
77,26,0,1,25.827554,5,0.600586,8,0.0300905,4,1.0,1.0,0.6
77,4,0,1,16.744788,13,0.624512,2,0.02982766,5,1.0,0.5,0.2
77,50,0,1,14.279899,19,0.617676,3,0.02853124,6,1.0,1.0,0.6
77,71,0,1,20.488745,8,0.572266,19,0.02736411,7,1.0,1.0,1.0
77,12,0,1,15.880719,14,0.583008,13,0.02721214,8,1.0,0.5,0.5
77,3,0,1,13.925213,21,0.586914,10,0.02663139,9,1.0,1.0,0.5
77,57,1,1,26.276125,4,0.561523,33,0.02637769,10,0.75,0.5,0.5
77,94,0,1,11.349882,26,0.586426,11,0.02571241,11,1.0,1.0,0.2
77,19,0,1,15.180979,18,0.571289,20,0.02532051,13,1.0,1.0,0.5
77,46,0,1,9.936913,33,0.594727,9,0.02524544,14,1.0,1.0,0.2
77,15,0,1,24.82897,7,0.554688,41,0.02482636,16,1.0,1.0,0.5
77,88,0,1,17.298179,12,0.563477,32,0.02475845,17,0.25,0.5,0.2
77,66,0,1,17.688666,11,0.552734,44,0.02369989,19,1.0,1.0,0.5
77,58,1,1,5.107173,55,0.601562,7,0.02362103,20,1.0,1.0,0.2
77,6,0,1,10.705544,29,0.570312,22,0.02343108,21,1.0,1.0,0.5
77,80,0,1,15.731358,15,0.555176,40,0.02333333,22,0.5,0.5,0.6
77,1,0,1,7.334731,39,0.57959,16,0.0232589,23,0.875,0.5,0.5
77,36,0,1,20.232629,9,0.540039,55,0.02318841,25,1.0,0.5,0.5
77,29,0,1,6.930916,43,0.583008,15,0.02304207,26,1.0,0.5,1.0
77,64,1,1,2.298987,80,0.61084,5,0.02252747,28,0.8125,0.5,0.2
77,25,0,1,11.07733,28,0.564453,30,0.02247475,29,1.0,0.5,0.5
77,20,0,1,18.459697,10,0.529785,66,0.02222222,31,0.875,0.5,0.6
77,43,0,1,25.086533,6,0.455078,101,0.0213627,33,1.0,1.0,0.5
77,34,0,1,11.331622,27,0.535156,60,0.01982759,37,0.875,1.0,0.2
77,30,0,1,3.252005,70,0.568848,24,0.01959707,41,1.0,1.0,0.5
77,35,0,1,9.41757,35,0.541992,52,0.01945489,42,1.0,1.0,1.0
77,47,0,1,3.370487,65,0.564941,29,0.01923596,46,1.0,1.0,1.0
77,91,0,1,2.514791,79,0.568359,25,0.01895895,47,1.0,1.0,0.5
78,62,3,1,167.967524,1,0.741211,1,0.03278689,1,1.0,1.0,0.6
78,61,2,1,57.867136,2,0.586914,3,0.03200205,2,0.75,0.5,0.5
78,64,1,1,28.147447,5,0.598145,2,0.03151365,3,0.9375,0.5,0.2
78,63,2,1,47.954626,3,0.581543,4,0.03149802,4,1.0,1.0,0.5
78,17,0,1,43.431966,4,0.569336,7,0.03055037,5,1.0,0.5,1.0
78,50,0,1,23.626308,6,0.544434,15,0.02848485,6,1.0,1.0,0.6
78,30,0,1,11.496868,22,0.57959,5,0.02757974,7,1.0,1.0,0.5
78,53,0,1,15.888001,15,0.546875,12,0.02722222,8,1.0,0.5,1.0
78,6,0,1,20.968862,7,0.531738,24,0.02683014,9,1.0,1.0,0.5
78,2,0,1,18.767538,10,0.532227,23,0.02633391,10,1.0,1.0,0.6
78,56,0,1,12.078717,21,0.54541,14,0.02585919,11,0.8125,0.5,0.6
78,46,0,1,17.280593,13,0.518066,30,0.02480974,12,1.0,1.0,0.2
78,40,0,1,8.152992,37,0.558105,9,0.02480203,13,1.0,0.5,0.2
78,54,0,1,6.026827,49,0.578125,6,0.02432583,14,1.0,1.0,0.5
78,58,1,1,6.596685,46,0.551758,11,0.02351847,16,1.0,1.0,0.2
78,88,0,1,16.604377,14,0.501953,47,0.02285931,19,0.375,0.5,0.2
78,29,0,1,3.577295,65,0.560547,8,0.02270588,22,1.0,0.5,1.0
78,79,0,1,2.64742,75,0.555176,10,0.02169312,27,1.0,1.0,0.5
78,94,0,1,18.498861,11,0.471191,72,0.02166026,29,1.0,1.0,0.2
78,42,0,1,20.306082,8,0.433594,95,0.0211575,33,0.625,1.0,0.5
78,95,0,1,19.944154,9,0.424561,99,0.02078206,36,1.0,1.0,1.0
78,82,0,1,10.838952,24,0.492676,59,0.02030812,39,1.0,1.0,0.2
78,77,0,1,5.967368,50,0.507324,37,0.01940019,50,1.0,0.5,1.0
79,64,3,1,88.468879,1,0.82373,1,0.03278689,1,1.0,1.0,0.2
79,62,1,1,62.525442,2,0.671875,3,0.03200205,2,0.0,0.5,0.6
79,61,1,1,49.879174,4,0.708008,2,0.03175403,3,0.0,0.0,0.5
79,96,0,1,52.110636,3,0.603516,8,0.0305789,4,1.0,1.0,0.5
79,63,1,1,19.960914,11,0.598633,9,0.02857726,5,0.1,0.5,0.5
79,52,0,1,20.393638,10,0.583008,11,0.02837022,6,1.0,1.0,0.2
79,32,0,1,9.841256,22,0.635742,5,0.02757974,7,1.0,1.0,0.6
79,15,0,1,22.782298,9,0.554199,20,0.02699275,8,0.1,0.5,0.5
79,94,0,1,38.362511,6,0.543457,28,0.02651515,9,0.6,0.5,0.2
79,91,0,1,29.51144,8,0.543945,26,0.02633379,10,0.3,0.5,0.5
79,60,0,1,5.986516,41,0.607422,6,0.02505251,12,0.9,1.0,0.5
79,50,0,1,4.251729,49,0.646484,4,0.02479931,13,0.4,0.5,0.6
79,26,0,1,8.709348,24,0.553223,22,0.02409988,15,0.0,0.5,0.6
79,3,0,1,5.77923,42,0.587402,10,0.02408964,16,0.0,0.5,0.5
79,74,0,1,5.43882,45,0.565918,15,0.02285714,21,0.9,0.5,0.6
79,95,0,1,45.096684,5,0.494141,78,0.02263099,24,0.8,0.5,1.0
79,93,0,1,34.189176,7,0.499268,74,0.02238806,26,0.0,0.0,0.5
79,29,0,1,1.188632,89,0.605469,7,0.02163678,33,0.0,0.0,1.0
79,18,0,1,7.127465,31,0.53418,37,0.02129829,34,0.0,0.5,0.5
79,30,0,1,2.456894,69,0.565918,14,0.02126545,35,0.4,0.5,0.5
79,27,0,1,12.785064,16,0.48999,79,0.02035214,39,0.3,0.5,0.5
79,24,0,1,6.991335,32,0.520996,49,0.02004388,40,1.0,1.0,0.5
79,103,0,1,14.005627,14,0.403809,103,0.01964848,45,0.0,0.5,0.5
80,62,2,1,106.918429,1,0.641113,1,0.03278689,1,1.0,1.0,0.6
80,61,3,1,51.309188,3,0.633301,2,0.03200205,2,1.0,0.5,0.5
80,63,2,1,65.380081,2,0.603516,6,0.03128055,3,1.0,1.0,0.5
80,64,1,1,31.499914,9,0.626465,3,0.03036577,4,0.6875,0.5,0.2
80,40,0,1,50.322441,4,0.588379,8,0.03033088,5,0.9375,0.5,0.2
80,20,0,1,32.149378,7,0.607422,5,0.03030999,6,0.75,0.5,0.6
80,58,1,1,39.995167,5,0.575684,12,0.0292735,7,1.0,1.0,0.2
80,86,0,1,31.861812,8,0.574219,13,0.02840451,8,0.5625,1.0,0.6
80,88,0,1,26.950629,10,0.570312,15,0.02761905,9,0.125,0.5,0.2
80,29,0,1,20.769225,19,0.603027,7,0.0275836,10,1.0,0.5,1.0
80,30,0,1,17.520335,26,0.60791,4,0.02725291,11,1.0,1.0,0.5
80,31,0,1,20.466988,20,0.587891,9,0.02699275,12,1.0,1.0,0.5
80,68,0,1,34.694201,6,0.517578,52,0.02408009,20,0.625,0.5,0.6
80,32,0,1,11.931322,45,0.585938,10,0.02380952,21,0.5,0.5,0.6
80,2,0,1,10.977384,47,0.567871,16,0.02250369,25,1.0,1.0,0.6
80,92,0,1,16.601797,29,0.518555,51,0.02024496,36,0.625,0.5,0.6
80,6,0,1,2.701463,82,0.56543,17,0.02002927,37,1.0,1.0,0.5
80,3,0,1,7.590104,60,0.539062,32,0.0192029,42,1.0,1.0,0.5
80,66,0,1,16.14875,34,0.50293,62,0.01883502,45,1.0,1.0,0.5
80,71,0,1,17.904523,25,0.470459,89,0.01847612,48,1.0,1.0,1.0
80,72,0,1,13.926291,39,0.501465,63,0.01823109,49,0.625,0.5,0.5
80,51,0,1,16.596712,30,0.47876,82,0.01815336,50,0.9375,1.0,0.5
81,66,3,1,84.517754,2,0.678223,1,0.03252247,1,1.0,0.5,0.5
81,65,3,1,90.402335,1,0.612793,5,0.03177806,2,1.0,1.0,1.0
81,94,0,1,39.081542,6,0.674805,2,0.03128055,3,0.875,0.5,0.2
81,7,0,1,47.067998,4,0.606934,7,0.03055037,4,1.0,0.5,0.5
81,67,2,1,28.48278,13,0.623535,3,0.02957165,5,1.0,0.5,0.5
81,63,0,1,53.842208,3,0.58252,15,0.02920635,6,1.0,0.5,0.5
81,31,0,1,23.694361,16,0.622559,4,0.02878289,7,0.875,0.5,0.5
81,68,1,1,28.5324,12,0.594238,9,0.02838164,8,0.5,0.0,0.6
81,59,0,1,44.340398,5,0.562988,29,0.02662057,9,1.0,0.5,1.0
81,74,0,1,38.056997,8,0.564941,25,0.02647059,10,0.6875,0.5,0.6
81,10,0,1,35.189348,9,0.559082,32,0.02536232,11,1.0,0.5,0.2
81,50,0,1,7.160773,43,0.594238,8,0.02441462,14,1.0,0.5,0.6
81,57,0,1,34.326752,10,0.54248,41,0.0241867,17,1.0,1.0,0.5
81,95,0,1,11.283715,31,0.582031,16,0.02414691,18,0.75,0.5,1.0
81,5,0,1,11.683455,28,0.577148,19,0.02402186,19,1.0,1.0,1.0
81,73,0,1,38.712139,7,0.530762,50,0.02401628,20,1.0,1.0,0.5
81,2,0,1,25.23099,15,0.552246,35,0.02385965,22,1.0,0.5,0.6
81,6,0,1,6.410646,46,0.589844,10,0.02371968,23,1.0,0.5,0.5
81,1,0,1,20.078314,23,0.561035,31,0.0230372,25,1.0,1.0,0.5
81,29,0,1,1.494521,88,0.61084,6,0.02190827,27,1.0,1.0,1.0
81,64,0,1,3.571471,77,0.584473,14,0.02081278,34,0.5625,0.0,0.2
81,90,0,1,6.177875,49,0.537598,42,0.01897823,44,1.0,0.5,0.5
81,96,0,1,0.965391,94,0.570801,22,0.01868863,50,0.3125,0.0,0.5
82,66,3,1,48.231387,3,0.73584,1,0.03226646,1,1.0,1.0,0.5
82,65,3,1,43.134257,5,0.657715,2,0.03151365,2,0.7143,0.5,1.0
82,68,2,1,44.595162,4,0.611328,5,0.03100962,3,1.0,0.5,0.6
82,94,0,1,27.672086,11,0.63916,3,0.02995752,4,1.0,1.0,0.2
82,63,0,1,48.917975,2,0.5625,13,0.02982766,5,1.0,1.0,0.5
82,67,2,1,22.112163,15,0.616699,4,0.02895833,6,1.0,1.0,0.5
82,95,0,1,39.878798,6,0.562012,14,0.02866503,7,1.0,1.0,1.0
82,7,0,1,17.090911,25,0.578613,7,0.02669008,8,0.9286,1.0,0.5
82,60,0,1,29.733764,9,0.543945,26,0.02612066,9,1.0,0.5,0.5
82,86,0,1,49.367915,1,0.500488,66,0.02432995,11,0.9286,1.0,0.6
82,89,0,1,9.820129,41,0.571777,10,0.0241867,13,0.5714,0.5,1.0
82,8,0,1,36.819265,7,0.515137,52,0.02385394,14,1.0,0.5,0.6
82,93,0,1,8.7211,47,0.572266,9,0.02383855,15,1.0,0.5,0.5
82,59,0,1,20.550914,19,0.533691,33,0.02341092,16,1.0,1.0,1.0
82,50,0,1,24.969697,13,0.521484,44,0.02331401,18,1.0,1.0,0.6
82,92,0,1,6.822074,57,0.577637,8,0.02325289,21,1.0,0.5,0.6
82,70,1,1,27.790383,10,0.501953,64,0.02235023,23,1.0,1.0,0.2
82,47,0,1,2.167371,95,0.590332,6,0.02160313,27,1.0,1.0,1.0
82,2,0,1,10.273235,38,0.539062,29,0.02144004,29,1.0,1.0,0.6
82,102,0,1,30.419089,8,0.471191,91,0.0213284,32,0.7143,1.0,0.5
82,97,0,1,8.404765,50,0.549805,22,0.02128603,33,0.1429,0.5,0.5
82,6,0,1,6.054863,65,0.555176,17,0.02098701,35,1.0,1.0,0.5
82,29,0,1,6.548875,60,0.549805,21,0.02067901,36,0.9286,0.5,1.0
82,5,0,1,8.012468,53,0.540039,28,0.02021319,42,0.5714,0.5,1.0
82,49,0,1,13.003869,32,0.515625,50,0.01996047,43,1.0,0.5,0.5
82,30,0,1,10.289977,37,0.516113,47,0.01965507,46,1.0,1.0,0.5
82,53,0,1,20.191019,20,0.485596,80,0.01964286,47,0.9286,0.5,1.0
83,67,3,1,137.475105,1,0.739258,1,0.03278689,1,1.0,1.0,0.5
83,94,1,1,51.99161,2,0.643555,2,0.03225806,2,1.0,1.0,0.2
83,66,2,1,31.482964,5,0.611328,4,0.03100962,3,1.0,1.0,0.5
83,15,0,1,44.985484,3,0.590332,12,0.0297619,4,1.0,1.0,0.5
83,31,0,1,22.668934,13,0.609863,5,0.02908325,5,1.0,1.0,0.5
83,97,0,1,29.52688,8,0.592773,10,0.0289916,6,0.5,0.5,0.5
83,49,0,1,27.728844,9,0.580566,17,0.02747977,7,1.0,0.5,0.5
83,7,0,1,17.261493,19,0.597168,8,0.02736411,8,1.0,1.0,0.5
83,4,0,1,8.715597,35,0.611328,3,0.02639933,9,1.0,0.5,0.2
83,19,0,1,12.308375,29,0.607422,6,0.02638747,10,1.0,1.0,0.5
83,2,0,1,17.735769,18,0.583496,15,0.02615385,11,1.0,1.0,0.6
83,93,1,1,30.969528,7,0.554199,30,0.02603648,12,1.0,0.5,0.5
83,68,2,1,31.198279,6,0.546875,38,0.0253556,14,0.875,0.5,0.6
83,87,0,1,32.679135,4,0.539062,48,0.02488426,17,0.6875,1.0,0.5
83,5,0,1,5.334148,54,0.602051,7,0.0236973,21,0.875,0.5,1.0
83,26,0,1,27.487764,10,0.520508,61,0.02255018,26,1.0,1.0,0.6
83,10,0,1,3.212744,66,0.597168,9,0.02242926,28,0.9375,1.0,0.2
83,14,0,1,1.770368,75,0.585449,13,0.02110604,35,1.0,1.0,0.6
83,50,0,1,5.140427,55,0.571289,21,0.02104133,36,1.0,1.0,0.6
84,68,3,1,106.371065,1,0.796875,1,0.03278689,1,1.0,1.0,0.6
84,63,0,1,43.754233,3,0.58252,9,0.03036577,2,0.0,0.5,0.5
84,31,0,1,34.985633,8,0.604492,4,0.03033088,3,0.3333,0.5,0.5
84,44,0,1,37.55185,5,0.585449,8,0.0300905,4,0.0,1.0,0.6
84,66,1,1,52.711276,2,0.580078,12,0.03001792,5,0.0,0.5,0.5
84,95,0,1,33.054673,9,0.587891,7,0.02941813,6,0.5556,0.5,1.0
84,19,0,1,39.566911,4,0.575195,14,0.02913851,7,0.0,0.5,0.5
84,85,0,1,22.254544,17,0.620117,2,0.02911605,8,0.4444,0.0,0.5
84,70,1,1,17.152167,27,0.601562,5,0.02687887,9,0.0,0.5,0.2
84,52,0,1,23.357504,13,0.568848,17,0.02668564,10,1.0,1.0,0.2
84,94,0,1,24.465336,12,0.566895,20,0.02638889,11,0.3333,0.5,0.2
84,4,0,1,22.643769,16,0.564941,21,0.02550357,12,0.3333,1.0,0.2
84,40,0,1,16.946039,28,0.580566,11,0.02544814,13,0.4444,1.0,0.2
84,90,0,1,37.532515,6,0.539062,42,0.02495544,14,0.0,0.5,0.5
84,72,1,1,10.987807,44,0.598633,6,0.0247669,17,1.0,1.0,0.5
84,32,0,1,27.997555,11,0.542969,36,0.02450117,18,1.0,1.0,0.6
84,89,0,1,32.414441,10,0.533691,49,0.02346003,21,0.0,0.0,1.0
84,46,0,1,1.469434,87,0.606934,3,0.02267574,25,0.0,0.5,0.2
84,61,0,1,35.588076,7,0.493652,76,0.02227831,28,0.0,0.0,0.5
84,102,0,1,5.995561,52,0.555664,27,0.02042282,35,0.0,0.5,0.5
84,96,0,1,0.0,103,0.582031,10,0.02042068,36,1.0,1.0,0.5
84,104,0,1,5.360515,54,0.556152,26,0.02039984,38,0.5556,1.0,0.6
84,64,0,1,9.703149,47,0.540527,37,0.01965507,42,0.8889,1.0,0.2
84,1,0,1,1.942734,83,0.553223,28,0.01835664,49,0.0,0.0,0.5
85,66,2,1,48.350814,2,0.691895,1,0.03252247,1,1.0,1.0,0.5
85,68,1,1,52.871102,1,0.636719,3,0.03226646,2,0.75,0.5,0.6
85,65,3,1,20.078149,5,0.633789,4,0.03100962,3,1.0,0.5,1.0
85,94,0,1,10.30319,14,0.647949,2,0.02964255,4,1.0,1.0,0.2
85,67,2,1,14.267726,9,0.581055,9,0.02898551,5,1.0,1.0,0.5
85,50,0,1,26.82373,3,0.558594,27,0.02736727,6,1.0,1.0,0.6
85,63,0,1,10.05175,15,0.574219,12,0.02722222,7,1.0,1.0,0.5
85,71,1,1,8.428897,26,0.602051,5,0.02701252,8,1.0,1.0,1.0
85,72,1,1,16.239995,8,0.559082,25,0.02647059,9,0.75,0.5,0.5
85,82,0,1,9.539979,18,0.570312,15,0.02615385,11,1.0,1.0,0.2
85,59,0,1,8.630402,25,0.575195,11,0.02584921,12,1.0,1.0,1.0
85,29,0,1,12.942844,10,0.553711,30,0.02539683,13,1.0,0.5,1.0
85,70,1,1,6.265312,40,0.577637,10,0.02428571,15,1.0,1.0,0.2
85,91,0,1,18.005255,7,0.526855,50,0.02401628,16,1.0,1.0,0.5
85,86,0,1,18.007353,6,0.509277,62,0.02334824,18,0.6875,1.0,0.6
85,64,0,1,4.72139,56,0.590332,8,0.02332657,19,0.8125,0.5,0.2
85,32,0,1,7.952703,30,0.561035,22,0.02330623,20,0.625,0.5,0.6
85,7,0,1,3.747324,74,0.591309,7,0.02238806,24,1.0,1.0,0.5
85,95,0,1,12.012681,11,0.512695,61,0.02234897,25,1.0,1.0,1.0
85,77,0,1,22.477517,4,0.473633,89,0.02233641,26,1.0,0.5,1.0
85,3,0,1,6.251088,41,0.560059,23,0.02194918,28,1.0,1.0,0.5
85,30,0,1,8.784363,23,0.533691,41,0.02194918,29,1.0,1.0,0.5
85,96,0,1,2.115497,89,0.597656,6,0.02186292,30,0.5625,0.5,0.5
85,6,0,1,3.895055,73,0.567383,17,0.02050581,34,1.0,1.0,0.5
85,99,0,1,6.097397,44,0.547852,34,0.02025368,38,1.0,1.0,0.5
85,93,0,1,3.645541,76,0.560059,24,0.0192577,46,1.0,0.5,0.5
85,2,0,1,3.953623,72,0.552734,31,0.01856477,49,1.0,1.0,0.6
86,69,3,1,137.051896,1,0.744141,1,0.03278689,1,1.0,1.0,0.5
86,36,0,1,52.840557,5,0.619629,4,0.03100962,2,1.0,0.0,0.5
86,71,2,1,82.882129,2,0.610352,9,0.03062179,3,1.0,0.5,1.0
86,58,1,1,71.734448,3,0.61084,8,0.0305789,4,1.0,0.5,0.2
86,72,1,1,41.619837,8,0.622559,3,0.0305789,5,0.5,0.0,0.5
86,33,0,1,35.915976,13,0.615723,7,0.028624,6,0.5,1.0,0.5
86,17,0,1,40.484312,9,0.603516,12,0.02838164,7,1.0,1.0,1.0
86,20,0,1,38.795162,10,0.60791,11,0.02837022,8,0.625,0.0,0.6
86,37,0,1,43.518877,7,0.595703,16,0.02808327,9,0.75,1.0,0.5
86,18,0,1,51.146447,6,0.58252,25,0.02691622,10,1.0,0.5,0.5
86,70,2,1,19.261236,30,0.619141,5,0.02649573,11,1.0,0.5,0.2
86,46,0,1,17.171504,33,0.608887,10,0.0250384,14,1.0,0.5,0.2
86,38,0,1,61.260835,4,0.547852,49,0.02479931,17,1.0,0.5,0.6
86,47,0,1,22.52522,25,0.587402,22,0.02395983,19,1.0,0.5,1.0
86,32,0,1,18.175868,32,0.592773,17,0.02385658,20,0.375,0.0,0.6
86,30,0,1,9.323755,60,0.616699,6,0.02348485,21,1.0,0.5,0.5
86,6,0,1,4.785923,77,0.624512,2,0.0234283,22,1.0,0.5,0.5
86,54,0,1,13.254362,40,0.578125,28,0.02136364,28,1.0,0.5,0.5
86,8,0,1,2.784933,86,0.600098,14,0.02036283,33,0.5625,0.0,0.6
86,35,0,1,5.517508,75,0.59082,18,0.02022792,35,1.0,0.5,1.0
86,26,0,1,7.445471,68,0.587402,21,0.02015818,37,1.0,0.5,0.6
86,29,0,1,1.494521,97,0.603027,13,0.02006806,38,1.0,1.0,1.0
86,73,0,1,32.000134,17,0.460938,97,0.01935644,42,1.0,1.0,0.5
86,23,0,1,11.009703,54,0.563965,35,0.01929825,44,1.0,0.5,1.0
87,70,3,1,99.052784,1,0.716309,1,0.03278689,1,1.0,1.0,0.2
87,72,1,1,71.291807,2,0.697754,2,0.03225806,2,0.875,0.5,0.5
87,71,2,1,45.670661,4,0.587891,9,0.03011775,3,1.0,1.0,1.0
87,15,0,1,60.740434,3,0.579102,11,0.02995752,4,1.0,1.0,0.5
87,68,1,1,44.532525,6,0.584961,10,0.02943723,5,0.875,0.5,0.6
87,31,0,1,10.82426,20,0.612793,3,0.02837302,6,1.0,1.0,0.5
87,7,0,1,17.053302,15,0.589844,7,0.02825871,7,1.0,1.0,0.5
87,69,2,1,44.534073,5,0.563965,20,0.02788462,8,1.0,0.5,0.5
87,6,0,1,13.70488,16,0.588379,8,0.02786378,9,1.0,1.0,0.5
87,35,0,1,23.547765,8,0.570312,16,0.02786378,10,0.9375,1.0,1.0
87,28,0,1,19.78877,11,0.576172,13,0.02778314,11,0.875,0.5,0.2
87,96,0,1,5.657937,32,0.59375,4,0.02649457,12,0.6875,0.5,0.5
87,51,0,1,5.225901,37,0.592773,5,0.02569389,14,1.0,1.0,0.5
87,66,1,1,23.307473,9,0.537598,31,0.02548176,15,1.0,1.0,0.5
87,50,0,1,6.519263,30,0.569824,17,0.02409812,17,1.0,1.0,0.6
87,65,0,1,19.041032,12,0.52002,38,0.02409297,18,1.0,0.5,1.0
87,67,1,1,25.588309,7,0.489502,67,0.02279939,23,1.0,1.0,0.5
87,60,1,1,2.072421,72,0.592773,6,0.02272727,24,1.0,0.5,0.5
87,94,0,1,3.601061,48,0.560547,22,0.02145438,34,1.0,1.0,0.2
87,11,0,1,20.927089,10,0.447266,88,0.02104247,35,1.0,1.0,1.0
87,64,0,1,2.064017,73,0.568359,18,0.02033931,38,0.9375,0.5,0.2
87,20,0,1,7.035863,26,0.496826,61,0.01989237,40,1.0,0.5,0.6
87,46,0,1,3.134247,51,0.530273,32,0.01987857,41,1.0,1.0,0.2
87,90,0,1,5.018248,38,0.508789,51,0.01921309,47,1.0,1.0,0.5
87,99,0,1,2.544564,63,0.522461,35,0.0186564,49,1.0,1.0,0.5
88,71,3,1,160.459136,1,0.769531,1,0.03278689,1,1.0,1.0,1.0
88,3,0,1,54.970546,3,0.658203,2,0.03200205,2,0.875,1.0,0.5
88,69,2,1,64.577812,2,0.634766,3,0.03200205,3,0.875,0.5,0.5
88,4,0,1,47.757017,7,0.633301,4,0.03055037,4,1.0,0.5,0.2
88,24,0,1,48.873661,5,0.616211,6,0.03053613,5,1.0,0.5,0.5
88,99,1,1,54.456904,4,0.592285,12,0.02951389,6,1.0,1.0,0.5
88,6,0,1,36.332545,11,0.612305,8,0.02879039,7,1.0,1.0,0.5
88,36,0,1,34.380585,13,0.614258,7,0.028624,8,1.0,0.5,0.5
88,63,0,1,37.789728,9,0.589355,14,0.02800627,9,1.0,1.0,0.5
88,34,0,1,33.772198,14,0.594727,11,0.02759802,10,0.625,1.0,0.2
88,31,0,1,22.015237,22,0.597656,9,0.02668788,12,1.0,1.0,0.5
88,18,0,1,37.689754,10,0.574707,22,0.02648084,13,1.0,1.0,0.5
88,1,0,1,12.311287,34,0.628418,5,0.02602291,14,0.625,0.5,0.5
88,26,0,1,29.115627,18,0.579102,19,0.02547874,16,1.0,1.0,0.6
88,37,0,1,48.002061,6,0.523438,50,0.02424242,17,0.25,0.5,0.5
88,19,0,1,7.484233,45,0.59668,10,0.02380952,18,1.0,1.0,0.5
88,33,0,1,17.76333,30,0.575684,20,0.02361111,20,0.0,0.5,0.5
88,10,0,1,6.10086,51,0.584961,15,0.02234234,23,0.8125,1.0,0.2
88,38,0,1,40.361694,8,0.466553,86,0.0215552,26,0.8125,1.0,0.6
88,25,0,1,17.293036,31,0.548828,35,0.02151533,27,0.75,0.5,0.5
88,2,0,1,4.797503,63,0.58252,16,0.02128798,30,1.0,1.0,0.6
88,86,0,1,28.822646,19,0.517578,58,0.0211328,31,0.9375,1.0,0.6
88,60,1,1,5.968953,54,0.5625,26,0.02039984,36,1.0,0.5,0.5
88,76,0,1,17.775958,29,0.496094,71,0.01886954,48,0.6875,0.5,0.2
88,27,0,1,9.169141,41,0.520508,55,0.01859664,49,1.0,1.0,0.5
89,72,3,1,142.567884,1,0.835938,1,0.03278689,1,0.8889,1.0,0.5
89,70,1,1,42.925536,3,0.637207,2,0.03200205,2,0.0,0.5,0.2
89,86,1,1,52.822052,2,0.626953,3,0.03200205,3,1.0,0.5,0.6
89,91,0,1,32.149898,4,0.595703,5,0.03100962,4,0.0,0.5,0.5
89,15,0,1,31.184178,6,0.566895,12,0.0290404,5,0.0,0.5,0.5
89,68,1,1,18.803671,11,0.574707,8,0.02879039,6,0.8889,1.0,0.6
89,69,1,1,25.863924,8,0.570801,11,0.02879039,7,0.0,0.0,0.5
89,46,0,1,11.418147,28,0.597656,4,0.02698864,8,0.0,0.5,0.2
89,104,0,1,32.002731,5,0.532715,28,0.02674825,9,0.4444,1.0,0.6
89,40,0,1,16.570934,13,0.545898,20,0.02619863,10,0.3333,1.0,0.2
89,85,1,1,11.563908,26,0.57373,9,0.02612066,11,0.3333,0.0,0.5
89,31,0,1,14.20852,18,0.546387,19,0.02547874,12,0.2222,0.5,0.5
89,71,1,1,19.467947,10,0.529297,30,0.02539683,13,0.0,0.5,1.0
89,92,0,1,12.485612,23,0.554688,16,0.02520609,14,0.8889,1.0,0.6
89,23,0,1,27.597155,7,0.506836,44,0.02454076,15,0.0,0.5,1.0
89,50,0,1,5.107174,44,0.5625,14,0.0231289,17,0.0,0.5,0.6
89,100,0,1,20.1669,9,0.494141,56,0.02311344,18,0.5556,1.0,0.2
89,52,0,1,3.007306,55,0.571777,10,0.02298137,19,1.0,1.0,0.2
89,87,1,1,1.437266,74,0.582031,6,0.0226142,23,1.0,0.5,0.5
89,66,0,1,10.623842,30,0.535645,27,0.02260536,24,0.0,0.5,0.5
89,89,0,1,17.735864,12,0.494141,55,0.02258454,25,0.0,0.0,1.0
89,51,0,1,5.963651,39,0.540527,21,0.02244669,27,0.3333,0.5,0.5
89,49,0,1,1.475535,73,0.577148,7,0.02244417,28,0.0,0.0,0.5
89,58,1,1,6.876832,37,0.536621,25,0.02207398,31,0.0,0.5,0.2
89,60,1,1,0.0,93,0.564941,13,0.02023458,37,0.5556,1.0,0.5
90,72,1,1,34.44678,4,0.641113,1,0.03201844,1,0.75,0.5,0.5
90,70,2,1,38.089764,3,0.628906,2,0.03200205,2,1.0,1.0,0.2
90,71,3,1,56.595068,2,0.615234,3,0.03200205,3,1.0,1.0,1.0
90,15,0,1,33.753458,5,0.591797,7,0.03030999,4,1.0,1.0,0.5
90,3,0,1,10.535136,10,0.593262,6,0.02943723,5,1.0,1.0,0.5
90,1,0,1,10.007711,12,0.595703,5,0.0292735,6,0.875,0.5,0.5
90,52,0,1,20.158989,6,0.572754,11,0.02923602,7,0.625,0.5,0.2
90,99,1,1,59.174125,1,0.553223,19,0.02905167,8,1.0,1.0,0.5
90,35,0,1,9.574123,13,0.584473,8,0.02840451,9,1.0,1.0,1.0
90,69,2,1,18.392958,7,0.561523,16,0.02808327,10,1.0,0.5,0.5
90,36,0,1,9.412963,14,0.549805,23,0.02556171,11,1.0,0.5,0.5
90,57,1,1,6.255303,24,0.542969,26,0.02353267,14,0.75,0.5,0.5
90,5,0,1,11.687742,9,0.501953,53,0.02334231,16,1.0,0.5,1.0
90,26,0,1,6.204626,25,0.541992,27,0.02325896,17,1.0,1.0,0.6
90,76,0,1,15.628028,8,0.494385,60,0.02303922,18,0.4375,0.5,0.2
90,50,0,1,3.371889,55,0.577637,10,0.02298137,19,1.0,1.0,0.6
90,49,0,1,1.579669,76,0.598145,4,0.02297794,20,1.0,0.5,0.5
90,60,1,1,2.593441,61,0.583496,9,0.02275722,21,0.9375,0.5,0.5
90,51,0,1,4.081442,43,0.553711,18,0.02252925,22,1.0,1.0,0.5
90,2,0,1,2.890393,57,0.56543,14,0.02206052,24,1.0,1.0,0.6
90,12,0,1,5.14018,36,0.540527,28,0.0217803,26,1.0,0.5,0.5
90,65,0,1,10.116246,11,0.483887,72,0.02166026,28,1.0,0.5,1.0
90,87,0,1,1.209245,86,0.566406,13,0.02054795,35,0.5625,1.0,0.5
90,92,0,1,1.633613,74,0.550293,22,0.01965781,37,0.75,0.5,0.6
90,59,1,1,5.175154,35,0.498535,56,0.01914701,46,1.0,1.0,1.0
90,46,0,1,1.259459,81,0.549316,24,0.01899696,48,1.0,1.0,0.2
91,75,3,1,186.184401,1,0.756836,1,0.03278689,1,1.0,1.0,0.5
91,73,3,1,72.846361,2,0.655273,2,0.03225806,2,0.8333,0.5,0.5
91,74,3,1,59.726691,3,0.647461,3,0.03174603,3,1.0,1.0,0.6
91,77,0,1,26.556942,5,0.577148,5,0.03076923,4,0.6667,0.5,1.0
91,79,0,1,25.622434,6,0.555664,8,0.0298574,5,1.0,1.0,0.5
91,78,0,1,20.967937,10,0.57666,6,0.02943723,6,1.0,1.0,0.5
91,80,0,1,17.183181,19,0.572754,7,0.0275836,7,1.0,0.5,0.6
91,76,1,1,9.468196,34,0.581055,4,0.0262633,8,1.0,0.5,0.2
91,7,0,1,31.222721,4,0.501465,38,0.02582908,9,0.25,1.0,0.5
91,53,0,1,21.165673,9,0.506348,35,0.02501907,10,0.25,0.5,1.0
91,90,0,1,6.853715,41,0.545898,10,0.0241867,14,0.5833,1.0,0.5
91,29,0,1,6.545284,42,0.535645,11,0.02388843,15,0.25,0.5,1.0
91,100,0,1,24.136093,7,0.481934,53,0.02377493,16,1.0,0.5,0.2
91,26,0,1,22.815407,8,0.472656,62,0.0229026,18,0.4167,1.0,0.6
91,54,0,1,5.261852,50,0.528809,15,0.02242424,21,0.75,1.0,0.5
91,9,0,1,6.31703,44,0.522461,20,0.02211538,24,0.0,0.5,0.5
91,81,0,1,19.784258,13,0.476318,59,0.02210199,25,0.25,0.5,0.5
91,14,0,1,3.646534,60,0.531738,14,0.02184685,28,0.8333,1.0,0.6
91,69,0,1,20.703164,12,0.45874,72,0.02146465,31,0.0,0.5,0.5
91,12,0,1,2.644821,69,0.532715,13,0.02145057,32,0.9167,0.5,0.5
91,64,0,1,0.0,100,0.545898,9,0.02074275,38,1.0,0.5,0.2
91,43,0,1,10.486738,32,0.49292,44,0.02048495,40,0.0,1.0,0.5
92,74,3,1,90.554251,1,0.793457,1,0.03278689,1,0.9,1.0,0.6
92,73,2,1,41.356733,2,0.640137,4,0.03175403,2,0.4,0.5,0.5
92,75,2,1,38.346372,3,0.641113,3,0.03174603,3,1.0,1.0,0.5
92,76,1,1,26.154938,6,0.606934,7,0.03007689,4,1.0,0.5,0.2
92,93,0,1,30.822999,4,0.525879,21,0.02797068,5,0.0,0.5,0.5
92,62,0,1,18.795974,13,0.533691,15,0.02703196,6,0.0,1.0,0.6
92,78,0,1,9.548132,32,0.647461,2,0.0269986,7,0.8,1.0,0.5
92,77,0,1,12.589916,25,0.57666,8,0.02647059,8,0.2,0.5,1.0
92,55,0,1,15.472852,19,0.542969,13,0.02635686,9,0.5,1.0,0.5
92,80,0,1,7.496897,44,0.628906,5,0.025,12,1.0,0.5,0.6
92,35,0,1,20.64617,9,0.500488,37,0.02480203,13,0.0,1.0,1.0
92,1,0,1,12.66169,24,0.528809,19,0.02456299,15,0.0,0.5,0.5
92,14,0,1,10.966639,27,0.529785,17,0.02448127,16,0.4,1.0,0.6
92,54,0,1,30.382073,5,0.486816,53,0.02423417,18,0.3,1.0,0.5
92,40,0,1,20.530168,10,0.490479,46,0.02371968,21,0.7,0.5,0.2
92,64,0,1,4.002367,65,0.621094,6,0.02315152,22,1.0,0.5,0.2
92,39,0,1,11.361996,26,0.51709,27,0.02312216,23,0.0,1.0,0.5
92,97,0,1,22.39313,7,0.477783,64,0.02298989,24,0.0,0.5,0.5
92,90,0,1,5.018248,61,0.563965,10,0.02255018,25,0.1,1.0,0.5
92,71,0,1,21.137884,8,0.458984,81,0.02179808,28,0.0,1.0,1.0
92,83,0,1,16.812881,18,0.484863,56,0.0214412,30,0.6,1.0,1.0
92,94,0,1,1.115198,86,0.570801,9,0.02134207,31,0.6,1.0,0.2
92,68,0,1,15.408739,20,0.464111,75,0.01990741,39,1.0,0.5,0.6
92,51,0,1,6.331129,50,0.505859,34,0.01972921,40,0.7,1.0,0.5
93,73,3,1,115.351929,1,0.782227,1,0.03278689,1,1.0,1.0,0.5
93,74,2,1,62.128749,4,0.688965,2,0.03175403,2,1.0,0.5,0.6
93,75,2,1,65.041407,3,0.661133,3,0.03174603,3,1.0,0.5,0.5
93,66,0,1,75.234719,2,0.583496,9,0.03062179,4,1.0,0.5,0.5
93,95,0,1,28.469543,11,0.588379,5,0.02946912,5,1.0,0.5,1.0
93,76,1,1,18.096652,20,0.591797,4,0.028125,6,0.6429,0.0,0.2
93,58,0,1,28.522708,10,0.543945,17,0.02727273,7,0.8571,0.5,0.2
93,89,0,1,43.172426,6,0.522949,23,0.02719971,8,0.5714,1.0,1.0
93,17,0,1,26.481433,13,0.552734,15,0.02703196,9,0.7143,1.0,1.0
93,9,0,1,38.211547,7,0.520996,26,0.02655328,10,0.2857,1.0,0.5
93,92,0,1,34.728505,9,0.514648,28,0.02585639,13,1.0,0.0,0.6
93,30,0,1,11.652717,36,0.587891,6,0.02556818,15,1.0,0.5,0.5
93,65,0,1,35.54891,8,0.503906,42,0.0245098,16,0.7143,1.0,1.0
93,69,0,1,45.479144,5,0.48999,50,0.02447552,17,0.7143,1.0,0.5
93,77,0,1,7.132772,50,0.586914,7,0.02401628,18,1.0,1.0,1.0
93,29,0,1,5.886589,58,0.583984,8,0.02318046,22,0.9286,1.0,1.0
93,79,0,1,6.071607,56,0.579102,10,0.0229064,23,1.0,0.5,0.5
93,64,0,1,0.0,103,0.564941,12,0.02002386,36,1.0,0.0,0.2
93,56,0,1,4.856794,67,0.513672,30,0.01898513,46,0.9286,0.0,0.6
94,76,3,1,109.159357,1,0.684082,2,0.03252247,1,1.0,1.0,0.2
94,73,1,1,31.391412,3,0.626465,3,0.03174603,2,0.0,0.0,0.5
94,75,1,1,19.440079,13,0.591797,5,0.02908325,3,0.375,0.5,0.5
94,74,1,1,13.097194,20,0.692871,1,0.02889344,4,0.125,0.5,0.6
94,3,0,1,21.444627,9,0.54541,10,0.02877847,5,0.0,0.5,0.5
94,96,0,1,20.692901,10,0.550293,9,0.02877847,6,0.875,1.0,0.5
94,7,0,1,21.851449,8,0.535645,13,0.02840451,7,0.0,0.5,0.5
94,64,0,1,11.732516,23,0.604492,4,0.02767319,8,0.375,1.0,0.2
94,6,0,1,11.803814,22,0.55127,8,0.026901,9,0.0,0.5,0.5
94,78,0,1,9.789123,30,0.554199,7,0.02603648,10,0.0,0.5,0.5
94,65,0,1,41.504758,2,0.496338,41,0.02603002,11,0.0,0.0,1.0
94,5,0,1,19.449938,12,0.512207,23,0.02593708,12,0.0,0.0,1.0
94,12,0,1,24.315062,7,0.501953,34,0.02556367,13,0.0,1.0,0.5
94,100,0,1,29.156107,4,0.483154,58,0.02409958,15,0.125,1.0,0.2
94,82,0,1,24.347787,6,0.483887,57,0.02369852,16,0.0,0.5,0.2
94,63,0,1,17.060366,16,0.497803,39,0.0232589,17,0.0,0.5,0.5
94,80,0,1,4.426063,64,0.578125,6,0.02321603,18,1.0,1.0,0.6
94,8,0,1,27.906591,5,0.467041,73,0.02290341,21,0.375,1.0,0.6
94,34,0,1,19.621948,11,0.481689,61,0.02234897,25,0.0,0.5,0.2
94,94,0,1,2.608917,82,0.544434,11,0.02112676,33,0.0,0.5,0.2
94,77,0,1,3.463838,69,0.520508,18,0.02057245,38,0.0,0.0,1.0
94,92,0,1,4.994388,61,0.510742,26,0.01989237,41,0.5,1.0,0.6
94,29,0,1,1.188632,95,0.530273,15,0.01978495,42,0.0,0.0,1.0
94,14,0,1,3.44121,70,0.51123,24,0.01959707,43,0.0,0.5,0.6
94,18,0,1,5.744834,54,0.495117,43,0.01848067,49,0.0,0.5,0.5
95,75,3,1,114.037595,1,0.730469,1,0.03278689,1,1.0,1.0,0.5
95,76,1,1,34.575869,3,0.59082,4,0.03149802,2,1.0,0.5,0.2
95,73,2,1,28.297057,6,0.618652,3,0.03102453,3,0.9167,0.5,0.5
95,74,3,1,25.219493,8,0.631836,2,0.03083491,4,1.0,1.0,0.6
95,12,0,1,13.593488,18,0.525879,13,0.02651914,5,1.0,0.5,0.5
95,43,0,1,22.872057,9,0.506348,26,0.02612066,6,0.0,1.0,0.5
95,3,0,1,10.638022,24,0.524414,14,0.02541828,7,0.0833,1.0,0.5
95,14,0,1,20.590126,12,0.502441,28,0.02525253,8,0.9167,1.0,0.6
95,86,0,1,22.355465,10,0.49585,34,0.02492401,9,1.0,1.0,0.6
95,8,0,1,39.206416,2,0.473389,59,0.02453239,10,1.0,0.5,0.6
95,36,0,1,15.225213,16,0.499023,30,0.02426901,11,0.9167,0.5,0.5
95,63,0,1,28.390369,5,0.473633,58,0.02385919,14,0.6667,1.0,0.5
95,102,0,1,32.039604,4,0.467529,71,0.02325859,16,0.0833,1.0,0.5
95,78,0,1,3.315212,65,0.567871,6,0.02315152,17,1.0,1.0,0.5
95,90,0,1,4.406525,56,0.533203,11,0.0227052,18,0.6667,1.0,0.5
95,104,0,1,14.250153,17,0.485596,43,0.02269575,19,1.0,0.5,0.6
95,80,0,1,2.944836,70,0.565918,7,0.02261768,20,1.0,0.5,0.6
95,7,0,1,18.070034,14,0.478027,51,0.02252252,21,0.3333,1.0,0.5
95,64,0,1,0.992705,81,0.581055,5,0.02247681,22,1.0,0.5,0.2
95,53,0,1,19.128555,13,0.477051,55,0.02239428,23,0.3333,0.5,1.0
95,19,0,1,25.917856,7,0.449219,80,0.02206823,25,0.75,1.0,0.5
95,91,0,1,3.152807,67,0.530762,12,0.0217629,27,0.8333,1.0,0.5
95,77,0,1,0.562213,84,0.557617,8,0.02165033,28,0.75,0.5,1.0
95,79,0,1,0.555778,85,0.557617,9,0.02138931,29,1.0,1.0,0.5
95,61,0,1,0.572151,83,0.541504,10,0.02127872,31,0.0,0.5,0.5
95,29,0,1,3.140583,68,0.522461,16,0.02097039,33,0.3333,0.5,1.0
95,6,0,1,7.489384,40,0.495117,35,0.02052632,39,0.75,1.0,0.5
95,2,0,1,7.497407,39,0.494141,36,0.02051768,40,0.5,1.0,0.6
95,1,0,1,8.347415,32,0.477539,53,0.01971912,43,0.0,0.5,0.5
96,77,3,1,87.130136,1,0.697754,2,0.03252247,1,0.6667,0.5,1.0
96,78,3,1,59.951348,2,0.709473,1,0.03252247,2,1.0,1.0,0.5
96,79,2,1,54.880361,3,0.661621,3,0.03174603,3,1.0,1.0,0.5
96,56,1,1,54.001151,4,0.626953,5,0.03100962,4,1.0,0.5,0.6
96,55,1,1,33.133274,6,0.599609,9,0.02964427,5,0.9167,1.0,0.5
96,74,0,1,27.817629,11,0.600098,8,0.02879039,6,1.0,1.0,0.6
96,54,1,1,28.526807,10,0.588379,12,0.0281746,7,0.75,1.0,0.5
96,26,0,1,29.729448,9,0.535645,18,0.02731327,8,0.4167,1.0,0.6
96,39,0,1,20.995907,15,0.564453,13,0.02703196,9,0.25,1.0,0.5
96,30,0,1,13.288808,28,0.605469,6,0.02651515,10,0.8333,1.0,0.5
96,53,1,1,20.419654,16,0.549805,15,0.02649123,11,0.25,0.5,1.0
96,73,0,1,34.834303,5,0.51416,31,0.02637363,12,0.8333,0.5,0.5
96,76,0,1,31.955282,8,0.510742,34,0.02534418,13,1.0,0.5,0.2
96,38,0,1,32.52587,7,0.508789,37,0.02523465,14,0.0,1.0,0.6
96,80,1,1,5.607805,46,0.654785,4,0.02505896,15,1.0,0.5,0.6
96,14,0,1,24.453449,12,0.506836,41,0.02378988,18,0.8333,1.0,0.6
96,32,0,1,4.479642,53,0.588867,11,0.02293406,22,1.0,0.5,0.6
96,43,0,1,14.051551,27,0.512695,32,0.02236382,24,0.0,1.0,0.5
96,29,0,1,1.098017,84,0.604004,7,0.02186982,26,0.25,0.5,1.0
96,64,0,1,2.20906,74,0.592285,10,0.0217484,27,1.0,0.5,0.2
96,13,0,1,22.202281,14,0.453369,88,0.02027027,34,0.25,0.5,0.5
97,78,3,1,143.270774,1,0.775879,1,0.03278689,1,0.8,1.0,0.5
97,77,2,1,81.214719,2,0.647949,2,0.03225806,2,0.2,0.5,1.0
97,80,1,1,56.613902,3,0.633789,3,0.03174603,3,1.0,0.5,0.6
97,55,1,1,51.929872,4,0.598633,5,0.03100962,4,0.5,1.0,0.5
97,79,2,1,42.725374,6,0.611328,4,0.03077652,5,1.0,1.0,0.5
97,39,0,1,44.655898,5,0.588867,6,0.03053613,6,0.0,1.0,0.5
97,54,1,1,33.397221,7,0.564941,9,0.02941813,7,0.3,1.0,0.5
97,56,1,1,27.3729,8,0.56543,8,0.02941176,8,1.0,0.5,0.6
97,90,0,1,18.399151,10,0.550293,14,0.02779923,9,0.1,1.0,0.5
97,75,0,1,23.693865,9,0.515625,24,0.02639752,11,1.0,1.0,0.5
97,61,0,1,6.95419,22,0.553223,12,0.02608401,12,0.0,0.5,0.5
97,12,0,1,11.114095,14,0.516113,23,0.02556171,13,0.5,0.5,0.5
97,37,0,1,4.466373,36,0.560059,10,0.02470238,15,0.0,0.5,0.5
97,29,0,1,3.4047,49,0.551758,13,0.02287294,23,0.0,0.5,1.0
97,20,0,1,1.437302,70,0.566406,7,0.02261768,24,1.0,0.5,0.6
97,74,0,1,0.549488,89,0.559082,11,0.02079592,33,0.9,1.0,0.6
97,30,0,1,0.913626,78,0.543945,16,0.02040427,35,0.4,1.0,0.5
97,18,0,1,3.024019,56,0.512207,26,0.0202486,37,0.0,1.0,0.5
97,1,0,1,6.767043,24,0.466064,65,0.01990476,38,0.0,0.5,0.5
98,77,3,1,55.006942,3,0.740723,1,0.03226646,1,1.0,1.0,1.0
98,79,3,1,77.671609,1,0.675781,3,0.03226646,2,1.0,0.5,0.5
98,56,1,1,44.431458,4,0.613281,5,0.03100962,3,0.9286,0.0,0.6
98,78,3,1,22.599269,8,0.704102,2,0.03083491,4,1.0,0.5,0.5
98,54,1,1,25.984344,6,0.57666,8,0.0298574,5,1.0,0.5,0.5
98,8,0,1,24.649813,7,0.559082,9,0.02941813,6,1.0,0.0,0.6
98,53,1,1,57.410835,2,0.514648,29,0.02736499,7,0.9286,1.0,1.0
98,75,0,1,19.67305,11,0.538574,17,0.02707152,8,1.0,0.5,0.5
98,80,1,1,8.109351,30,0.652344,4,0.02673611,9,0.7143,0.0,0.6
98,29,0,1,8.415705,29,0.598145,6,0.02638747,10,0.9286,1.0,1.0
98,86,0,1,20.123104,10,0.519531,23,0.02633391,11,0.9286,0.5,0.6
98,17,0,1,10.666589,23,0.552734,11,0.0261327,12,0.7143,1.0,1.0
98,26,0,1,29.710465,5,0.50293,37,0.02569389,13,1.0,0.5,0.6
98,30,0,1,5.569545,41,0.59375,7,0.02482636,15,1.0,0.5,0.5
98,38,0,1,20.436322,9,0.485107,49,0.02366707,17,0.6429,0.5,0.6
98,66,0,1,4.897545,49,0.551758,13,0.02287294,22,1.0,0.5,0.5
98,89,0,1,8.613101,28,0.512695,33,0.02211632,26,0.5714,1.0,1.0
98,43,0,1,7.645258,31,0.506348,36,0.02140568,31,0.6429,0.5,0.5
98,64,0,1,0.0,101,0.553223,10,0.02049689,34,1.0,0.0,0.2
98,13,0,1,15.482764,13,0.405518,96,0.02010889,37,0.9286,1.0,0.5
99,80,3,1,145.570038,1,0.780273,1,0.03278689,1,1.0,1.0,0.6
99,78,1,1,47.260689,4,0.648926,2,0.03175403,2,0.0,0.5,0.5
99,77,1,1,65.627368,2,0.595215,6,0.03128055,3,0.0,0.0,1.0
99,79,1,1,61.103775,3,0.616211,5,0.03125763,4,0.25,0.5,0.5
99,74,0,1,23.870005,11,0.635254,3,0.02995752,5,0.125,0.5,0.6
99,39,0,1,40.943442,6,0.586914,8,0.0298574,6,0.0,0.5,0.5
99,40,0,1,44.207986,5,0.572754,11,0.02946912,7,0.0,1.0,0.2
99,64,0,1,18.547911,14,0.620605,4,0.02913851,8,0.375,1.0,0.2
99,4,0,1,20.106947,13,0.560547,14,0.02721214,9,0.0,1.0,0.2
99,54,1,1,32.172227,10,0.541016,21,0.02663139,10,0.0,0.5,0.5
99,11,0,1,35.915408,8,0.536621,24,0.02661064,11,0.0,0.5,1.0
99,94,0,1,10.977242,23,0.581543,9,0.02654095,12,0.0,0.5,0.2
99,29,0,1,10.373765,24,0.564453,12,0.02579365,14,0.0,0.0,1.0
99,32,0,1,6.461296,34,0.594238,7,0.02556367,15,0.75,1.0,0.6
99,38,0,1,39.849632,7,0.503418,50,0.02401628,19,0.0,0.5,0.6
99,91,0,1,13.272718,21,0.532715,26,0.02397359,20,0.0,0.5,0.5
99,21,0,1,34.913342,9,0.507324,46,0.02392672,21,0.0,0.0,0.5
99,76,0,1,0.0,100,0.577148,10,0.02053571,32,1.0,1.0,0.2
99,103,0,1,11.267,22,0.450439,93,0.01873107,41,0.0,0.5,0.5
99,72,0,1,5.418994,43,0.497803,55,0.01840439,42,0.5,1.0,0.5
100,79,3,1,134.891553,1,0.726074,1,0.03278689,1,1.0,1.0,0.5
100,80,1,1,68.67495,2,0.651367,2,0.03225806,2,1.0,0.5,0.6
100,78,2,1,48.832148,4,0.623535,3,0.03149802,3,1.0,1.0,0.5
100,77,2,1,51.060784,3,0.602539,5,0.03125763,4,0.75,0.5,1.0
100,56,1,1,43.55031,5,0.618652,4,0.03100962,5,1.0,0.5,0.6
100,40,0,1,6.860243,17,0.569824,6,0.02813853,6,1.0,0.5,0.2
100,64,0,1,6.767252,18,0.567871,7,0.02774589,7,1.0,0.5,0.2
100,86,0,1,8.761728,11,0.512207,20,0.02658451,8,1.0,1.0,0.6
100,104,0,1,8.938646,10,0.506348,25,0.02605042,9,1.0,0.5,0.6
100,32,0,1,5.489772,26,0.528809,14,0.02514142,10,1.0,0.5,0.6
100,55,1,1,8.258294,12,0.498779,31,0.0248779,11,1.0,1.0,0.5
100,75,0,1,20.566491,7,0.491211,42,0.02472929,12,1.0,1.0,0.5
100,39,0,1,5.534935,25,0.520508,18,0.02458522,13,0.3333,1.0,0.5
100,20,0,1,4.154447,39,0.547852,10,0.02438672,15,1.0,0.5,0.6
100,54,1,1,3.573163,45,0.533203,13,0.02322244,21,0.8333,1.0,0.5
100,72,0,1,31.85469,6,0.455078,72,0.02272727,22,1.0,0.5,0.5
100,52,0,1,11.728457,9,0.460938,65,0.02249275,24,1.0,0.5,0.2
100,25,0,1,17.449928,8,0.446533,77,0.02200515,26,0.0,0.5,0.5
100,10,0,1,7.45443,16,0.466309,59,0.02156126,27,0.0,1.0,0.2
100,30,0,1,0.0,92,0.564453,8,0.02128483,29,0.9167,1.0,0.5
100,74,0,1,0.718503,81,0.547852,11,0.02117671,30,1.0,1.0,0.6
100,29,0,1,0.0,91,0.548828,9,0.02111527,32,0.3333,0.5,1.0
100,96,0,1,0.965391,70,0.520508,19,0.02035054,37,1.0,0.5,0.5
100,14,0,1,0.924683,72,0.505371,26,0.01920366,48,0.9167,1.0,0.6
101,81,3,1,78.098202,2,0.769043,1,0.03252247,1,0.7857,0.5,0.5
101,83,3,1,96.866925,1,0.649414,4,0.03201844,2,1.0,1.0,1.0
101,84,1,1,63.073136,3,0.679688,3,0.03174603,3,1.0,0.5,0.5
101,82,2,1,48.587247,5,0.729004,2,0.03151365,4,1.0,1.0,0.2
101,21,0,1,49.976121,4,0.620117,9,0.03011775,5,0.7143,0.5,0.5
101,19,0,1,21.027446,13,0.634277,5,0.02908325,6,1.0,1.0,0.5
101,23,0,1,44.530587,6,0.610352,15,0.02848485,7,1.0,1.0,1.0
101,97,0,1,29.36925,9,0.609863,16,0.02765065,8,0.0,0.5,0.5
101,98,0,1,30.977519,8,0.584961,22,0.026901,9,0.6429,1.0,0.6
101,2,0,1,13.798775,26,0.611328,14,0.02514142,10,0.9286,1.0,0.6
101,45,0,1,10.123587,37,0.621582,8,0.02501516,11,0.2857,0.5,0.5
101,22,0,1,22.136991,12,0.567383,30,0.025,12,1.0,1.0,0.2
101,36,1,1,17.241808,20,0.588379,21,0.02484568,13,1.0,0.5,0.5
101,20,0,1,27.393852,10,0.559082,35,0.02481203,14,1.0,0.5,0.6
101,17,0,1,13.830074,25,0.599609,19,0.02442293,15,0.5714,0.5,1.0
101,40,0,1,33.660203,7,0.527344,46,0.02435934,16,1.0,0.5,0.2
101,7,0,1,7.710048,48,0.629883,7,0.02418463,18,0.7857,1.0,0.5
101,1,0,1,8.649153,40,0.618164,11,0.02408451,19,0.2857,0.5,0.5
101,10,0,1,10.337857,33,0.592773,20,0.02325269,22,0.5,1.0,0.2
101,18,0,1,3.680304,75,0.633301,6,0.02255892,25,0.8571,1.0,0.5
101,37,0,1,12.532858,30,0.57373,29,0.02234707,27,0.0,0.5,0.5
101,6,0,1,6.176858,56,0.611816,13,0.02231932,28,1.0,1.0,0.5
101,91,0,1,18.721124,17,0.509766,54,0.02175894,30,1.0,1.0,0.5
101,33,1,1,5.103142,60,0.604004,18,0.02115385,33,0.0,0.5,0.5
101,48,0,1,1.045975,100,0.620117,10,0.02053571,40,1.0,0.5,0.5
101,46,0,1,3.270467,83,0.583496,24,0.01889777,46,0.7857,1.0,0.2
101,76,0,1,10.36453,32,0.491699,70,0.01856187,49,0.7857,0.5,0.2
102,83,2,1,75.325366,1,0.653809,3,0.03226646,1,0.1111,0.5,1.0
102,84,3,1,62.638017,3,0.729004,1,0.03226646,2,1.0,1.0,0.5
102,81,1,1,63.603018,2,0.685547,2,0.03225806,3,0.0,0.0,0.5
102,82,1,1,26.392209,9,0.622559,4,0.03011775,4,0.0,0.5,0.2
102,21,0,1,41.358048,4,0.562988,11,0.02970951,5,0.0,0.0,0.5
102,4,0,1,23.745449,12,0.57959,5,0.0292735,6,0.1111,1.0,0.2
102,23,0,1,21.093056,17,0.574219,6,0.02813853,7,0.0,0.5,1.0
102,19,0,1,22.193155,15,0.569336,8,0.02803922,8,0.0,0.5,0.5
102,15,0,1,24.369916,11,0.54834,18,0.02690502,9,0.0,0.5,0.5
102,86,0,1,20.82977,18,0.55957,12,0.0267094,10,0.8889,0.5,0.6
102,88,0,1,34.750606,5,0.53125,30,0.02649573,11,1.0,1.0,0.2
102,20,0,1,25.723581,10,0.530762,31,0.02527473,12,0.5556,1.0,0.6
102,97,0,1,31.975886,6,0.516113,39,0.02525253,13,0.0,0.0,0.5
102,33,1,1,12.676212,41,0.568848,9,0.02439374,15,0.0,0.0,0.5
102,34,1,1,12.680045,40,0.566895,10,0.02428571,16,0.0,0.5,0.2
102,92,0,1,15.855182,24,0.544922,22,0.02409988,17,0.7778,1.0,0.6
102,98,0,1,28.888927,7,0.497803,52,0.02385394,18,0.0,0.5,0.6
102,3,0,1,13.283784,34,0.549805,16,0.02379619,19,0.0,0.5,0.5
102,36,1,1,9.78441,59,0.57373,7,0.02332873,21,0.0,1.0,0.5
102,78,0,1,26.588679,8,0.469482,70,0.02239819,24,0.3333,0.5,0.5
102,2,0,1,8.860517,64,0.55127,15,0.02139785,30,0.0,0.5,0.6
102,28,0,1,16.298741,23,0.469482,69,0.01980013,46,0.7778,1.0,0.2
102,25,0,1,10.400238,55,0.526855,35,0.01922197,48,0.0,0.0,0.5
103,82,3,1,171.854078,1,0.819336,1,0.03278689,1,1.0,1.0,0.2
103,81,2,1,20.053143,6,0.662598,2,0.03128055,2,0.9286,0.5,0.5
103,84,1,1,18.962574,8,0.61377,6,0.0298574,3,0.8571,0.5,0.5
103,98,0,1,29.044378,2,0.565918,20,0.02862903,4,0.7857,1.0,0.6
103,83,2,1,19.503739,7,0.588379,13,0.028624,5,1.0,1.0,1.0
103,36,0,1,13.894001,19,0.618164,3,0.02853124,6,1.0,0.5,0.5
103,97,0,1,17.665811,9,0.553711,24,0.02639752,7,0.1429,0.5,0.5
103,23,0,1,15.100014,15,0.570312,17,0.02632035,8,1.0,1.0,1.0
103,37,0,1,11.376987,27,0.609863,8,0.02620014,10,0.0,0.5,0.5
103,86,0,1,11.601914,26,0.602051,11,0.02571241,11,0.9286,1.0,0.6
103,35,0,1,11.715149,25,0.589844,12,0.02565359,12,0.6429,1.0,1.0
103,2,0,1,12.347097,22,0.578613,16,0.02535302,13,1.0,1.0,0.6
103,42,0,1,20.958399,5,0.527832,43,0.02509335,14,0.2857,1.0,0.5
103,27,0,1,27.794115,3,0.505371,51,0.02488202,15,1.0,1.0,0.5
103,34,1,1,10.33609,30,0.585449,14,0.02462462,16,0.4286,1.0,0.2
103,33,0,1,5.61852,53,0.616699,4,0.02447456,17,0.0,0.5,0.5
103,46,0,1,7.027579,45,0.611816,7,0.02444918,18,0.9286,1.0,0.2
103,47,0,1,4.97672,62,0.614746,5,0.02358134,21,1.0,1.0,1.0
103,17,0,1,14.053755,18,0.539551,34,0.02345881,23,0.7143,0.5,1.0
103,48,0,1,5.792411,52,0.602539,10,0.02321429,24,1.0,0.5,0.5
103,54,0,1,16.651403,10,0.50293,55,0.02298137,26,1.0,1.0,0.5
103,52,0,1,21.753253,4,0.469971,81,0.0227172,27,0.8571,0.5,0.2
103,45,0,1,4.814578,64,0.606934,9,0.02255727,28,0.4286,0.5,0.5
103,19,0,1,10.016552,32,0.547852,26,0.02249747,29,1.0,1.0,0.5
103,60,0,1,15.560648,12,0.486328,68,0.02170139,31,1.0,0.5,0.5
103,12,0,1,14.359052,17,0.501953,56,0.0216077,32,1.0,0.5,0.5
103,71,0,1,8.389409,38,0.542969,29,0.02144004,34,1.0,1.0,1.0
104,83,1,1,89.844148,1,0.731445,1,0.03278689,1,0.2222,0.5,1.0
104,81,1,1,43.810029,2,0.623047,3,0.03200205,2,0.0,0.0,0.5
104,88,2,1,15.932847,9,0.628906,2,0.03062179,3,1.0,1.0,0.2
104,36,0,1,22.773291,4,0.571289,8,0.03033088,4,0.0,1.0,0.5
104,71,0,1,28.534301,3,0.53418,14,0.02938653,5,0.0,0.5,1.0
104,33,0,1,16.252828,8,0.555176,11,0.02879039,6,0.0,0.0,0.5
104,82,3,1,12.211773,13,0.583008,7,0.028624,7,0.0,0.5,0.2
104,86,2,1,10.802564,16,0.595215,5,0.02854251,8,1.0,0.5,0.6
104,18,0,1,20.210746,6,0.525391,17,0.02813853,9,0.0,0.5,0.5
104,34,0,1,17.133974,7,0.526855,16,0.02808327,10,0.0,0.5,0.2
104,85,2,1,8.359523,24,0.618164,4,0.02752976,11,0.3333,0.0,0.5
104,84,2,1,6.593584,33,0.594727,6,0.0259042,12,1.0,1.0,0.5
104,64,0,1,14.737752,10,0.505859,29,0.02552167,14,0.7778,1.0,0.2
104,4,0,1,6.565536,34,0.555176,10,0.02492401,15,0.2222,1.0,0.2
104,87,2,1,6.16002,37,0.561523,9,0.02480203,16,1.0,0.5,0.5
104,32,0,1,10.483403,17,0.51416,25,0.02475172,17,1.0,1.0,0.6
104,6,0,1,6.909203,32,0.520996,19,0.02352779,23,0.0,0.5,0.5
104,69,0,1,22.625582,5,0.451416,65,0.02338462,24,0.0,0.0,0.5
104,94,0,1,6.103736,38,0.501465,33,0.02095677,32,0.2222,0.5,0.2
104,2,0,1,3.953623,55,0.514648,24,0.02060041,36,0.0,0.5,0.6
104,50,0,1,3.990107,54,0.512207,26,0.02039984,39,0.0,0.5,0.6
104,46,0,1,2.159738,79,0.525391,18,0.02001476,42,0.0,0.5,0.2
104,10,0,1,3.392283,64,0.509277,27,0.01955877,46,0.0,0.5,0.2
104,1,0,1,1.99407,84,0.519043,21,0.01929012,48,0.0,0.0,0.5
104,55,0,1,7.767884,27,0.445068,73,0.01901305,49,0.1111,0.5,0.5
105,81,3,1,96.925285,1,0.741699,1,0.03278689,1,1.0,1.0,0.5
105,82,2,1,52.292842,5,0.680176,2,0.03151365,2,1.0,0.5,0.2
105,21,0,1,57.553739,3,0.635742,4,0.03149802,3,1.0,1.0,0.5
105,23,0,1,53.43271,4,0.621582,6,0.03077652,4,1.0,0.5,1.0
105,97,0,1,52.117949,6,0.599609,9,0.02964427,5,0.875,1.0,0.5
105,98,0,1,60.725197,2,0.555664,20,0.02862903,6,1.0,0.5,0.6
105,17,0,1,28.441158,14,0.608398,8,0.0282194,7,1.0,1.0,1.0
105,6,0,1,31.423998,11,0.587891,13,0.02778314,8,1.0,0.5,0.5
105,84,1,1,36.680985,8,0.560059,18,0.0275264,9,0.375,0.0,0.5
105,83,2,1,48.094728,7,0.515625,33,0.02567806,10,0.875,0.5,1.0
105,20,0,1,18.865529,26,0.593262,12,0.0255168,12,0.625,0.0,0.6
105,85,0,1,35.391888,9,0.517578,32,0.02536232,13,0.8125,1.0,0.5
105,45,0,1,10.7841,46,0.626465,5,0.02481858,15,1.0,1.0,0.5
105,48,0,1,8.007191,56,0.64502,3,0.02449371,17,0.6875,0.0,0.5
105,38,0,1,28.924917,13,0.509277,34,0.02433693,18,1.0,0.5,0.6
105,42,0,1,34.752273,10,0.488525,51,0.02329472,20,1.0,0.5,0.5
105,33,1,1,15.48714,32,0.554688,21,0.02321524,21,0.5,1.0,0.5
105,18,0,1,4.882275,78,0.611816,7,0.02217175,23,1.0,0.5,0.5
105,34,1,1,13.511567,35,0.503418,36,0.02094298,31,1.0,0.5,0.2
105,2,0,1,6.033461,69,0.57666,16,0.02090983,33,1.0,0.5,0.6
105,7,0,1,2.118341,96,0.599121,10,0.02069597,35,1.0,0.5,0.5
105,77,0,1,24.795048,17,0.458496,73,0.02050581,37,1.0,1.0,1.0
105,90,0,1,12.020536,41,0.481934,56,0.01852168,49,1.0,0.5,0.5
106,86,3,1,171.673555,1,0.803223,1,0.03278689,1,1.0,1.0,0.6
106,88,1,1,49.588326,2,0.678711,2,0.03225806,2,1.0,0.5,0.2
106,85,3,1,44.661262,3,0.671387,3,0.03174603,3,0.5,0.5,0.5
106,83,0,1,33.85163,5,0.63623,4,0.03100962,4,0.4,1.0,1.0
106,72,0,1,38.609962,4,0.578125,6,0.03077652,5,1.0,0.5,0.5
106,87,2,1,29.620431,6,0.629883,5,0.03053613,6,1.0,1.0,0.5
106,91,0,1,21.57964,11,0.566406,8,0.02879039,7,0.1,1.0,0.5
106,20,0,1,22.760132,10,0.519043,16,0.02744361,8,0.8,0.5,0.6
106,104,0,1,16.007818,16,0.547852,12,0.02704678,9,0.6,0.5,0.6
106,90,0,1,14.696384,18,0.531738,14,0.02633403,10,0.0,1.0,0.5
106,81,0,1,6.514597,40,0.571777,7,0.02492537,12,0.0,0.5,0.5
106,46,0,1,7.260891,37,0.565918,9,0.02480203,13,0.0,1.0,0.2
106,60,0,1,19.335573,13,0.48999,31,0.02468764,14,0.7,0.5,0.5
106,40,0,1,24.389052,9,0.480469,41,0.02439374,15,0.5,0.5,0.2
106,29,0,1,12.967207,24,0.512207,21,0.02425044,17,0.0,0.5,1.0
106,68,0,1,25.017545,7,0.460205,66,0.02286188,20,1.0,0.5,0.6
106,30,0,1,6.525921,39,0.51123,22,0.02229613,24,0.2,1.0,0.5
106,89,0,1,11.242245,28,0.489502,33,0.02211632,25,0.0,0.5,1.0
106,93,0,1,24.398728,8,0.439941,79,0.02190013,29,0.0,0.5,0.5
106,82,0,1,2.787092,73,0.557617,10,0.02180451,30,0.1,1.0,0.2
106,45,0,1,0.0,97,0.510742,23,0.01841762,49,0.0,0.5,0.5
107,87,3,1,149.972627,1,0.797852,1,0.03278689,1,1.0,1.0,0.5
107,85,2,1,70.890189,2,0.677734,3,0.03200205,2,0.2222,0.5,0.5
107,86,2,1,46.341683,3,0.644531,4,0.03149802,3,0.8889,1.0,0.6
107,52,1,1,26.550554,8,0.602539,6,0.0298574,4,1.0,0.5,0.2
107,49,1,1,27.929713,7,0.578125,7,0.02985075,5,0.0,0.5,0.5
107,88,2,1,19.683539,13,0.693848,2,0.02982766,6,1.0,0.5,0.2
107,51,1,1,32.587391,5,0.53418,11,0.02946912,7,0.2222,1.0,0.5
107,15,0,1,22.829155,9,0.553223,10,0.02877847,8,0.0,1.0,0.5
107,50,1,1,17.011085,16,0.560059,8,0.02786378,9,0.0,1.0,0.6
107,83,0,1,13.519755,23,0.608398,5,0.02743281,10,0.1111,1.0,1.0
107,4,0,1,16.803177,17,0.530273,12,0.0268759,11,0.1111,0.5,0.2
107,68,0,1,32.517817,6,0.481689,35,0.02567783,12,0.7778,0.5,0.6
107,11,0,1,14.756007,22,0.515137,17,0.02518213,13,0.0,1.0,1.0
107,12,0,1,22.1494,10,0.476562,38,0.0244898,16,0.0,0.5,0.5
107,100,0,1,38.154195,4,0.429199,65,0.023625,17,0.4444,0.5,0.2
107,10,0,1,15.389076,20,0.488037,30,0.02361111,19,0.0,1.0,0.2
107,72,0,1,2.264031,71,0.557617,9,0.02212634,23,0.7778,0.5,0.5
107,30,0,1,4.651909,37,0.460693,51,0.01931829,43,0.0,1.0,0.5
107,19,0,1,3.441832,46,0.469238,42,0.01923788,44,0.0,1.0,0.5
107,94,0,1,1.404808,82,0.504883,22,0.01923738,45,0.1111,1.0,0.2
107,33,0,1,2.42487,66,0.488037,31,0.01892552,48,0.0,0.5,0.5
108,85,3,1,178.4561,1,0.824707,1,0.03278689,1,1.0,1.0,0.5
108,88,1,1,164.353487,2,0.786621,2,0.03225806,2,0.5,0.0,0.2
108,86,2,1,100.41766,4,0.671387,3,0.03149802,3,1.0,0.5,0.6
108,83,0,1,75.658021,5,0.642578,4,0.03100962,4,1.0,0.5,1.0
108,87,2,1,108.872721,3,0.628906,7,0.03079839,5,0.9167,0.5,0.5
108,29,0,1,19.026311,10,0.581055,12,0.0281746,6,0.5833,1.0,1.0
108,31,0,1,12.367644,20,0.63916,5,0.02788462,7,1.0,0.5,0.5
108,84,0,1,11.821083,21,0.587402,10,0.02663139,8,1.0,0.0,0.5
108,17,0,1,27.688264,8,0.539551,27,0.02620014,9,0.3333,1.0,1.0
108,6,0,1,11.712242,23,0.57959,13,0.02574682,10,1.0,0.5,0.5
108,49,0,1,10.289306,31,0.602539,8,0.02569489,11,0.6667,1.0,0.5
108,81,0,1,9.66953,36,0.630371,6,0.02556818,12,0.5833,1.0,0.5
108,68,0,1,15.070317,13,0.539062,29,0.02493459,13,1.0,0.0,0.6
108,25,0,1,21.739219,9,0.502441,58,0.02296733,17,0.1667,1.0,0.5
108,76,0,1,28.441316,7,0.490479,65,0.02292537,18,0.75,0.0,0.2
108,91,0,1,31.17794,6,0.472412,81,0.02224371,20,1.0,0.5,0.5
108,67,0,1,17.248786,12,0.498779,61,0.02215335,21,1.0,0.5,0.5
108,34,0,1,10.36903,30,0.536133,31,0.02210012,22,0.0,0.5,0.2
108,15,0,1,4.741482,75,0.597168,9,0.02190016,23,0.9167,0.5,0.5
108,10,0,1,4.580242,77,0.581055,11,0.02138378,27,0.25,0.5,0.2
108,72,0,1,9.783947,35,0.518555,45,0.02005013,37,1.0,0.0,0.5
108,51,0,1,10.131784,32,0.509766,53,0.01971912,41,1.0,0.5,0.5
108,46,0,1,3.781196,84,0.546875,21,0.01929012,45,0.5833,0.5,0.2
109,88,3,1,147.533469,1,0.80957,1,0.03278689,1,1.0,1.0,0.2
109,85,1,1,97.892733,2,0.694336,2,0.03225806,2,0.0,0.0,0.5
109,87,2,1,72.252811,3,0.672363,3,0.03174603,3,0.3333,0.5,0.5
109,86,1,1,54.226334,4,0.610352,4,0.03125,4,0.0,0.5,0.6
109,83,0,1,39.212632,5,0.594727,6,0.03053613,5,0.0,0.5,1.0
109,11,0,1,23.261163,8,0.565918,9,0.02919864,6,0.0,0.5,1.0
109,4,0,1,10.667212,14,0.609863,5,0.02889813,7,0.0,1.0,0.2
109,15,0,1,16.148081,11,0.554199,10,0.02837022,8,0.0,0.5,0.5
109,68,0,1,12.491247,12,0.544434,13,0.02758752,9,0.0,1.0,0.6
109,52,0,1,24.156075,7,0.53125,19,0.0275836,10,0.1667,1.0,0.2
109,100,0,1,26.794001,6,0.520508,24,0.02705628,11,0.0,1.0,0.2
109,44,0,1,17.301882,10,0.525879,22,0.02648084,12,0.0,1.0,0.6
109,84,0,1,10.563088,15,0.508301,34,0.02397163,14,0.1667,1.0,0.5
109,90,0,1,4.406525,51,0.587891,7,0.02393438,15,0.0,0.5,0.5
109,104,0,1,10.755424,13,0.503418,40,0.02369863,16,0.0,1.0,0.6
109,80,0,1,3.947203,52,0.55127,11,0.02301308,20,0.5,1.0,0.6
109,94,0,1,4.506864,48,0.543945,14,0.02277277,22,0.0,0.5,0.2
109,39,0,1,2.2737,69,0.566895,8,0.02245782,24,0.0,0.5,0.5
109,32,0,1,4.689198,46,0.523438,23,0.02148216,28,0.1667,1.0,0.6
109,99,0,1,19.32397,9,0.41333,99,0.02078206,30,0.0,0.5,0.5
109,56,0,1,8.500497,22,0.428711,93,0.01873107,46,0.0,1.0,0.6
110,86,3,1,165.352699,1,0.819824,1,0.03278689,1,1.0,1.0,0.6
110,72,0,1,43.481012,3,0.561035,9,0.03036577,2,1.0,0.5,0.5
110,91,0,1,27.90663,6,0.577637,7,0.03007689,3,0.2,1.0,0.5
110,40,0,1,46.943101,2,0.546875,13,0.02982766,4,0.6,0.5,0.2
110,87,2,1,16.289773,16,0.583008,5,0.02854251,5,1.0,1.0,0.5
110,88,1,1,13.511696,20,0.625,3,0.02837302,6,1.0,0.5,0.2
110,85,3,1,10.588695,24,0.641602,2,0.02803379,7,0.6,0.5,0.5
110,82,0,1,7.190935,40,0.587891,4,0.025625,8,0.2,1.0,0.2
110,83,0,1,7.540066,38,0.580078,6,0.0253556,9,0.5,1.0,1.0
110,81,0,1,8.107508,35,0.568359,8,0.0252322,10,0.0,0.5,0.5
110,6,0,1,7.405652,39,0.550781,11,0.02418552,13,0.1,1.0,0.5
110,43,0,1,18.925226,12,0.48877,38,0.02409297,14,0.0,1.0,0.5
110,65,0,1,30.054734,4,0.473877,62,0.02382172,15,0.0,0.5,1.0
110,104,0,1,6.573319,48,0.540527,14,0.02277277,18,0.7,0.5,0.6
110,93,0,1,25.216927,9,0.475098,61,0.02275722,19,0.0,0.5,0.5
110,99,0,1,29.21535,5,0.459717,80,0.02252747,21,0.0,1.0,0.5
110,58,0,1,26.163703,7,0.466797,72,0.02250113,23,0.0,1.0,0.2
110,66,0,1,20.765471,10,0.471191,67,0.02215973,26,0.0,1.0,0.5
110,12,0,1,25.29441,8,0.462402,77,0.02200515,28,0.4,0.5,0.5
110,20,0,1,3.142239,81,0.558105,10,0.02137791,31,0.9,0.5,0.6
110,22,0,1,17.934297,14,0.449463,84,0.02045796,35,0.0,1.0,0.2
110,30,0,1,2.035552,89,0.537598,15,0.02004474,38,0.3,1.0,0.5
110,67,0,1,17.756923,15,0.395264,102,0.01950617,42,0.3,1.0,0.5
110,101,0,1,7.092159,41,0.485107,45,0.0194248,44,0.0,0.5,1.0
110,15,0,1,2.147878,87,0.519043,20,0.01930272,47,0.0,1.0,0.5
111,89,3,1,55.441067,3,0.678711,1,0.03226646,1,0.625,0.5,1.0
111,90,2,1,105.401807,1,0.634277,4,0.03201844,2,1.0,1.0,0.5
111,92,1,1,88.680657,2,0.637207,3,0.03200205,3,1.0,0.5,0.6
111,91,3,1,36.667,5,0.646973,2,0.03151365,4,1.0,1.0,0.5
111,96,0,1,30.963268,8,0.591797,5,0.0300905,5,0.9375,0.5,0.5
111,93,0,1,24.899446,11,0.56543,6,0.02923602,6,1.0,0.5,0.5
111,45,0,1,20.241247,18,0.526855,18,0.02564103,7,0.5,0.5,0.5
111,31,0,1,36.579159,6,0.48877,44,0.0247669,8,1.0,1.0,0.5
111,8,0,1,15.068916,29,0.532227,14,0.02474947,9,1.0,0.5,0.6
111,103,0,1,36.70009,4,0.475586,56,0.02424569,11,0.9375,1.0,0.5
111,17,0,1,10.43315,44,0.55127,9,0.02410814,12,0.75,0.5,1.0
111,86,0,1,8.972465,50,0.556641,8,0.02379679,13,1.0,1.0,0.6
111,33,0,1,10.398066,46,0.546875,10,0.02371968,14,0.0,0.5,0.5
111,5,0,1,18.738262,22,0.504883,31,0.02318413,17,0.625,0.5,1.0
111,78,0,1,27.926959,9,0.46875,64,0.02255727,21,1.0,1.0,0.5
111,81,0,1,3.836211,65,0.538086,11,0.02208451,24,0.9375,0.5,0.5
111,83,0,1,12.174838,37,0.513184,25,0.02207398,25,1.0,1.0,1.0
111,53,0,1,32.335922,7,0.455566,80,0.02206823,26,0.9375,0.5,1.0
111,29,0,1,10.430799,45,0.518555,21,0.02186949,28,0.9375,0.5,1.0
111,21,0,1,23.972494,12,0.463867,71,0.02152248,29,0.875,0.5,0.5
111,37,0,1,0.0,95,0.564941,7,0.02137699,31,0.125,0.5,0.5
111,100,0,1,25.193653,10,0.425537,98,0.02061483,36,1.0,0.5,0.2
112,89,3,1,115.339873,1,0.730957,1,0.03278689,1,1.0,1.0,1.0
112,90,2,1,89.97876,2,0.692383,2,0.03225806,2,0.9375,0.5,0.5
112,92,1,1,71.445678,3,0.659668,3,0.03174603,3,0.25,0.0,0.6
112,91,2,1,53.222241,5,0.645508,4,0.03100962,4,0.8125,0.5,0.5
112,101,1,1,36.772224,8,0.5625,11,0.02879039,5,1.0,1.0,1.0
112,103,0,1,52.518105,6,0.551758,17,0.02813853,6,1.0,0.5,0.5
112,20,0,1,35.828729,9,0.552246,15,0.02782609,7,0.375,0.0,0.6
112,104,0,1,22.848581,15,0.561035,12,0.02722222,8,0.5,0.0,0.6
112,96,0,1,14.724652,25,0.608398,5,0.02714932,9,0.0625,0.0,0.5
112,102,0,1,16.674091,21,0.570801,8,0.02705156,10,1.0,0.5,0.5
112,37,0,1,12.384578,37,0.584473,6,0.02546079,12,1.0,1.0,0.5
112,29,0,1,30.572377,10,0.522461,34,0.02492401,14,1.0,1.0,1.0
112,61,0,1,41.768043,7,0.504395,53,0.02377493,16,1.0,1.0,0.5
112,25,0,1,22.185845,16,0.519043,37,0.02346717,19,1.0,1.0,0.5
112,46,0,1,7.5381,53,0.563965,10,0.02313527,22,1.0,0.5,0.2
112,68,0,1,64.367174,4,0.477295,76,0.02297794,24,0.25,0.0,0.6
112,17,0,1,4.322003,67,0.57373,7,0.02279939,25,1.0,1.0,1.0
112,36,0,1,6.531409,57,0.559082,13,0.02224564,26,0.75,0.0,0.5
112,47,0,1,11.500867,40,0.541992,22,0.02219512,27,0.9375,0.5,1.0
112,39,0,1,3.889731,70,0.564453,9,0.02218506,28,1.0,0.5,0.5
112,9,0,1,24.370646,14,0.499512,57,0.02206052,30,1.0,1.0,0.5
112,100,0,1,21.328319,17,0.456299,93,0.01952296,41,0.4375,0.0,0.2
112,64,0,1,2.911006,79,0.534668,28,0.01855788,47,0.3125,0.0,0.2
113,92,3,1,86.879586,1,0.790527,1,0.03278689,1,1.0,1.0,0.6
113,91,1,1,60.690529,2,0.655762,2,0.03225806,2,0.0,0.5,0.5
113,89,1,1,49.00763,4,0.637695,3,0.03149802,3,0.0,0.0,1.0
113,3,0,1,21.130879,19,0.626953,5,0.02804284,4,0.0,0.5,0.5
113,60,0,1,49.722622,3,0.57666,23,0.02792121,5,0.6667,1.0,0.5
113,2,0,1,22.184398,16,0.608398,8,0.02786378,6,0.0,0.5,0.6
113,90,1,1,41.152233,5,0.583984,21,0.02773029,7,0.0,0.5,0.5
113,23,0,1,19.293239,24,0.61377,7,0.02683014,8,0.1111,0.5,1.0
113,12,0,1,19.578806,23,0.606934,10,0.02633391,9,0.2222,1.0,0.5
113,24,0,1,18.307836,27,0.608398,9,0.02598701,10,1.0,1.0,0.5
113,1,0,1,19.66736,21,0.598145,14,0.02585919,11,0.0,0.0,0.5
113,19,0,1,23.049879,14,0.581543,22,0.02570864,12,0.0,0.5,0.5
113,4,0,1,14.318186,36,0.621582,6,0.02556818,13,0.3333,1.0,0.2
113,21,0,1,27.739187,9,0.564453,33,0.02524544,14,0.0,0.0,0.5
113,52,0,1,37.742765,7,0.553711,42,0.02472929,15,1.0,1.0,0.2
113,104,1,1,18.370298,26,0.589844,18,0.02444842,16,0.5556,1.0,0.6
113,58,0,1,17.053462,29,0.591309,16,0.02439385,17,0.0,0.5,0.2
113,47,0,1,20.498683,20,0.57373,26,0.02412791,19,0.0,0.5,1.0
113,40,0,1,13.996802,38,0.599121,13,0.02390271,20,0.4444,1.0,0.2
113,18,0,1,23.263402,12,0.549805,43,0.02359763,22,0.0,0.5,0.5
113,32,0,1,38.1637,6,0.521484,60,0.02348485,23,1.0,1.0,0.6
113,10,0,1,10.522694,45,0.589844,17,0.02251082,26,0.0,0.5,0.2
113,101,1,1,22.6871,15,0.531738,52,0.0222619,28,0.0,0.0,1.0
113,36,0,1,2.478769,91,0.630371,4,0.02224752,29,0.1111,1.0,0.5
113,100,0,1,24.452467,10,0.503906,72,0.02186147,31,0.6667,1.0,0.2
113,103,0,1,36.431371,8,0.465576,94,0.02119939,34,0.0,0.5,0.5
113,102,1,1,16.46624,32,0.555176,41,0.02077056,38,0.0,0.5,0.5
113,17,0,1,1.631196,99,0.592285,15,0.01962264,42,0.0,0.0,1.0
113,8,0,1,5.511662,69,0.565918,32,0.0186215,48,0.8889,1.0,0.6
114,91,3,1,130.566508,1,0.817871,1,0.03278689,1,1.0,1.0,0.5
114,96,0,1,54.007919,3,0.646484,3,0.03174603,2,0.8125,0.5,0.5
114,92,1,1,40.167895,8,0.669434,2,0.03083491,3,1.0,0.5,0.6
114,90,2,1,43.707585,5,0.624023,5,0.03076923,4,1.0,1.0,0.5
114,89,2,1,38.302701,10,0.645996,4,0.02991071,5,0.75,0.5,1.0
114,94,0,1,41.741892,6,0.590332,9,0.02964427,6,1.0,1.0,0.2
114,93,0,1,36.590834,11,0.600586,7,0.02900988,7,1.0,0.5,0.5
114,61,0,1,47.425824,4,0.553711,15,0.02895833,8,0.625,0.5,0.5
114,64,0,1,31.143128,13,0.585449,10,0.02798434,9,1.0,0.5,0.2
114,95,0,1,40.374338,7,0.537109,26,0.02655328,10,1.0,1.0,1.0
114,46,0,1,17.372625,26,0.59375,8,0.02633379,11,1.0,1.0,0.2
114,86,0,1,17.07131,30,0.615234,6,0.02626263,12,0.9375,1.0,0.6
114,102,0,1,54.855684,2,0.523438,41,0.02603002,13,0.875,1.0,0.5
114,62,0,1,39.22567,9,0.527832,32,0.02536232,16,1.0,1.0,0.6
114,58,0,1,10.164991,45,0.547363,19,0.02218204,21,1.0,1.0,0.2
114,99,0,1,20.056706,23,0.523926,39,0.0221492,22,1.0,1.0,0.5
114,37,0,1,13.517956,35,0.531738,29,0.02176227,24,0.25,0.5,0.5
114,50,0,1,4.286575,66,0.556152,13,0.02163514,26,1.0,1.0,0.6
114,6,0,1,2.924882,73,0.55127,16,0.02067669,32,1.0,1.0,0.5
114,69,0,1,0.0,99,0.567383,11,0.02037382,37,0.875,0.5,0.5
114,47,0,1,11.354544,42,0.517578,46,0.01923788,45,1.0,1.0,1.0
114,2,0,1,12.646691,38,0.514648,52,0.01913265,47,1.0,1.0,0.6
115,90,3,1,154.668914,1,0.712402,1,0.03278689,1,1.0,1.0,0.5
115,89,2,1,60.212772,2,0.581543,4,0.03175403,2,0.6875,0.5,1.0
115,92,1,1,35.390174,5,0.605957,2,0.03151365,3,1.0,0.5,0.6
115,91,2,1,33.298109,6,0.595215,3,0.03102453,4,1.0,1.0,0.5
115,103,0,1,41.752885,3,0.559082,11,0.02995752,5,1.0,1.0,0.5
115,104,0,1,18.903775,13,0.568848,6,0.02885015,6,1.0,0.5,0.6
115,78,0,1,30.99131,8,0.557617,12,0.02859477,7,1.0,1.0,0.5
115,101,1,1,33.134103,7,0.546387,15,0.02825871,8,0.3125,0.5,1.0
115,37,0,1,16.958782,18,0.577637,5,0.02820513,9,0.1875,0.5,0.5
115,39,0,1,35.780835,4,0.532227,27,0.02711925,10,1.0,1.0,0.5
115,82,0,1,14.294192,21,0.564453,8,0.02705156,11,1.0,1.0,0.2
115,102,1,1,22.69965,11,0.544434,18,0.02690502,12,0.8125,1.0,0.5
115,4,0,1,13.750205,22,0.563965,9,0.02668788,13,1.0,0.5,0.2
115,61,0,1,28.202468,9,0.52832,34,0.02513105,15,0.5625,0.5,0.5
115,96,0,1,5.982681,53,0.56543,7,0.02377493,18,0.875,0.5,0.5
115,8,0,1,23.283677,10,0.51123,46,0.02371968,19,1.0,0.5,0.6
115,15,0,1,10.686874,32,0.540039,21,0.02321524,21,1.0,1.0,0.5
115,75,0,1,5.807919,54,0.559082,10,0.02305764,22,1.0,1.0,0.5
115,76,0,1,13.116079,23,0.522949,39,0.0221492,24,0.75,0.5,0.2
115,55,0,1,7.685837,45,0.538574,22,0.02171893,27,1.0,1.0,0.5
115,10,0,1,7.390283,47,0.535156,25,0.0211105,29,0.75,1.0,0.2
115,1,0,1,1.931983,74,0.545898,16,0.02062058,32,0.5625,0.5,0.5
115,94,0,1,4.157181,61,0.537598,24,0.02016922,34,1.0,1.0,0.2
115,66,0,1,13.006119,24,0.492432,65,0.01990476,36,1.0,1.0,0.5
115,3,0,1,8.837971,40,0.51123,45,0.01952381,40,0.8125,1.0,0.5
115,46,0,1,3.37541,66,0.531738,29,0.01917246,42,1.0,1.0,0.2
115,50,0,1,0.0,95,0.541016,19,0.01910984,45,1.0,1.0,0.6
116,93,3,1,138.266233,1,0.717773,1,0.03278689,1,1.0,1.0,0.5
116,96,1,1,90.977514,2,0.688477,2,0.03225806,2,0.6875,0.0,0.5
116,95,2,1,71.783827,3,0.584961,7,0.03079839,3,1.0,0.5,1.0
116,58,0,1,40.816083,6,0.603516,4,0.03077652,4,1.0,0.5,0.2
116,59,0,1,52.178062,4,0.599609,6,0.03077652,5,1.0,0.5,1.0
116,94,2,1,16.685921,23,0.614746,3,0.02792121,6,1.0,0.5,0.2
116,97,1,1,46.759605,5,0.541992,20,0.02788462,7,0.5,1.0,0.5
116,90,0,1,15.658863,24,0.602539,5,0.02728938,8,1.0,0.5,0.5
116,103,0,1,29.549067,12,0.540527,22,0.02608401,9,1.0,0.5,0.5
116,64,0,1,11.510555,29,0.574219,8,0.02594184,10,0.9375,0.0,0.2
116,100,0,1,37.062784,8,0.527832,35,0.0252322,11,1.0,0.0,0.2
116,91,0,1,10.753841,31,0.55957,11,0.02507352,13,1.0,0.5,0.5
116,3,0,1,13.30928,25,0.553223,16,0.0249226,14,1.0,0.5,0.5
116,5,0,1,23.721053,15,0.53418,28,0.02469697,15,0.875,1.0,1.0
116,75,0,1,39.007658,7,0.51709,45,0.02444918,16,0.9375,0.5,0.5
116,6,0,1,7.096782,50,0.560547,10,0.02337662,22,1.0,0.5,0.5
116,1,0,1,6.299579,57,0.564941,9,0.02303976,23,0.75,1.0,0.5
116,57,0,1,34.62722,10,0.503906,55,0.02298137,24,0.625,1.0,0.5
116,35,0,1,22.418868,16,0.522949,42,0.02296182,25,0.9375,0.5,1.0
116,15,0,1,10.660506,33,0.535645,26,0.0223806,27,1.0,0.5,0.5
116,86,0,1,36.705711,9,0.490234,69,0.02224469,30,0.8125,0.5,0.6
116,10,0,1,8.816684,43,0.539551,23,0.02175693,31,0.9375,0.5,0.2
116,70,0,1,4.420382,72,0.554199,15,0.02090909,38,1.0,0.5,0.2
116,9,0,1,11.0366,30,0.5,58,0.01958569,46,0.625,1.0,0.5
117,94,3,1,142.88289,1,0.793945,1,0.03278689,1,1.0,1.0,0.2
117,7,0,1,30.548573,6,0.60498,4,0.03077652,2,0.4167,1.0,0.5
117,99,0,1,43.209347,2,0.58252,13,0.02982766,3,0.5833,1.0,0.5
117,67,1,1,28.155348,10,0.599609,7,0.02921109,4,1.0,1.0,0.5
117,63,0,1,25.29995,15,0.602539,5,0.02871795,5,0.75,1.0,0.5
117,87,0,1,26.106318,13,0.597656,8,0.02840451,6,1.0,1.0,0.5
117,93,2,1,27.313954,12,0.59082,9,0.02838164,7,0.5,0.5,0.5
117,66,1,1,24.438813,17,0.600098,6,0.02813853,8,0.75,1.0,0.5
117,96,1,1,11.465522,32,0.616211,2,0.0269986,9,1.0,0.5,0.5
117,100,0,1,29.341274,8,0.562988,23,0.02675408,10,1.0,0.5,0.2
117,50,0,1,10.716437,33,0.609863,3,0.0266257,11,1.0,1.0,0.6
117,65,1,1,42.329075,3,0.550293,37,0.02618229,12,0.1667,0.5,1.0
117,68,1,1,28.912714,9,0.560059,27,0.02598701,13,1.0,0.5,0.6
117,95,2,1,30.076653,7,0.558594,31,0.02591438,14,1.0,1.0,1.0
117,59,0,1,30.649052,5,0.556152,35,0.02591093,15,0.6667,1.0,1.0
117,97,0,1,24.242795,18,0.571777,19,0.02547874,16,0.0,0.5,0.5
117,5,0,1,18.814632,23,0.57373,15,0.02538153,17,0.0,0.5,1.0
117,1,0,1,17.051571,24,0.564941,22,0.02409988,18,0.0,0.5,0.5
117,32,0,1,8.759696,39,0.584473,12,0.0239899,19,1.0,0.5,0.6
117,71,0,1,12.361614,31,0.573242,17,0.02397602,20,0.6667,1.0,1.0
117,27,0,1,24.996281,16,0.556641,34,0.02379619,21,0.9167,1.0,0.5
117,19,0,1,14.329877,28,0.566406,21,0.02370932,22,0.8333,1.0,0.5
117,62,0,1,31.338434,4,0.51416,70,0.02331731,23,0.5,1.0,0.6
117,64,0,1,5.111869,52,0.589355,10,0.02321429,24,1.0,0.5,0.2
117,29,0,1,19.078869,22,0.558105,32,0.02306469,25,0.4167,0.5,1.0
117,2,0,1,26.011375,14,0.534668,49,0.02268783,28,0.5833,1.0,0.6
117,57,0,1,20.051247,20,0.534668,50,0.02159091,33,0.0,0.5,0.5
117,80,0,1,2.543948,70,0.572754,18,0.02051282,36,1.0,0.5,0.6
117,4,0,1,3.711823,61,0.560059,26,0.01989237,39,1.0,0.5,0.2
117,20,0,1,15.023029,26,0.491699,80,0.01877076,45,1.0,0.5,0.6
118,95,2,1,94.093749,1,0.664062,2,0.03252247,1,0.3333,0.5,1.0
118,96,3,1,79.563693,3,0.720215,1,0.03226646,2,1.0,1.0,0.5
118,93,1,1,87.497204,2,0.661133,3,0.03200205,3,0.0,0.0,0.5
118,59,0,1,61.140088,4,0.646484,4,0.03125,4,0.0,0.5,1.0
118,94,1,1,31.67562,9,0.642578,5,0.02987737,5,0.1111,0.5,0.2
118,64,0,1,35.942328,6,0.578125,13,0.02885015,6,0.6667,1.0,0.2
118,7,0,1,24.901439,15,0.599121,6,0.02848485,7,0.0,0.5,0.5
118,58,0,1,30.908886,10,0.581543,11,0.02837022,8,0.0,0.5,0.2
118,60,0,1,24.363431,17,0.586426,10,0.02727273,9,0.4444,1.0,0.5
118,91,0,1,15.352966,25,0.588379,8,0.02647059,10,0.0,0.5,0.5
118,57,0,1,38.936805,5,0.550293,34,0.02602291,11,0.0,0.0,0.5
118,70,0,1,32.550013,8,0.552246,31,0.02569489,13,0.0,0.5,0.2
118,5,0,1,20.616029,19,0.561035,21,0.02500391,14,0.0,0.0,1.0
118,63,0,1,27.807586,12,0.533691,47,0.02323468,16,0.0,0.5,0.5
118,92,0,1,3.724517,62,0.591309,7,0.02312209,17,0.7778,1.0,0.6
118,72,0,1,34.944871,7,0.5,75,0.02233278,22,0.7778,1.0,0.5
118,32,0,1,8.708186,40,0.561035,22,0.02219512,23,1.0,1.0,0.6
118,6,0,1,2.447052,76,0.586426,9,0.02184569,25,0.0,0.5,0.5
118,76,0,1,15.092788,26,0.529785,52,0.02055648,34,1.0,1.0,0.2
118,1,0,1,2.161637,82,0.564941,15,0.02037559,37,0.0,0.0,0.5
118,47,0,1,1.891841,86,0.562988,16,0.02000721,39,0.0,0.5,1.0
118,90,0,1,5.105676,56,0.556641,29,0.01985664,42,0.0,0.5,0.5
118,99,0,1,1.991576,85,0.561523,20,0.01939655,44,0.0,0.5,0.5
119,95,3,1,156.183429,1,0.723145,2,0.03252247,1,1.0,1.0,1.0
119,96,2,1,77.186056,3,0.727051,1,0.03226646,2,1.0,0.5,0.5
119,93,2,1,109.792834,2,0.714355,3,0.03200205,3,0.6923,0.5,0.5
119,94,2,1,69.81092,4,0.678711,4,0.03125,4,1.0,1.0,0.2
119,64,0,1,50.826822,5,0.618164,7,0.03030999,5,1.0,0.5,0.2
119,62,0,1,49.996805,6,0.593262,13,0.02885015,6,0.6923,1.0,0.6
119,91,0,1,31.37978,11,0.601562,10,0.02837022,7,1.0,1.0,0.5
119,58,0,1,30.305132,13,0.608398,9,0.02819138,8,0.5385,1.0,0.2
119,5,0,1,20.981049,20,0.618652,6,0.02765152,9,0.2308,0.5,1.0
119,59,0,1,29.825056,14,0.59082,15,0.02684685,10,0.8462,1.0,1.0
119,63,0,1,36.992807,8,0.573242,24,0.02661064,11,0.9231,1.0,0.5
119,29,0,1,13.763547,38,0.609863,8,0.02490996,13,0.6154,0.5,1.0
119,61,0,1,49.406286,7,0.554199,42,0.02472929,15,0.0769,0.5,0.5
119,14,0,1,10.359807,49,0.62207,5,0.02455893,16,1.0,1.0,0.6
119,23,0,1,34.992083,9,0.530273,62,0.02268947,23,1.0,1.0,1.0
119,103,0,1,33.320399,10,0.530762,61,0.02255018,24,0.6154,1.0,0.5
119,46,0,1,15.404606,35,0.563965,33,0.021279,27,0.6154,1.0,0.2
119,6,0,1,7.097415,64,0.589355,16,0.02122241,29,1.0,1.0,0.5
119,9,0,1,20.640939,21,0.515137,76,0.01969862,39,0.0,0.5,0.5
119,8,0,1,14.049593,37,0.539551,52,0.01923785,44,1.0,0.5,0.6
119,51,0,1,10.101729,52,0.556641,38,0.01913265,46,1.0,1.0,0.5
120,93,1,1,95.93603,1,0.712891,2,0.03252247,1,0.0,0.0,0.5
120,96,3,1,89.660777,2,0.733887,1,0.03252247,2,1.0,1.0,0.5
120,95,1,1,64.885409,3,0.687988,3,0.03174603,3,0.2222,0.5,1.0
120,59,0,1,49.300795,4,0.67334,4,0.03125,4,0.0,0.5,1.0
120,94,1,1,42.001252,6,0.646484,5,0.03053613,5,0.0,0.5,0.2
120,31,0,1,29.528529,11,0.634766,7,0.02900988,6,0.0,0.5,0.5
120,58,0,1,36.58425,7,0.604004,12,0.02881426,7,0.0,0.5,0.2
120,63,0,1,34.80402,9,0.601074,13,0.02819138,8,0.0,0.5,0.5
120,64,0,1,35.014532,8,0.59668,15,0.02803922,9,0.5556,1.0,0.2
120,57,0,1,45.868592,5,0.581055,21,0.02773029,10,0.0,0.0,0.5
120,97,0,1,23.716084,16,0.628418,9,0.02765065,11,0.0,0.0,0.5
120,19,0,1,18.018847,25,0.606934,11,0.02584921,13,0.0,0.5,0.5
120,7,0,1,14.658207,35,0.638672,6,0.02567783,14,0.0,0.5,0.5
120,6,0,1,12.83925,39,0.633301,8,0.02480689,16,0.0,0.5,0.5
120,69,0,1,17.791925,27,0.59082,18,0.02431477,18,0.0,0.0,0.5
120,62,0,1,30.167992,10,0.550293,41,0.0241867,20,0.0,0.5,0.6
120,5,0,1,14.946259,33,0.595215,16,0.02391058,22,0.0,0.0,1.0
120,100,0,1,4.284691,77,0.614258,10,0.02158498,24,0.3333,1.0,0.2
120,9,0,1,14.858913,34,0.547852,44,0.02025368,35,0.0,0.0,0.5
120,15,0,1,16.636323,30,0.545898,50,0.02020202,38,0.0,0.5,0.5
120,99,1,1,7.149546,63,0.580566,24,0.02003484,40,0.0,0.5,0.5
120,88,0,1,19.191079,24,0.495117,80,0.01904762,47,1.0,1.0,0.2
121,97,3,1,62.887684,2,0.697266,1,0.03252247,1,0.75,0.5,0.5
121,100,1,1,72.702623,1,0.635742,3,0.03226646,2,0.8125,0.5,0.2
121,98,3,1,26.969444,4,0.603027,10,0.02991071,3,1.0,1.0,0.6
121,99,2,1,21.72992,7,0.618164,7,0.02985075,4,1.0,1.0,0.5
121,94,1,1,18.604037,11,0.633301,4,0.02970951,5,1.0,1.0,0.2
121,59,0,1,27.822423,3,0.587891,15,0.02920635,6,1.0,1.0,1.0
121,96,1,1,14.036578,17,0.679688,2,0.02911605,7,0.4375,0.5,0.5
121,31,0,1,14.009874,18,0.630371,5,0.02820513,8,1.0,1.0,0.5
121,7,0,1,17.935945,13,0.604004,9,0.02819138,9,1.0,1.0,0.5
121,10,0,1,14.895725,16,0.586914,16,0.02631579,11,1.0,1.0,0.2
121,6,0,1,12.321139,27,0.616211,8,0.02620014,12,1.0,1.0,0.5
121,93,1,1,10.760382,31,0.619629,6,0.02614053,13,1.0,0.5,0.5
121,86,0,1,21.594985,8,0.528809,57,0.02325289,16,0.5625,1.0,0.6
121,1,0,1,10.309678,34,0.575684,20,0.0231383,18,1.0,0.5,0.5
121,57,0,1,24.606539,5,0.521484,69,0.02313655,19,0.875,0.5,0.5
121,15,0,1,11.912125,28,0.565918,25,0.02312834,20,1.0,1.0,0.5
121,8,0,1,22.251122,6,0.508301,82,0.02219377,25,0.6875,0.5,0.6
121,95,1,1,8.680889,45,0.58252,19,0.02218204,26,0.875,1.0,1.0
121,70,1,1,5.072684,66,0.597656,11,0.02202101,28,1.0,1.0,0.2
121,58,0,1,10.628094,32,0.560059,31,0.02185858,30,1.0,1.0,0.2
121,53,0,1,18.730587,10,0.500977,84,0.02123016,34,1.0,0.5,1.0
121,56,0,1,19.976751,9,0.428711,104,0.02059031,39,0.5625,0.5,0.6
121,30,0,1,5.272852,65,0.568848,23,0.02004819,45,1.0,1.0,0.5
121,82,0,1,6.199414,55,0.560547,30,0.01980676,48,1.0,1.0,0.2
121,65,0,1,6.560108,51,0.556641,38,0.01921309,50,1.0,0.5,1.0
122,97,3,1,100.225621,1,0.728027,1,0.03278689,1,0.625,0.5,0.5
122,98,3,1,65.761557,2,0.712891,2,0.03225806,2,1.0,1.0,0.6
122,100,1,1,53.566268,4,0.671387,3,0.03149802,3,0.9375,0.5,0.2
122,99,2,1,56.513228,3,0.630859,10,0.03015873,4,1.0,1.0,0.5
122,19,0,1,35.615542,9,0.664062,4,0.03011775,5,1.0,1.0,0.5
122,7,0,1,37.329166,7,0.648438,6,0.03007689,6,1.0,1.0,0.5
122,93,1,1,37.702386,6,0.635742,9,0.02964427,7,1.0,0.5,0.5
122,94,1,1,29.623808,13,0.65332,5,0.02908325,8,1.0,1.0,0.2
122,59,0,1,38.665781,5,0.606445,15,0.02871795,9,1.0,1.0,1.0
122,95,1,1,33.51846,10,0.626953,12,0.0281746,10,1.0,1.0,1.0
122,31,0,1,23.563458,17,0.64209,7,0.02791239,11,1.0,1.0,0.5
122,63,0,1,36.444957,8,0.605469,16,0.02786378,12,1.0,1.0,0.5
122,66,0,1,15.643355,26,0.602539,18,0.02444842,15,1.0,1.0,0.5
122,6,0,1,5.833061,57,0.62793,11,0.02263152,23,1.0,1.0,0.5
122,96,1,1,0.965391,92,0.639648,8,0.02128483,30,0.5625,0.5,0.5
122,2,0,1,10.244156,38,0.575195,38,0.02040816,35,1.0,1.0,0.6
122,1,0,1,2.501702,84,0.603027,17,0.01993146,38,0.875,0.5,0.5
122,9,0,1,9.134231,41,0.568359,42,0.01970491,40,0.75,0.5,0.5
122,17,0,1,8.053998,46,0.568359,43,0.0191427,43,1.0,0.5,1.0
122,10,0,1,2.504541,83,0.593262,24,0.01889777,46,1.0,1.0,0.2
122,76,0,1,11.316284,36,0.550781,61,0.01868113,49,0.4375,0.5,0.2
123,100,3,1,98.935999,1,0.75293,1,0.03278689,1,0.9,1.0,0.2
123,97,1,1,25.359004,7,0.597656,4,0.03055037,2,0.0,0.0,0.5
123,94,1,1,24.815387,8,0.595215,5,0.0300905,3,0.6,0.5,0.2
123,98,1,1,28.302648,3,0.558594,17,0.02886003,4,0.0,0.5,0.6
123,7,0,1,28.294614,4,0.558105,18,0.02844551,5,0.0,0.5,0.5
123,95,1,1,21.940746,14,0.572266,11,0.02759802,6,0.8,0.5,1.0
123,99,1,1,23.067025,11,0.56543,14,0.02759802,7,0.0,0.5,0.5
123,4,0,1,13.409673,28,0.618164,3,0.02723665,8,0.6,1.0,0.2
123,46,0,1,14.392149,25,0.580566,9,0.02625746,10,0.0,0.5,0.2
123,10,0,1,15.630346,24,0.556641,20,0.02440476,12,0.0,0.5,0.2
123,88,1,1,5.374224,63,0.621094,2,0.02425911,14,1.0,1.0,0.2
123,102,0,1,31.785028,2,0.504883,64,0.02419355,15,0.0,0.5,0.5
123,63,0,1,10.800114,38,0.56543,13,0.02390271,17,0.1,0.5,0.5
123,82,0,1,7.746398,47,0.574219,10,0.02363151,19,0.3,0.5,0.2
123,1,0,1,6.776666,55,0.583496,8,0.02340153,20,0.0,0.0,0.5
123,6,0,1,12.967088,30,0.555176,22,0.02330623,21,0.2,0.5,0.5
123,96,1,1,3.911185,77,0.592285,6,0.02245079,23,1.0,1.0,0.5
123,104,0,1,24.604685,9,0.502441,66,0.02242926,24,0.8,1.0,0.6
123,41,0,1,28.241988,5,0.45752,92,0.02196356,26,0.0,0.0,1.0
123,101,0,1,25.921981,6,0.455322,95,0.02160313,28,0.0,0.0,1.0
123,93,1,1,10.176478,42,0.547363,25,0.02156863,29,0.0,0.0,0.5
123,85,1,1,0.839939,97,0.589844,7,0.0212948,32,0.7,0.0,0.5
123,23,0,1,22.303162,13,0.485352,76,0.02105157,35,0.4,0.5,1.0
123,71,1,1,7.248396,50,0.546387,26,0.02071882,38,0.0,0.5,1.0
123,103,0,1,22.349906,12,0.466064,89,0.0206003,41,0.0,0.5,0.5
123,56,0,1,23.497314,10,0.37793,104,0.02038328,42,1.0,1.0,0.6
123,76,0,1,13.897652,26,0.497803,69,0.01937984,44,1.0,1.0,0.2
123,2,0,1,4.941529,66,0.541016,32,0.01880607,46,0.0,0.5,0.6
123,20,0,1,7.511606,49,0.520508,50,0.01826522,50,1.0,1.0,0.6
124,97,3,1,60.448877,2,0.668945,1,0.03252247,1,1.0,1.0,0.5
124,98,2,1,71.642845,1,0.619629,2,0.03252247,2,1.0,0.5,0.6
124,100,1,1,16.440543,11,0.595215,3,0.02995752,3,0.3889,0.0,0.2
124,94,1,1,23.896122,5,0.577148,11,0.02946912,4,0.5556,0.5,0.2
124,70,0,1,19.317024,7,0.57666,12,0.02881426,5,0.7778,0.5,0.2
124,15,0,1,30.104012,4,0.567871,18,0.02844551,6,0.8333,0.5,0.5
124,99,2,1,35.454546,3,0.553711,30,0.02698413,7,0.9444,0.5,0.5
124,20,0,1,10.364392,17,0.571777,14,0.02650053,8,0.3333,0.0,0.6
124,60,0,1,23.360756,6,0.554199,29,0.02638747,9,0.3889,0.0,0.5
124,104,0,1,18.734265,9,0.555664,25,0.02625746,10,0.4444,0.0,0.6
124,31,0,1,8.206331,31,0.58252,6,0.02614053,11,0.5556,0.5,0.5
124,47,0,1,8.210141,30,0.573242,13,0.02480974,14,0.8333,0.5,1.0
124,23,0,1,9.430691,20,0.558105,22,0.02469512,15,0.6667,0.5,1.0
124,96,1,1,2.256424,74,0.584473,5,0.0228473,19,0.0556,0.0,0.5
124,6,0,1,3.452754,65,0.582031,8,0.02270588,21,0.7778,0.5,0.5
124,91,0,1,18.935395,8,0.517578,72,0.02228164,22,0.7222,0.5,0.5
124,95,1,1,17.712371,10,0.522949,66,0.02222222,24,0.4444,0.5,1.0
124,45,0,1,0.0,98,0.589355,4,0.02195411,25,1.0,1.0,0.5
124,33,0,1,0.0,94,0.58252,7,0.02141888,27,1.0,1.0,0.5
124,90,0,1,16.438919,12,0.512695,75,0.0212963,28,0.8333,0.5,0.5
124,12,0,1,1.364102,88,0.578613,10,0.02104247,29,0.6111,0.0,0.5
124,24,0,1,0.0,93,0.57959,9,0.0210287,30,0.2222,0.0,0.5
124,27,0,1,4.327428,57,0.555176,26,0.02017492,35,0.7222,0.5,0.5
124,64,0,1,0.0,102,0.567871,19,0.01883107,45,0.2778,0.0,0.2
124,25,0,1,7.556878,34,0.525879,63,0.01876838,46,1.0,1.0,0.5
124,1,0,1,1.250851,90,0.557129,23,0.01871486,47,1.0,1.0,0.5
125,99,3,1,73.017403,1,0.60791,6,0.03154496,1,1.0,1.0,0.5
125,7,0,1,47.205995,2,0.597656,10,0.03041475,2,1.0,1.0,0.5
125,94,1,1,28.566683,7,0.609375,5,0.03030999,3,1.0,1.0,0.2
125,47,0,1,22.536387,11,0.614258,2,0.03021354,4,1.0,1.0,1.0
125,59,0,1,38.030968,3,0.587891,16,0.02903091,5,1.0,1.0,1.0
125,71,1,1,26.611409,9,0.59375,12,0.02838164,6,1.0,1.0,1.0
125,100,1,1,27.08265,8,0.589844,15,0.02803922,7,1.0,0.5,0.2
125,31,0,1,10.785271,30,0.613281,3,0.02698413,8,1.0,1.0,0.5
125,2,0,1,21.976892,13,0.578613,17,0.02668564,9,1.0,1.0,0.6
125,98,2,1,29.018549,6,0.567383,28,0.02651515,10,1.0,1.0,0.6
125,91,0,1,24.266231,10,0.567871,27,0.02577997,12,1.0,1.0,0.5
125,82,0,1,19.027617,18,0.578125,18,0.02564103,13,1.0,1.0,0.2
125,90,0,1,21.606823,14,0.571777,23,0.02556171,14,1.0,1.0,0.5
125,66,0,1,21.016755,15,0.574707,22,0.02552846,15,1.0,1.0,0.5
125,70,1,1,9.978668,36,0.606934,7,0.02534204,16,1.0,1.0,0.2
125,46,0,1,8.725434,43,0.613281,4,0.02533374,17,1.0,1.0,0.2
125,96,1,1,6.117776,53,0.625977,1,0.025243,18,0.6875,0.5,0.5
125,10,0,1,11.471378,26,0.590332,14,0.02514142,19,0.9375,1.0,0.2
125,6,0,1,9.751449,38,0.602051,8,0.02490996,20,1.0,1.0,0.5
125,3,0,1,9.738817,39,0.597656,9,0.02459376,22,1.0,1.0,0.5
125,5,0,1,35.964708,4,0.502441,70,0.02331731,25,0.875,0.5,1.0
125,86,0,1,22.354616,12,0.525879,56,0.02250958,27,0.8125,1.0,0.6
125,42,0,1,31.467491,5,0.458984,96,0.02179487,29,0.625,1.0,0.5
125,64,0,1,3.135329,75,0.596191,11,0.02149191,30,0.9375,0.5,0.2
125,15,0,1,5.621016,55,0.577148,20,0.02119565,31,1.0,1.0,0.5
125,26,0,1,12.328658,23,0.523438,58,0.02052277,36,1.0,1.0,0.6
126,101,3,1,125.035269,1,0.736328,1,0.03278689,1,1.0,1.0,1.0
126,102,3,1,106.468716,2,0.691895,2,0.03225806,2,1.0,0.5,0.5
126,103,2,1,80.236473,4,0.663574,3,0.03149802,3,0.9444,0.5,0.5
126,104,1,1,89.25995,3,0.658691,4,0.03149802,4,0.3333,0.0,0.6
126,89,2,1,48.235838,5,0.536621,14,0.02889813,5,1.0,1.0,1.0
126,13,0,1,15.444513,20,0.569824,7,0.02742537,6,0.9444,1.0,0.5
126,82,0,1,17.892172,16,0.548828,11,0.0272424,7,0.6111,0.5,0.2
126,41,0,1,38.126828,6,0.502441,27,0.02664577,8,0.8889,1.0,1.0
126,91,2,1,23.480125,10,0.513184,21,0.02663139,9,0.6111,0.5,0.5
126,37,0,1,14.252139,28,0.577148,6,0.02651515,10,1.0,1.0,0.5
126,86,0,1,26.263652,9,0.503906,24,0.02639752,11,0.0556,0.5,0.6
126,46,0,1,20.755058,12,0.503418,25,0.02565359,12,0.9444,0.5,0.2
126,90,2,1,13.643936,33,0.568359,8,0.02545857,13,0.7222,0.5,0.5
126,9,0,1,19.131715,15,0.501465,29,0.02456929,16,1.0,1.0,0.5
126,39,0,1,5.653633,50,0.549805,10,0.02337662,20,0.9444,0.5,0.5
126,42,0,1,31.552368,7,0.463135,61,0.02318984,21,1.0,0.5,0.5
126,20,0,1,3.977681,57,0.560059,9,0.02303976,22,0.2222,0.0,0.6
126,43,0,1,1.420364,80,0.581055,5,0.02252747,24,1.0,0.5,0.5
126,72,0,1,27.844432,8,0.385498,103,0.02084085,34,0.1111,0.0,0.5
127,101,2,1,127.577852,1,0.737305,1,0.03278689,1,0.875,0.5,1.0
127,104,1,1,82.856406,2,0.70166,2,0.03225806,2,0.75,0.5,0.6
127,102,3,1,66.533616,4,0.688477,3,0.03149802,3,1.0,1.0,0.5
127,103,3,1,68.778242,3,0.664062,4,0.03149802,4,1.0,1.0,0.5
127,90,2,1,34.827984,6,0.623047,6,0.03030303,5,1.0,1.0,0.5
127,89,2,1,28.452607,8,0.575684,11,0.02879039,6,1.0,0.5,1.0
127,92,1,1,30.174046,7,0.566406,15,0.02825871,7,0.5,0.5,0.6
127,91,2,1,24.987562,10,0.574219,12,0.0281746,8,1.0,1.0,0.5
127,37,0,1,13.641374,21,0.637207,5,0.02773029,9,0.75,0.5,0.5
127,13,0,1,47.48057,5,0.545898,26,0.02701252,10,1.0,0.5,0.5
127,17,0,1,13.603064,22,0.582031,9,0.02668788,11,1.0,0.5,1.0
127,36,0,1,23.617683,12,0.543457,27,0.02538314,12,1.0,0.5,0.5
127,20,0,1,10.616642,35,0.59375,8,0.0252322,13,0.625,0.5,0.6
127,9,0,1,15.918089,15,0.532227,36,0.02375,18,1.0,0.5,0.5
127,82,0,1,5.555208,63,0.60791,7,0.02305545,21,1.0,1.0,0.2
127,38,0,1,26.394509,9,0.490967,74,0.02195544,31,1.0,1.0,0.6
127,81,0,1,2.447809,86,0.57959,10,0.02113503,35,1.0,0.5,0.5
127,7,0,1,11.588627,31,0.526367,39,0.02109002,37,1.0,1.0,0.5
127,48,0,1,15.167051,18,0.493164,70,0.02051282,38,0.6875,0.5,0.5
127,58,0,1,10.120975,38,0.523438,41,0.02010507,41,1.0,1.0,0.2
127,4,0,1,3.788693,77,0.556641,22,0.01949439,44,0.875,0.5,0.2
128,102,3,1,107.221104,1,0.684082,1,0.03278689,1,1.0,1.0,0.5
128,101,2,1,104.387519,2,0.645508,2,0.03225806,2,0.75,0.5,1.0
128,104,1,1,78.946096,3,0.634766,3,0.03174603,3,0.875,0.5,0.6
128,103,2,1,48.39376,4,0.618164,4,0.03125,4,1.0,1.0,0.5
128,86,0,1,40.306136,7,0.594238,7,0.02985075,5,0.5625,1.0,0.6
128,13,0,1,44.046311,5,0.577637,13,0.02908325,6,1.0,0.5,0.5
128,82,0,1,20.125762,12,0.609863,6,0.0290404,7,1.0,1.0,0.2
128,45,0,1,31.31826,8,0.589844,10,0.0289916,8,1.0,0.5,0.5
128,47,0,1,22.895819,10,0.59375,8,0.0289916,9,1.0,1.0,1.0
128,37,0,1,14.252139,17,0.617676,5,0.02837163,10,0.625,0.5,0.5
128,36,0,1,19.520192,13,0.567871,15,0.02703196,11,1.0,0.5,0.5
128,90,2,1,7.188659,39,0.591797,9,0.02459376,16,1.0,1.0,0.5
128,17,0,1,11.002031,25,0.546875,20,0.02426471,17,1.0,0.5,1.0
128,41,0,1,42.407001,6,0.511719,52,0.02408009,18,0.125,0.5,1.0
128,42,0,1,29.983128,9,0.486084,71,0.02212634,25,0.875,1.0,0.5
128,5,0,1,9.554424,30,0.526367,32,0.02198068,27,1.0,0.5,1.0
128,15,0,1,2.870242,64,0.548828,17,0.02105153,32,1.0,1.0,0.5
128,9,0,1,9.87929,29,0.519043,43,0.02094469,33,0.875,0.5,0.5
128,53,0,1,16.866864,14,0.482422,76,0.02086645,34,1.0,0.5,1.0
128,29,0,1,9.405517,31,0.515137,48,0.02024827,38,1.0,0.5,1.0
129,104,3,1,146.777232,1,0.803711,1,0.03278689,1,1.0,1.0,0.6
129,102,1,1,91.041222,4,0.728027,2,0.03175403,2,0.0,0.5,0.5
129,103,1,1,99.816842,2,0.676758,4,0.03175403,3,0.25,0.5,0.5
129,101,1,1,99.641532,3,0.694824,3,0.03174603,4,0.0,0.0,1.0
129,86,0,1,37.326125,5,0.583008,11,0.02946912,5,1.0,0.5,0.6
129,91,1,1,27.257638,9,0.605957,7,0.02941813,6,0.75,0.5,0.5
129,90,1,1,20.544263,12,0.585449,9,0.02838164,7,0.5833,0.5,0.5
129,40,0,1,15.133187,19,0.608398,6,0.02780974,8,1.0,1.0,0.2
129,20,0,1,14.287257,21,0.60498,8,0.02705156,10,1.0,1.0,0.6
129,37,0,1,10.662261,26,0.618164,5,0.02701252,11,0.0,0.0,0.5
129,17,0,1,14.232872,22,0.583008,10,0.02648084,13,0.0,0.0,1.0
129,39,0,1,19.434534,14,0.548828,22,0.02570864,14,0.25,0.5,0.5
129,64,0,1,13.940603,23,0.554199,20,0.02454819,16,1.0,1.0,0.2
129,15,0,1,33.260361,6,0.497314,64,0.02321603,17,0.5833,0.5,0.5
129,72,0,1,33.100166,7,0.488281,74,0.02238806,24,1.0,1.0,0.5
129,99,0,1,30.56605,8,0.480713,82,0.02174814,26,0.4167,0.5,0.5
129,82,0,1,2.686798,63,0.568359,16,0.02128798,30,0.75,0.5,0.2
129,56,0,1,24.736495,10,0.475586,83,0.02127872,31,1.0,1.0,0.6
129,23,0,1,3.836211,50,0.533203,32,0.01996047,36,0.8333,0.5,1.0
129,12,0,1,3.615636,53,0.53125,34,0.01948786,41,0.9167,1.0,0.5
129,9,0,1,2.976374,61,0.537109,31,0.01925347,44,0.0,0.0,0.5
130,103,3,1,90.862122,1,0.703613,1,0.03278689,1,1.0,1.0,0.5
130,102,2,1,76.414998,2,0.64209,2,0.03225806,2,1.0,1.0,0.5
130,101,2,1,52.02943,3,0.640137,3,0.03174603,3,1.0,0.5,1.0
130,90,1,1,43.777984,4,0.622559,5,0.03100962,4,1.0,1.0,0.5
130,39,0,1,32.3951,7,0.623047,4,0.03055037,5,1.0,1.0,0.5
130,104,1,1,40.184752,5,0.622559,6,0.03053613,6,0.625,0.5,0.6
130,78,0,1,33.750596,6,0.576172,7,0.03007689,7,0.625,1.0,0.5
130,20,0,1,21.74757,9,0.565918,8,0.02919864,8,0.5,0.5,0.6
130,55,0,1,12.901756,17,0.547852,10,0.02727273,9,0.8125,1.0,0.5
130,37,0,1,11.147085,22,0.547363,11,0.02627963,11,0.875,0.5,0.5
130,82,0,1,7.930101,28,0.551758,9,0.02585639,13,0.9375,1.0,0.2
130,14,0,1,25.307973,8,0.487061,37,0.02501516,14,0.875,1.0,0.6
130,61,0,1,13.141928,16,0.493164,33,0.02391058,19,1.0,0.5,0.5
130,99,0,1,20.61451,10,0.476074,45,0.02380952,21,1.0,1.0,0.5
130,93,0,1,5.194989,43,0.510742,21,0.02205442,27,1.0,0.5,0.5
130,17,0,1,3.325418,56,0.507812,24,0.02052545,36,1.0,0.5,1.0
130,41,0,1,6.440409,33,0.455566,69,0.01850463,49,0.375,0.5,1.0
